route_vv,servicetypecode,sales_to_flown,trip_duration,trip_type,year,pax
CGKAMS,INT,0,0,OW,2025,9
CGKAMS,INT,0,0,OW,2026,8
CGKAMS,INT,1,0,OW,2026,7
CGKAMS,INT,2,0,OW,2025,6
CGKAMS,INT,2,0,OW,2026,2
CGKAMS,INT,3,0,OW,2025,1
CGKAMS,INT,4,0,OW,2025,3
CGKAMS,INT,4,0,OW,2026,1
CGKAMS,INT,5,0,OW,2025,7
CGKAMS,INT,5,0,OW,2026,4
CGKAMS,INT,6,0,OW,2025,4
CGKAMS,INT,6,0,OW,2026,3
CGKAMS,INT,7,0,OW,2025,14
CGKAMS,INT,7,0,OW,2026,7
CGKAMS,INT,9,0,OW,2025,4
CGKAMS,INT,9,0,OW,2026,2
CGKAMS,INT,10,0,OW,2025,9
CGKAMS,INT,11,0,OW,2025,2
CGKAMS,INT,12,0,OW,2025,6
CGKAMS,INT,13,0,OW,2025,1
CGKAMS,INT,13,0,OW,2026,2
CGKAMS,INT,14,0,OW,2025,5
CGKAMS,INT,14,0,OW,2026,2
CGKAMS,INT,15,0,OW,2025,6
CGKAMS,INT,15,0,OW,2026,5
CGKAMS,INT,16,0,OW,2026,5
CGKAMS,INT,17,0,OW,2025,7
CGKAMS,INT,17,0,OW,2026,1
CGKAMS,INT,18,0,OW,2025,2
CGKAMS,INT,18,0,OW,2026,3
CGKAMS,INT,20,0,OW,2025,5
CGKAMS,INT,20,0,OW,2026,1
CGKAMS,INT,21,0,OW,2026,3
CGKAMS,INT,22,0,OW,2025,4
CGKAMS,INT,22,0,OW,2026,4
CGKAMS,INT,23,0,OW,2025,6
CGKAMS,INT,24,0,OW,2025,1
CGKAMS,INT,24,0,OW,2026,1
CGKAMS,INT,25,0,OW,2025,8
CGKAMS,INT,26,0,OW,2025,4
CGKAMS,INT,28,0,OW,2026,4
CGKAMS,INT,29,0,OW,2025,5
CGKAMS,INT,29,0,OW,2026,1
CGKAMS,INT,30,0,OW,2025,2
CGKAMS,INT,31,0,OW,2026,1
CGKAMS,INT,34,0,OW,2025,2
CGKAMS,INT,34,0,OW,2026,4
CGKAMS,INT,36,0,OW,2025,4
CGKAMS,INT,37,0,OW,2025,1
CGKAMS,INT,39,0,OW,2026,2
CGKAMS,INT,42,0,OW,2025,1
CGKAMS,INT,43,0,OW,2025,3
CGKAMS,INT,45,0,OW,2025,4
CGKAMS,INT,47,0,OW,2025,1
CGKAMS,INT,49,0,OW,2025,1
CGKAMS,INT,49,0,OW,2026,2
CGKAMS,INT,56,0,OW,2025,5
CGKAMS,INT,57,0,OW,2025,3
CGKAMS,INT,59,0,OW,2025,4
CGKAMS,INT,59,0,OW,2026,2
CGKAMS,INT,60,0,OW,2025,1
CGKAMS,INT,64,0,OW,2025,2
CGKAMS,INT,65,0,OW,2025,1
CGKAMS,INT,66,0,OW,2026,1
CGKAMS,INT,68,0,OW,2026,2
CGKAMS,INT,70,0,OW,2026,2
CGKAMS,INT,71,0,OW,2025,3
CGKAMS,INT,75,0,OW,2025,2
CGKAMS,INT,78,0,OW,2025,1
CGKAMS,INT,79,0,OW,2025,3
CGKAMS,INT,80,0,OW,2025,3
CGKAMS,INT,81,0,OW,2026,1
CGKAMS,INT,82,0,OW,2025,2
CGKAMS,INT,86,0,OW,2025,2
CGKAMS,INT,88,0,OW,2025,1
CGKAMS,INT,94,0,OW,2026,2
CGKAMS,INT,100,0,OW,2026,3
CGKAMS,INT,123,0,OW,2026,1
CGKAMS,INT,129,0,OW,2025,2
CGKAMS,INT,157,0,OW,2025,1
CGKAMS,INT,167,0,OW,2026,3
CGKAMS,INT,169,0,OW,2025,1
CGKAMS,INT,183,0,OW,2026,1
CGKAMS,INT,201,0,OW,2025,1
CGKAMS,INT,218,0,OW,2025,4
CGKAMSCGK,INT,0,5,RT,2025,5
CGKAMSCGK,INT,0,14,RT,2025,1
CGKAMSCGK,INT,0,18,RT,2026,2
CGKAMSCGK,INT,1,5,RT,2026,1
CGKAMSCGK,INT,1,6,RT,2025,6
CGKAMSCGK,INT,2,1,RT,2025,1
CGKAMSCGK,INT,2,2,RT,2025,1
CGKAMSCGK,INT,2,3,RT,2025,1
CGKAMSCGK,INT,2,7,RT,2026,1
CGKAMSCGK,INT,2,10,RT,2026,3
CGKAMSCGK,INT,2,14,RT,2025,1
CGKAMSCGK,INT,2,18,RT,2025,4
CGKAMSCGK,INT,2,18,RT,2026,2
CGKAMSCGK,INT,3,1,RT,2025,1
CGKAMSCGK,INT,3,1,RT,2026,2
CGKAMSCGK,INT,3,3,RT,2025,1
CGKAMSCGK,INT,3,4,RT,2025,5
CGKAMSCGK,INT,3,5,RT,2025,2
CGKAMSCGK,INT,3,7,RT,2025,1
CGKAMSCGK,INT,3,14,RT,2026,1
CGKAMSCGK,INT,4,5,RT,2026,1
CGKAMSCGK,INT,4,6,RT,2025,1
CGKAMSCGK,INT,4,8,RT,2025,2
CGKAMSCGK,INT,4,12,RT,2026,1
CGKAMSCGK,INT,4,25,RT,2025,5
CGKAMSCGK,INT,5,1,RT,2025,3
CGKAMSCGK,INT,5,3,RT,2026,4
CGKAMSCGK,INT,5,4,RT,2025,1
CGKAMSCGK,INT,5,6,RT,2025,6
CGKAMSCGK,INT,5,7,RT,2025,1
CGKAMSCGK,INT,5,8,RT,2025,1
CGKAMSCGK,INT,5,8,RT,2026,2
CGKAMSCGK,INT,5,18,RT,2026,1
CGKAMSCGK,INT,6,1,RT,2026,1
CGKAMSCGK,INT,6,2,RT,2025,3
CGKAMSCGK,INT,6,3,RT,2025,6
CGKAMSCGK,INT,6,5,RT,2025,3
CGKAMSCGK,INT,6,6,RT,2026,2
CGKAMSCGK,INT,6,7,RT,2026,1
CGKAMSCGK,INT,7,1,RT,2026,1
CGKAMSCGK,INT,7,2,RT,2025,8
CGKAMSCGK,INT,7,2,RT,2026,3
CGKAMSCGK,INT,7,40,RT,2026,4
CGKAMSCGK,INT,8,1,RT,2025,6
CGKAMSCGK,INT,8,1,RT,2026,1
CGKAMSCGK,INT,8,3,RT,2025,2
CGKAMSCGK,INT,8,7,RT,2026,1
CGKAMSCGK,INT,9,1,RT,2025,1
CGKAMSCGK,INT,9,5,RT,2026,6
CGKAMSCGK,INT,9,12,RT,2025,6
CGKAMSCGK,INT,10,1,RT,2025,2
CGKAMSCGK,INT,10,8,RT,2026,1
CGKAMSCGK,INT,10,25,RT,2025,4
CGKAMSCGK,INT,11,4,RT,2026,1
CGKAMSCGK,INT,11,8,RT,2025,1
CGKAMSCGK,INT,11,40,RT,2026,1
CGKAMSCGK,INT,13,3,RT,2025,1
CGKAMSCGK,INT,14,1,RT,2025,1
CGKAMSCGK,INT,14,5,RT,2025,2
CGKAMSCGK,INT,14,14,RT,2025,2
CGKAMSCGK,INT,14,25,RT,2025,1
CGKAMSCGK,INT,15,3,RT,2025,2
CGKAMSCGK,INT,15,7,RT,2026,1
CGKAMSCGK,INT,15,10,RT,2025,1
CGKAMSCGK,INT,16,3,RT,2025,2
CGKAMSCGK,INT,17,4,RT,2025,1
CGKAMSCGK,INT,18,18,RT,2025,6
CGKAMSCGK,INT,20,1,RT,2025,1
CGKAMSCGK,INT,20,25,RT,2025,2
CGKAMSCGK,INT,21,2,RT,2025,1
CGKAMSCGK,INT,21,2,RT,2026,1
CGKAMSCGK,INT,21,3,RT,2025,1
CGKAMSCGK,INT,21,3,RT,2026,1
CGKAMSCGK,INT,21,4,RT,2025,1
CGKAMSCGK,INT,21,5,RT,2026,1
CGKAMSCGK,INT,22,2,RT,2025,1
CGKAMSCGK,INT,22,7,RT,2025,2
CGKAMSCGK,INT,22,18,RT,2026,1
CGKAMSCGK,INT,23,4,RT,2026,1
CGKAMSCGK,INT,23,5,RT,2026,1
CGKAMSCGK,INT,23,7,RT,2025,1
CGKAMSCGK,INT,23,8,RT,2025,1
CGKAMSCGK,INT,23,40,RT,2025,1
CGKAMSCGK,INT,24,3,RT,2025,2
CGKAMSCGK,INT,25,18,RT,2026,1
CGKAMSCGK,INT,26,2,RT,2026,5
CGKAMSCGK,INT,27,2,RT,2026,1
CGKAMSCGK,INT,27,25,RT,2026,2
CGKAMSCGK,INT,28,2,RT,2026,4
CGKAMSCGK,INT,28,5,RT,2026,2
CGKAMSCGK,INT,28,8,RT,2025,2
CGKAMSCGK,INT,28,40,RT,2026,2
CGKAMSCGK,INT,29,1,RT,2025,2
CGKAMSCGK,INT,29,3,RT,2025,3
CGKAMSCGK,INT,29,4,RT,2025,2
CGKAMSCGK,INT,29,6,RT,2026,4
CGKAMSCGK,INT,29,18,RT,2026,2
CGKAMSCGK,INT,29,25,RT,2025,2
CGKAMSCGK,INT,30,4,RT,2025,1
CGKAMSCGK,INT,30,6,RT,2026,2
CGKAMSCGK,INT,30,12,RT,2025,3
CGKAMSCGK,INT,33,2,RT,2025,1
CGKAMSCGK,INT,35,7,RT,2025,4
CGKAMSCGK,INT,37,4,RT,2026,6
CGKAMSCGK,INT,38,3,RT,2026,6
CGKAMSCGK,INT,40,8,RT,2025,1
CGKAMSCGK,INT,41,3,RT,2025,2
CGKAMSCGK,INT,41,3,RT,2026,4
CGKAMSCGK,INT,41,10,RT,2025,5
CGKAMSCGK,INT,43,1,RT,2025,3
CGKAMSCGK,INT,44,7,RT,2025,3
CGKAMSCGK,INT,45,10,RT,2026,6
CGKAMSCGK,INT,50,4,RT,2025,1
CGKAMSCGK,INT,51,18,RT,2025,2
CGKAMSCGK,INT,52,2,RT,2026,4
CGKAMSCGK,INT,52,3,RT,2026,2
CGKAMSCGK,INT,52,10,RT,2025,5
CGKAMSCGK,INT,53,14,RT,2026,2
CGKAMSCGK,INT,57,2,RT,2026,1
CGKAMSCGK,INT,58,3,RT,2026,4
CGKAMSCGK,INT,61,1,RT,2026,1
CGKAMSCGK,INT,62,1,RT,2026,4
CGKAMSCGK,INT,62,5,RT,2026,2
CGKAMSCGK,INT,69,1,RT,2026,2
CGKAMSCGK,INT,70,12,RT,2025,4
CGKAMSCGK,INT,70,14,RT,2025,1
CGKAMSCGK,INT,70,40,RT,2025,1
CGKAMSCGK,INT,71,2,RT,2026,2
CGKAMSCGK,INT,72,10,RT,2026,1
CGKAMSCGK,INT,73,10,RT,2025,1
CGKAMSCGK,INT,74,12,RT,2025,1
CGKAMSCGK,INT,75,1,RT,2026,2
CGKAMSCGK,INT,79,1,RT,2025,2
CGKAMSCGK,INT,80,3,RT,2026,3
CGKAMSCGK,INT,81,6,RT,2026,3
CGKAMSCGK,INT,81,18,RT,2025,3
CGKAMSCGK,INT,84,4,RT,2025,2
CGKAMSCGK,INT,85,2,RT,2025,3
CGKAMSCGK,INT,88,1,RT,2025,4
CGKAMSCGK,INT,89,14,RT,2025,3
CGKAMSCGK,INT,96,14,RT,2026,4
CGKAMSCGK,INT,99,10,RT,2025,3
CGKAMSCGK,INT,101,7,RT,2025,2
CGKAMSCGK,INT,102,12,RT,2025,2
CGKAMSCGK,INT,102,25,RT,2026,2
CGKAMSCGK,INT,104,2,RT,2026,1
CGKAMSCGK,INT,118,1,RT,2025,2
CGKAMSCGK,INT,120,2,RT,2026,1
CGKAMSCGK,INT,122,2,RT,2025,1
CGKAMSCGK,INT,123,6,RT,2026,6
CGKAMSCGK,INT,129,7,RT,2026,6
CGKAMSCGK,INT,151,4,RT,2026,1
CGKAMSCGK,INT,156,12,RT,2025,4
CGKAMSCGK,INT,164,6,RT,2025,1
CGKAMSCGK,INT,164,18,RT,2026,3
CGKAMSCGK,INT,174,6,RT,2025,1
CGKAMSCGK,INT,179,1,RT,2026,1
CGKAMSCGK,INT,197,8,RT,2025,1
CGKAMSCGK,INT,198,18,RT,2026,3
CGKAMSCGK,INT,204,14,RT,2026,6
CGKAMSCGK,INT,208,3,RT,2026,1
CGKBDJ,DOM,0,0,OW,2025,8
CGKBDJ,DOM,0,0,OW,2026,23
CGKBDJ,DOM,1,0,OW,2025,29
CGKBDJ,DOM,1,0,OW,2026,12
CGKBDJ,DOM,2,0,OW,2025,18
CGKBDJ,DOM,2,0,OW,2026,23
CGKBDJ,DOM,3,0,OW,2025,21
CGKBDJ,DOM,3,0,OW,2026,13
CGKBDJ,DOM,4,0,OW,2025,14
CGKBDJ,DOM,4,0,OW,2026,8
CGKBDJ,DOM,5,0,OW,2025,21
CGKBDJ,DOM,5,0,OW,2026,25
CGKBDJ,DOM,6,0,OW,2025,14
CGKBDJ,DOM,6,0,OW,2026,14
CGKBDJ,DOM,7,0,OW,2025,38
CGKBDJ,DOM,7,0,OW,2026,6
CGKBDJ,DOM,8,0,OW,2025,9
CGKBDJ,DOM,8,0,OW,2026,3
CGKBDJ,DOM,9,0,OW,2025,12
CGKBDJ,DOM,9,0,OW,2026,9
CGKBDJ,DOM,10,0,OW,2025,4
CGKBDJ,DOM,10,0,OW,2026,3
CGKBDJ,DOM,11,0,OW,2025,6
CGKBDJ,DOM,11,0,OW,2026,7
CGKBDJ,DOM,12,0,OW,2025,2
CGKBDJ,DOM,12,0,OW,2026,3
CGKBDJ,DOM,13,0,OW,2025,5
CGKBDJ,DOM,13,0,OW,2026,5
CGKBDJ,DOM,14,0,OW,2025,4
CGKBDJ,DOM,14,0,OW,2026,4
CGKBDJ,DOM,15,0,OW,2025,13
CGKBDJ,DOM,15,0,OW,2026,7
CGKBDJ,DOM,16,0,OW,2025,4
CGKBDJ,DOM,16,0,OW,2026,11
CGKBDJ,DOM,17,0,OW,2025,12
CGKBDJ,DOM,17,0,OW,2026,31
CGKBDJ,DOM,18,0,OW,2025,13
CGKBDJ,DOM,18,0,OW,2026,18
CGKBDJ,DOM,19,0,OW,2025,20
CGKBDJ,DOM,19,0,OW,2026,19
CGKBDJ,DOM,20,0,OW,2025,11
CGKBDJ,DOM,20,0,OW,2026,5
CGKBDJ,DOM,21,0,OW,2025,2
CGKBDJ,DOM,21,0,OW,2026,8
CGKBDJ,DOM,22,0,OW,2025,23
CGKBDJ,DOM,22,0,OW,2026,3
CGKBDJ,DOM,23,0,OW,2025,1
CGKBDJ,DOM,23,0,OW,2026,7
CGKBDJ,DOM,24,0,OW,2025,5
CGKBDJ,DOM,24,0,OW,2026,17
CGKBDJ,DOM,25,0,OW,2025,2
CGKBDJ,DOM,25,0,OW,2026,5
CGKBDJ,DOM,26,0,OW,2025,10
CGKBDJ,DOM,26,0,OW,2026,9
CGKBDJ,DOM,27,0,OW,2025,20
CGKBDJ,DOM,27,0,OW,2026,5
CGKBDJ,DOM,28,0,OW,2025,14
CGKBDJ,DOM,28,0,OW,2026,8
CGKBDJ,DOM,29,0,OW,2025,11
CGKBDJ,DOM,29,0,OW,2026,5
CGKBDJ,DOM,30,0,OW,2025,13
CGKBDJ,DOM,30,0,OW,2026,14
CGKBDJ,DOM,31,0,OW,2025,1
CGKBDJ,DOM,31,0,OW,2026,8
CGKBDJ,DOM,32,0,OW,2025,6
CGKBDJ,DOM,32,0,OW,2026,3
CGKBDJ,DOM,33,0,OW,2026,5
CGKBDJ,DOM,34,0,OW,2026,1
CGKBDJ,DOM,35,0,OW,2026,4
CGKBDJ,DOM,36,0,OW,2026,7
CGKBDJ,DOM,37,0,OW,2026,1
CGKBDJ,DOM,38,0,OW,2025,14
CGKBDJ,DOM,38,0,OW,2026,7
CGKBDJ,DOM,39,0,OW,2025,2
CGKBDJ,DOM,40,0,OW,2025,3
CGKBDJ,DOM,40,0,OW,2026,5
CGKBDJ,DOM,41,0,OW,2026,7
CGKBDJ,DOM,42,0,OW,2025,1
CGKBDJ,DOM,42,0,OW,2026,1
CGKBDJ,DOM,43,0,OW,2025,6
CGKBDJ,DOM,44,0,OW,2025,4
CGKBDJ,DOM,44,0,OW,2026,1
CGKBDJ,DOM,46,0,OW,2026,9
CGKBDJ,DOM,47,0,OW,2025,4
CGKBDJ,DOM,47,0,OW,2026,1
CGKBDJ,DOM,48,0,OW,2026,1
CGKBDJ,DOM,49,0,OW,2026,6
CGKBDJ,DOM,50,0,OW,2025,2
CGKBDJ,DOM,50,0,OW,2026,3
CGKBDJ,DOM,51,0,OW,2025,1
CGKBDJ,DOM,52,0,OW,2025,1
CGKBDJ,DOM,52,0,OW,2026,4
CGKBDJ,DOM,53,0,OW,2026,3
CGKBDJ,DOM,55,0,OW,2025,4
CGKBDJ,DOM,56,0,OW,2026,1
CGKBDJ,DOM,57,0,OW,2025,1
CGKBDJ,DOM,57,0,OW,2026,7
CGKBDJ,DOM,58,0,OW,2026,5
CGKBDJ,DOM,59,0,OW,2025,1
CGKBDJ,DOM,60,0,OW,2025,9
CGKBDJ,DOM,61,0,OW,2026,2
CGKBDJ,DOM,62,0,OW,2025,1
CGKBDJ,DOM,65,0,OW,2025,1
CGKBDJ,DOM,65,0,OW,2026,5
CGKBDJ,DOM,66,0,OW,2025,6
CGKBDJ,DOM,69,0,OW,2026,3
CGKBDJ,DOM,70,0,OW,2025,1
CGKBDJ,DOM,70,0,OW,2026,3
CGKBDJ,DOM,71,0,OW,2025,1
CGKBDJ,DOM,71,0,OW,2026,1
CGKBDJ,DOM,72,0,OW,2025,1
CGKBDJ,DOM,72,0,OW,2026,8
CGKBDJ,DOM,74,0,OW,2026,7
CGKBDJ,DOM,75,0,OW,2025,1
CGKBDJ,DOM,76,0,OW,2026,3
CGKBDJ,DOM,77,0,OW,2026,1
CGKBDJ,DOM,78,0,OW,2025,3
CGKBDJ,DOM,80,0,OW,2026,1
CGKBDJ,DOM,81,0,OW,2025,8
CGKBDJ,DOM,82,0,OW,2025,1
CGKBDJ,DOM,82,0,OW,2026,6
CGKBDJ,DOM,83,0,OW,2025,3
CGKBDJ,DOM,83,0,OW,2026,1
CGKBDJ,DOM,84,0,OW,2025,2
CGKBDJ,DOM,85,0,OW,2025,4
CGKBDJ,DOM,85,0,OW,2026,1
CGKBDJ,DOM,86,0,OW,2025,3
CGKBDJ,DOM,86,0,OW,2026,6
CGKBDJ,DOM,87,0,OW,2026,5
CGKBDJ,DOM,88,0,OW,2026,3
CGKBDJ,DOM,89,0,OW,2025,2
CGKBDJ,DOM,90,0,OW,2025,6
CGKBDJ,DOM,91,0,OW,2026,1
CGKBDJ,DOM,92,0,OW,2026,3
CGKBDJ,DOM,97,0,OW,2026,2
CGKBDJ,DOM,99,0,OW,2025,2
CGKBDJ,DOM,101,0,OW,2026,1
CGKBDJ,DOM,102,0,OW,2026,1
CGKBDJ,DOM,103,0,OW,2025,2
CGKBDJ,DOM,107,0,OW,2026,1
CGKBDJ,DOM,109,0,OW,2025,5
CGKBDJ,DOM,113,0,OW,2026,1
CGKBDJ,DOM,114,0,OW,2026,10
CGKBDJ,DOM,123,0,OW,2026,1
CGKBDJ,DOM,129,0,OW,2026,2
CGKBDJ,DOM,133,0,OW,2026,3
CGKBDJ,DOM,138,0,OW,2025,2
CGKBDJ,DOM,143,0,OW,2026,2
CGKBDJ,DOM,144,0,OW,2026,4
CGKBDJ,DOM,146,0,OW,2025,2
CGKBDJ,DOM,156,0,OW,2026,2
CGKBDJ,DOM,160,0,OW,2025,1
CGKBDJ,DOM,160,0,OW,2026,3
CGKBDJ,DOM,161,0,OW,2026,4
CGKBDJ,DOM,162,0,OW,2026,5
CGKBDJ,DOM,165,0,OW,2025,1
CGKBDJ,DOM,165,0,OW,2026,2
CGKBDJ,DOM,166,0,OW,2025,1
CGKBDJ,DOM,169,0,OW,2025,3
CGKBDJ,DOM,169,0,OW,2026,3
CGKBDJ,DOM,170,0,OW,2025,1
CGKBDJ,DOM,170,0,OW,2026,3
CGKBDJ,DOM,174,0,OW,2025,4
CGKBDJ,DOM,175,0,OW,2025,4
CGKBDJ,DOM,178,0,OW,2026,4
CGKBDJ,DOM,181,0,OW,2025,3
CGKBDJ,DOM,182,0,OW,2025,3
CGKBDJ,DOM,184,0,OW,2026,1
CGKBDJ,DOM,185,0,OW,2026,2
CGKBDJ,DOM,191,0,OW,2025,4
CGKBDJ,DOM,191,0,OW,2026,1
CGKBDJ,DOM,193,0,OW,2025,3
CGKBDJ,DOM,198,0,OW,2025,4
CGKBDJ,DOM,200,0,OW,2026,3
CGKBDJ,DOM,201,0,OW,2026,3
CGKBDJ,DOM,203,0,OW,2025,5
CGKBDJ,DOM,208,0,OW,2026,5
CGKBDJ,DOM,219,0,OW,2026,1
CGKBDJCGK,DOM,0,2,RT,2025,5
CGKBDJCGK,DOM,0,3,RT,2026,1
CGKBDJCGK,DOM,0,5,RT,2025,1
CGKBDJCGK,DOM,0,6,RT,2025,6
CGKBDJCGK,DOM,0,7,RT,2026,1
CGKBDJCGK,DOM,0,8,RT,2026,6
CGKBDJCGK,DOM,0,10,RT,2026,6
CGKBDJCGK,DOM,0,14,RT,2025,2
CGKBDJCGK,DOM,0,18,RT,2026,1
CGKBDJCGK,DOM,0,25,RT,2025,2
CGKBDJCGK,DOM,0,25,RT,2026,1
CGKBDJCGK,DOM,1,1,RT,2025,4
CGKBDJCGK,DOM,1,2,RT,2025,5
CGKBDJCGK,DOM,1,3,RT,2026,2
CGKBDJCGK,DOM,1,5,RT,2025,1
CGKBDJCGK,DOM,1,6,RT,2025,6
CGKBDJCGK,DOM,1,6,RT,2026,1
CGKBDJCGK,DOM,1,10,RT,2025,2
CGKBDJCGK,DOM,1,12,RT,2025,2
CGKBDJCGK,DOM,1,12,RT,2026,1
CGKBDJCGK,DOM,1,14,RT,2026,2
CGKBDJCGK,DOM,1,25,RT,2025,1
CGKBDJCGK,DOM,1,40,RT,2025,2
CGKBDJCGK,DOM,2,1,RT,2025,2
CGKBDJCGK,DOM,2,1,RT,2026,8
CGKBDJCGK,DOM,2,2,RT,2026,4
CGKBDJCGK,DOM,2,3,RT,2025,1
CGKBDJCGK,DOM,2,3,RT,2026,2
CGKBDJCGK,DOM,2,4,RT,2025,5
CGKBDJCGK,DOM,2,5,RT,2025,3
CGKBDJCGK,DOM,2,6,RT,2025,8
CGKBDJCGK,DOM,2,7,RT,2025,12
CGKBDJCGK,DOM,2,7,RT,2026,4
CGKBDJCGK,DOM,2,8,RT,2025,2
CGKBDJCGK,DOM,2,10,RT,2026,2
CGKBDJCGK,DOM,2,14,RT,2025,1
CGKBDJCGK,DOM,2,25,RT,2026,3
CGKBDJCGK,DOM,2,40,RT,2025,3
CGKBDJCGK,DOM,2,40,RT,2026,1
CGKBDJCGK,DOM,3,1,RT,2026,5
CGKBDJCGK,DOM,3,2,RT,2025,10
CGKBDJCGK,DOM,3,2,RT,2026,7
CGKBDJCGK,DOM,3,3,RT,2025,8
CGKBDJCGK,DOM,3,5,RT,2025,7
CGKBDJCGK,DOM,3,6,RT,2025,10
CGKBDJCGK,DOM,3,10,RT,2025,4
CGKBDJCGK,DOM,3,12,RT,2025,1
CGKBDJCGK,DOM,3,12,RT,2026,1
CGKBDJCGK,DOM,3,14,RT,2025,5
CGKBDJCGK,DOM,3,25,RT,2025,1
CGKBDJCGK,DOM,4,2,RT,2025,4
CGKBDJCGK,DOM,4,2,RT,2026,3
CGKBDJCGK,DOM,4,3,RT,2025,9
CGKBDJCGK,DOM,4,3,RT,2026,4
CGKBDJCGK,DOM,4,6,RT,2025,3
CGKBDJCGK,DOM,4,7,RT,2025,1
CGKBDJCGK,DOM,4,7,RT,2026,1
CGKBDJCGK,DOM,4,8,RT,2025,1
CGKBDJCGK,DOM,4,12,RT,2025,6
CGKBDJCGK,DOM,4,14,RT,2025,2
CGKBDJCGK,DOM,4,18,RT,2025,2
CGKBDJCGK,DOM,4,25,RT,2025,1
CGKBDJCGK,DOM,4,25,RT,2026,1
CGKBDJCGK,DOM,4,40,RT,2025,5
CGKBDJCGK,DOM,5,2,RT,2025,2
CGKBDJCGK,DOM,5,2,RT,2026,2
CGKBDJCGK,DOM,5,3,RT,2025,10
CGKBDJCGK,DOM,5,4,RT,2025,2
CGKBDJCGK,DOM,5,6,RT,2025,2
CGKBDJCGK,DOM,5,7,RT,2025,1
CGKBDJCGK,DOM,5,25,RT,2026,1
CGKBDJCGK,DOM,5,40,RT,2025,1
CGKBDJCGK,DOM,6,1,RT,2025,6
CGKBDJCGK,DOM,6,1,RT,2026,1
CGKBDJCGK,DOM,6,2,RT,2025,8
CGKBDJCGK,DOM,6,3,RT,2025,4
CGKBDJCGK,DOM,6,3,RT,2026,1
CGKBDJCGK,DOM,6,4,RT,2025,1
CGKBDJCGK,DOM,6,4,RT,2026,2
CGKBDJCGK,DOM,6,5,RT,2025,5
CGKBDJCGK,DOM,6,6,RT,2026,4
CGKBDJCGK,DOM,6,7,RT,2025,2
CGKBDJCGK,DOM,6,7,RT,2026,6
CGKBDJCGK,DOM,6,10,RT,2026,1
CGKBDJCGK,DOM,6,12,RT,2025,1
CGKBDJCGK,DOM,6,14,RT,2025,2
CGKBDJCGK,DOM,6,18,RT,2026,2
CGKBDJCGK,DOM,6,40,RT,2025,4
CGKBDJCGK,DOM,6,40,RT,2026,11
CGKBDJCGK,DOM,7,1,RT,2025,4
CGKBDJCGK,DOM,7,2,RT,2025,4
CGKBDJCGK,DOM,7,5,RT,2025,2
CGKBDJCGK,DOM,7,6,RT,2026,6
CGKBDJCGK,DOM,7,10,RT,2026,1
CGKBDJCGK,DOM,8,1,RT,2025,4
CGKBDJCGK,DOM,8,1,RT,2026,2
CGKBDJCGK,DOM,8,4,RT,2025,1
CGKBDJCGK,DOM,9,1,RT,2026,4
CGKBDJCGK,DOM,9,2,RT,2025,2
CGKBDJCGK,DOM,9,3,RT,2026,1
CGKBDJCGK,DOM,9,7,RT,2025,1
CGKBDJCGK,DOM,9,12,RT,2026,1
CGKBDJCGK,DOM,9,14,RT,2026,3
CGKBDJCGK,DOM,9,25,RT,2025,1
CGKBDJCGK,DOM,10,2,RT,2025,4
CGKBDJCGK,DOM,10,2,RT,2026,4
CGKBDJCGK,DOM,10,5,RT,2026,4
CGKBDJCGK,DOM,10,7,RT,2025,5
CGKBDJCGK,DOM,10,18,RT,2026,2
CGKBDJCGK,DOM,11,2,RT,2025,4
CGKBDJCGK,DOM,11,2,RT,2026,5
CGKBDJCGK,DOM,11,4,RT,2026,3
CGKBDJCGK,DOM,11,6,RT,2025,1
CGKBDJCGK,DOM,11,7,RT,2025,1
CGKBDJCGK,DOM,11,8,RT,2025,1
CGKBDJCGK,DOM,11,10,RT,2025,3
CGKBDJCGK,DOM,11,25,RT,2025,4
CGKBDJCGK,DOM,12,3,RT,2026,2
CGKBDJCGK,DOM,12,4,RT,2026,3
CGKBDJCGK,DOM,12,5,RT,2025,1
CGKBDJCGK,DOM,12,5,RT,2026,2
CGKBDJCGK,DOM,12,6,RT,2025,1
CGKBDJCGK,DOM,12,6,RT,2026,2
CGKBDJCGK,DOM,12,10,RT,2025,2
CGKBDJCGK,DOM,12,12,RT,2026,6
CGKBDJCGK,DOM,12,14,RT,2026,8
CGKBDJCGK,DOM,12,25,RT,2026,1
CGKBDJCGK,DOM,12,40,RT,2025,3
CGKBDJCGK,DOM,12,40,RT,2026,1
CGKBDJCGK,DOM,13,1,RT,2025,1
CGKBDJCGK,DOM,13,1,RT,2026,3
CGKBDJCGK,DOM,13,3,RT,2025,2
CGKBDJCGK,DOM,13,3,RT,2026,3
CGKBDJCGK,DOM,13,7,RT,2026,6
CGKBDJCGK,DOM,13,10,RT,2025,1
CGKBDJCGK,DOM,13,14,RT,2026,2
CGKBDJCGK,DOM,13,25,RT,2026,5
CGKBDJCGK,DOM,13,40,RT,2026,2
CGKBDJCGK,DOM,14,2,RT,2026,6
CGKBDJCGK,DOM,14,4,RT,2025,4
CGKBDJCGK,DOM,14,6,RT,2026,3
CGKBDJCGK,DOM,14,10,RT,2025,1
CGKBDJCGK,DOM,14,12,RT,2025,5
CGKBDJCGK,DOM,14,14,RT,2025,5
CGKBDJCGK,DOM,15,2,RT,2025,1
CGKBDJCGK,DOM,15,3,RT,2026,1
CGKBDJCGK,DOM,15,4,RT,2025,2
CGKBDJCGK,DOM,15,6,RT,2025,1
CGKBDJCGK,DOM,15,12,RT,2025,2
CGKBDJCGK,DOM,15,18,RT,2025,2
CGKBDJCGK,DOM,15,18,RT,2026,1
CGKBDJCGK,DOM,16,2,RT,2025,3
CGKBDJCGK,DOM,16,3,RT,2026,7
CGKBDJCGK,DOM,16,4,RT,2025,8
CGKBDJCGK,DOM,16,5,RT,2025,4
CGKBDJCGK,DOM,16,5,RT,2026,1
CGKBDJCGK,DOM,16,7,RT,2025,2
CGKBDJCGK,DOM,16,10,RT,2025,1
CGKBDJCGK,DOM,17,2,RT,2025,4
CGKBDJCGK,DOM,17,2,RT,2026,1
CGKBDJCGK,DOM,17,3,RT,2026,6
CGKBDJCGK,DOM,17,4,RT,2026,4
CGKBDJCGK,DOM,17,6,RT,2026,2
CGKBDJCGK,DOM,17,7,RT,2025,3
CGKBDJCGK,DOM,17,25,RT,2025,3
CGKBDJCGK,DOM,17,25,RT,2026,2
CGKBDJCGK,DOM,17,40,RT,2026,5
CGKBDJCGK,DOM,18,1,RT,2026,4
CGKBDJCGK,DOM,18,3,RT,2026,3
CGKBDJCGK,DOM,18,5,RT,2025,4
CGKBDJCGK,DOM,18,6,RT,2025,1
CGKBDJCGK,DOM,18,6,RT,2026,1
CGKBDJCGK,DOM,18,7,RT,2026,4
CGKBDJCGK,DOM,18,8,RT,2026,1
CGKBDJCGK,DOM,18,10,RT,2025,1
CGKBDJCGK,DOM,18,12,RT,2025,4
CGKBDJCGK,DOM,18,40,RT,2025,5
CGKBDJCGK,DOM,19,3,RT,2025,4
CGKBDJCGK,DOM,19,7,RT,2025,1
CGKBDJCGK,DOM,19,7,RT,2026,2
CGKBDJCGK,DOM,19,12,RT,2025,1
CGKBDJCGK,DOM,19,25,RT,2025,1
CGKBDJCGK,DOM,19,40,RT,2026,7
CGKBDJCGK,DOM,20,1,RT,2026,1
CGKBDJCGK,DOM,20,3,RT,2025,10
CGKBDJCGK,DOM,20,8,RT,2025,1
CGKBDJCGK,DOM,20,14,RT,2026,1
CGKBDJCGK,DOM,20,18,RT,2025,2
CGKBDJCGK,DOM,20,25,RT,2026,2
CGKBDJCGK,DOM,21,1,RT,2025,4
CGKBDJCGK,DOM,21,2,RT,2025,1
CGKBDJCGK,DOM,21,3,RT,2025,1
CGKBDJCGK,DOM,21,3,RT,2026,1
CGKBDJCGK,DOM,21,4,RT,2025,2
CGKBDJCGK,DOM,21,6,RT,2026,2
CGKBDJCGK,DOM,21,12,RT,2026,1
CGKBDJCGK,DOM,21,14,RT,2025,2
CGKBDJCGK,DOM,22,1,RT,2025,6
CGKBDJCGK,DOM,22,1,RT,2026,1
CGKBDJCGK,DOM,22,2,RT,2025,4
CGKBDJCGK,DOM,22,2,RT,2026,2
CGKBDJCGK,DOM,22,3,RT,2025,3
CGKBDJCGK,DOM,22,5,RT,2026,1
CGKBDJCGK,DOM,22,7,RT,2025,2
CGKBDJCGK,DOM,22,7,RT,2026,1
CGKBDJCGK,DOM,22,8,RT,2025,4
CGKBDJCGK,DOM,22,10,RT,2026,2
CGKBDJCGK,DOM,22,14,RT,2026,4
CGKBDJCGK,DOM,22,18,RT,2026,2
CGKBDJCGK,DOM,22,25,RT,2025,2
CGKBDJCGK,DOM,23,2,RT,2025,5
CGKBDJCGK,DOM,23,2,RT,2026,1
CGKBDJCGK,DOM,23,4,RT,2025,2
CGKBDJCGK,DOM,23,5,RT,2026,2
CGKBDJCGK,DOM,23,14,RT,2025,7
CGKBDJCGK,DOM,23,25,RT,2025,4
CGKBDJCGK,DOM,23,40,RT,2026,3
CGKBDJCGK,DOM,24,3,RT,2025,3
CGKBDJCGK,DOM,24,5,RT,2026,1
CGKBDJCGK,DOM,24,7,RT,2026,4
CGKBDJCGK,DOM,24,12,RT,2025,1
CGKBDJCGK,DOM,25,1,RT,2025,1
CGKBDJCGK,DOM,25,2,RT,2026,4
CGKBDJCGK,DOM,25,3,RT,2026,4
CGKBDJCGK,DOM,25,4,RT,2026,2
CGKBDJCGK,DOM,25,6,RT,2025,3
CGKBDJCGK,DOM,25,12,RT,2026,1
CGKBDJCGK,DOM,25,40,RT,2025,2
CGKBDJCGK,DOM,25,40,RT,2026,5
CGKBDJCGK,DOM,26,1,RT,2025,4
CGKBDJCGK,DOM,26,1,RT,2026,1
CGKBDJCGK,DOM,26,3,RT,2025,3
CGKBDJCGK,DOM,26,7,RT,2026,3
CGKBDJCGK,DOM,26,8,RT,2025,1
CGKBDJCGK,DOM,26,10,RT,2026,1
CGKBDJCGK,DOM,26,40,RT,2026,3
CGKBDJCGK,DOM,27,1,RT,2025,2
CGKBDJCGK,DOM,27,3,RT,2025,9
CGKBDJCGK,DOM,27,8,RT,2025,3
CGKBDJCGK,DOM,27,10,RT,2026,1
CGKBDJCGK,DOM,27,14,RT,2025,3
CGKBDJCGK,DOM,27,18,RT,2025,3
CGKBDJCGK,DOM,28,2,RT,2025,2
CGKBDJCGK,DOM,28,4,RT,2025,3
CGKBDJCGK,DOM,28,8,RT,2026,4
CGKBDJCGK,DOM,28,18,RT,2025,1
CGKBDJCGK,DOM,28,18,RT,2026,4
CGKBDJCGK,DOM,28,40,RT,2025,1
CGKBDJCGK,DOM,29,1,RT,2025,1
CGKBDJCGK,DOM,29,2,RT,2025,1
CGKBDJCGK,DOM,29,4,RT,2025,1
CGKBDJCGK,DOM,29,4,RT,2026,1
CGKBDJCGK,DOM,29,7,RT,2025,1
CGKBDJCGK,DOM,29,8,RT,2026,1
CGKBDJCGK,DOM,29,40,RT,2025,4
CGKBDJCGK,DOM,30,1,RT,2025,1
CGKBDJCGK,DOM,30,1,RT,2026,2
CGKBDJCGK,DOM,30,6,RT,2026,5
CGKBDJCGK,DOM,30,14,RT,2025,6
CGKBDJCGK,DOM,30,25,RT,2026,3
CGKBDJCGK,DOM,31,4,RT,2026,2
CGKBDJCGK,DOM,31,6,RT,2026,1
CGKBDJCGK,DOM,32,3,RT,2025,3
CGKBDJCGK,DOM,33,1,RT,2025,1
CGKBDJCGK,DOM,35,6,RT,2025,1
CGKBDJCGK,DOM,35,18,RT,2026,1
CGKBDJCGK,DOM,36,4,RT,2026,5
CGKBDJCGK,DOM,36,12,RT,2025,1
CGKBDJCGK,DOM,37,3,RT,2025,1
CGKBDJCGK,DOM,37,3,RT,2026,4
CGKBDJCGK,DOM,37,5,RT,2026,6
CGKBDJCGK,DOM,37,6,RT,2025,3
CGKBDJCGK,DOM,37,7,RT,2026,2
CGKBDJCGK,DOM,38,2,RT,2025,3
CGKBDJCGK,DOM,38,4,RT,2026,1
CGKBDJCGK,DOM,38,12,RT,2025,2
CGKBDJCGK,DOM,39,1,RT,2026,1
CGKBDJCGK,DOM,39,4,RT,2026,1
CGKBDJCGK,DOM,39,12,RT,2026,3
CGKBDJCGK,DOM,40,3,RT,2026,1
CGKBDJCGK,DOM,40,25,RT,2026,1
CGKBDJCGK,DOM,41,1,RT,2026,1
CGKBDJCGK,DOM,41,12,RT,2026,2
CGKBDJCGK,DOM,41,25,RT,2025,1
CGKBDJCGK,DOM,42,6,RT,2025,2
CGKBDJCGK,DOM,42,10,RT,2026,1
CGKBDJCGK,DOM,42,12,RT,2026,1
CGKBDJCGK,DOM,43,2,RT,2025,3
CGKBDJCGK,DOM,43,8,RT,2025,2
CGKBDJCGK,DOM,44,3,RT,2026,1
CGKBDJCGK,DOM,44,8,RT,2026,1
CGKBDJCGK,DOM,44,18,RT,2025,1
CGKBDJCGK,DOM,44,18,RT,2026,3
CGKBDJCGK,DOM,45,1,RT,2025,4
CGKBDJCGK,DOM,45,10,RT,2026,1
CGKBDJCGK,DOM,46,1,RT,2026,1
CGKBDJCGK,DOM,46,2,RT,2026,2
CGKBDJCGK,DOM,46,12,RT,2025,6
CGKBDJCGK,DOM,46,25,RT,2026,2
CGKBDJCGK,DOM,47,1,RT,2026,1
CGKBDJCGK,DOM,47,12,RT,2025,1
CGKBDJCGK,DOM,48,12,RT,2026,6
CGKBDJCGK,DOM,49,3,RT,2026,1
CGKBDJCGK,DOM,51,6,RT,2025,1
CGKBDJCGK,DOM,52,1,RT,2026,6
CGKBDJCGK,DOM,52,3,RT,2025,3
CGKBDJCGK,DOM,53,1,RT,2025,1
CGKBDJCGK,DOM,53,40,RT,2025,2
CGKBDJCGK,DOM,54,8,RT,2026,6
CGKBDJCGK,DOM,54,12,RT,2026,1
CGKBDJCGK,DOM,54,25,RT,2025,1
CGKBDJCGK,DOM,55,10,RT,2026,1
CGKBDJCGK,DOM,56,2,RT,2025,2
CGKBDJCGK,DOM,56,3,RT,2026,2
CGKBDJCGK,DOM,56,14,RT,2026,2
CGKBDJCGK,DOM,56,40,RT,2026,2
CGKBDJCGK,DOM,57,3,RT,2025,4
CGKBDJCGK,DOM,57,5,RT,2025,1
CGKBDJCGK,DOM,57,8,RT,2026,3
CGKBDJCGK,DOM,57,14,RT,2026,1
CGKBDJCGK,DOM,58,3,RT,2025,1
CGKBDJCGK,DOM,58,3,RT,2026,3
CGKBDJCGK,DOM,58,10,RT,2025,4
CGKBDJCGK,DOM,59,10,RT,2026,1
CGKBDJCGK,DOM,59,18,RT,2026,1
CGKBDJCGK,DOM,62,25,RT,2025,2
CGKBDJCGK,DOM,62,25,RT,2026,1
CGKBDJCGK,DOM,63,1,RT,2026,3
CGKBDJCGK,DOM,63,4,RT,2026,5
CGKBDJCGK,DOM,64,40,RT,2025,1
CGKBDJCGK,DOM,66,12,RT,2025,3
CGKBDJCGK,DOM,68,10,RT,2025,4
CGKBDJCGK,DOM,68,10,RT,2026,3
CGKBDJCGK,DOM,69,2,RT,2025,2
CGKBDJCGK,DOM,69,6,RT,2025,2
CGKBDJCGK,DOM,69,18,RT,2026,1
CGKBDJCGK,DOM,70,1,RT,2025,2
CGKBDJCGK,DOM,70,7,RT,2026,2
CGKBDJCGK,DOM,71,12,RT,2025,2
CGKBDJCGK,DOM,71,18,RT,2025,1
CGKBDJCGK,DOM,73,40,RT,2026,5
CGKBDJCGK,DOM,74,12,RT,2025,5
CGKBDJCGK,DOM,74,14,RT,2026,1
CGKBDJCGK,DOM,76,2,RT,2026,6
CGKBDJCGK,DOM,76,7,RT,2025,1
CGKBDJCGK,DOM,77,12,RT,2025,2
CGKBDJCGK,DOM,78,5,RT,2025,2
CGKBDJCGK,DOM,78,25,RT,2025,4
CGKBDJCGK,DOM,80,1,RT,2026,2
CGKBDJCGK,DOM,80,10,RT,2025,1
CGKBDJCGK,DOM,82,8,RT,2025,1
CGKBDJCGK,DOM,83,3,RT,2026,1
CGKBDJCGK,DOM,84,12,RT,2026,5
CGKBDJCGK,DOM,86,1,RT,2026,1
CGKBDJCGK,DOM,86,3,RT,2026,1
CGKBDJCGK,DOM,87,1,RT,2026,1
CGKBDJCGK,DOM,88,12,RT,2025,1
CGKBDJCGK,DOM,88,14,RT,2025,1
CGKBDJCGK,DOM,90,2,RT,2026,1
CGKBDJCGK,DOM,90,3,RT,2026,4
CGKBDJCGK,DOM,90,4,RT,2025,4
CGKBDJCGK,DOM,90,4,RT,2026,1
CGKBDJCGK,DOM,92,14,RT,2026,6
CGKBDJCGK,DOM,93,3,RT,2026,6
CGKBDJCGK,DOM,98,12,RT,2025,1
CGKBDJCGK,DOM,102,40,RT,2025,2
CGKBDJCGK,DOM,103,7,RT,2026,2
CGKBDJCGK,DOM,107,14,RT,2025,1
CGKBDJCGK,DOM,112,3,RT,2026,4
CGKBDJCGK,DOM,112,14,RT,2025,1
CGKBDJCGK,DOM,116,5,RT,2026,1
CGKBDJCGK,DOM,120,3,RT,2025,3
CGKBDJCGK,DOM,120,6,RT,2026,2
CGKBDJCGK,DOM,120,25,RT,2025,2
CGKBDJCGK,DOM,122,4,RT,2026,2
CGKBDJCGK,DOM,124,2,RT,2025,6
CGKBDJCGK,DOM,124,40,RT,2025,5
CGKBDJCGK,DOM,125,3,RT,2026,2
CGKBDJCGK,DOM,129,1,RT,2025,1
CGKBDJCGK,DOM,129,25,RT,2025,3
CGKBDJCGK,DOM,131,3,RT,2026,4
CGKBDJCGK,DOM,133,40,RT,2026,2
CGKBDJCGK,DOM,134,3,RT,2025,3
CGKBDJCGK,DOM,135,10,RT,2026,3
CGKBDJCGK,DOM,139,1,RT,2026,1
CGKBDJCGK,DOM,142,1,RT,2025,1
CGKBDJCGK,DOM,144,6,RT,2025,2
CGKBDJCGK,DOM,146,2,RT,2026,4
CGKBDJCGK,DOM,150,12,RT,2025,4
CGKBDJCGK,DOM,151,6,RT,2025,6
CGKBDJCGK,DOM,151,40,RT,2025,2
CGKBDJCGK,DOM,152,40,RT,2026,1
CGKBDJCGK,DOM,158,3,RT,2025,1
CGKBDJCGK,DOM,160,3,RT,2025,5
CGKBDJCGK,DOM,161,25,RT,2025,1
CGKBDJCGK,DOM,170,7,RT,2025,3
CGKBDJCGK,DOM,179,3,RT,2026,4
CGKBDJCGK,DOM,189,25,RT,2025,3
CGKBDJCGK,DOM,191,40,RT,2026,1
CGKBDJCGK,DOM,192,4,RT,2025,3
CGKBDJCGK,DOM,194,14,RT,2025,1
CGKBDJCGK,DOM,199,25,RT,2026,4
CGKBDJCGK,DOM,202,5,RT,2025,3
CGKBDJCGK,DOM,206,7,RT,2025,1
CGKBDJCGK,DOM,208,5,RT,2025,1
CGKBDJCGK,DOM,209,2,RT,2026,1
CGKBDJCGK,DOM,209,7,RT,2026,6
CGKBDJCGK,DOM,211,12,RT,2025,1
CGKBDJCGK,DOM,212,3,RT,2025,3
CGKBDJCGK,DOM,212,8,RT,2025,2
CGKBDJCGK,DOM,218,6,RT,2025,1
CGKBKK,INT,0,0,OW,2025,8
CGKBKK,INT,0,0,OW,2026,14
CGKBKK,INT,1,0,OW,2025,15
CGKBKK,INT,1,0,OW,2026,10
CGKBKK,INT,2,0,OW,2025,27
CGKBKK,INT,2,0,OW,2026,5
CGKBKK,INT,3,0,OW,2025,13
CGKBKK,INT,3,0,OW,2026,5
CGKBKK,INT,4,0,OW,2025,9
CGKBKK,INT,4,0,OW,2026,3
CGKBKK,INT,5,0,OW,2025,14
CGKBKK,INT,5,0,OW,2026,15
CGKBKK,INT,6,0,OW,2025,21
CGKBKK,INT,6,0,OW,2026,13
CGKBKK,INT,7,0,OW,2025,6
CGKBKK,INT,7,0,OW,2026,1
CGKBKK,INT,8,0,OW,2025,6
CGKBKK,INT,8,0,OW,2026,9
CGKBKK,INT,9,0,OW,2025,10
CGKBKK,INT,9,0,OW,2026,9
CGKBKK,INT,10,0,OW,2025,7
CGKBKK,INT,10,0,OW,2026,10
CGKBKK,INT,11,0,OW,2025,3
CGKBKK,INT,11,0,OW,2026,13
CGKBKK,INT,12,0,OW,2025,10
CGKBKK,INT,12,0,OW,2026,2
CGKBKK,INT,13,0,OW,2025,4
CGKBKK,INT,13,0,OW,2026,16
CGKBKK,INT,14,0,OW,2025,10
CGKBKK,INT,14,0,OW,2026,3
CGKBKK,INT,15,0,OW,2025,7
CGKBKK,INT,15,0,OW,2026,6
CGKBKK,INT,16,0,OW,2025,2
CGKBKK,INT,16,0,OW,2026,10
CGKBKK,INT,17,0,OW,2025,1
CGKBKK,INT,17,0,OW,2026,8
CGKBKK,INT,18,0,OW,2025,8
CGKBKK,INT,18,0,OW,2026,6
CGKBKK,INT,19,0,OW,2025,4
CGKBKK,INT,19,0,OW,2026,13
CGKBKK,INT,20,0,OW,2025,10
CGKBKK,INT,20,0,OW,2026,4
CGKBKK,INT,22,0,OW,2025,7
CGKBKK,INT,22,0,OW,2026,4
CGKBKK,INT,23,0,OW,2025,8
CGKBKK,INT,23,0,OW,2026,8
CGKBKK,INT,24,0,OW,2025,9
CGKBKK,INT,24,0,OW,2026,9
CGKBKK,INT,25,0,OW,2026,1
CGKBKK,INT,26,0,OW,2025,4
CGKBKK,INT,26,0,OW,2026,1
CGKBKK,INT,27,0,OW,2025,6
CGKBKK,INT,27,0,OW,2026,6
CGKBKK,INT,28,0,OW,2025,10
CGKBKK,INT,28,0,OW,2026,3
CGKBKK,INT,29,0,OW,2025,1
CGKBKK,INT,29,0,OW,2026,8
CGKBKK,INT,30,0,OW,2025,5
CGKBKK,INT,30,0,OW,2026,7
CGKBKK,INT,32,0,OW,2025,1
CGKBKK,INT,34,0,OW,2025,4
CGKBKK,INT,34,0,OW,2026,7
CGKBKK,INT,36,0,OW,2025,4
CGKBKK,INT,36,0,OW,2026,4
CGKBKK,INT,37,0,OW,2025,7
CGKBKK,INT,38,0,OW,2025,6
CGKBKK,INT,40,0,OW,2025,3
CGKBKK,INT,40,0,OW,2026,4
CGKBKK,INT,41,0,OW,2025,4
CGKBKK,INT,42,0,OW,2025,1
CGKBKK,INT,43,0,OW,2026,6
CGKBKK,INT,44,0,OW,2025,6
CGKBKK,INT,46,0,OW,2025,3
CGKBKK,INT,46,0,OW,2026,4
CGKBKK,INT,47,0,OW,2026,1
CGKBKK,INT,48,0,OW,2025,8
CGKBKK,INT,49,0,OW,2026,4
CGKBKK,INT,50,0,OW,2025,1
CGKBKK,INT,50,0,OW,2026,3
CGKBKK,INT,51,0,OW,2025,1
CGKBKK,INT,52,0,OW,2025,7
CGKBKK,INT,53,0,OW,2026,1
CGKBKK,INT,54,0,OW,2025,2
CGKBKK,INT,56,0,OW,2025,4
CGKBKK,INT,58,0,OW,2025,6
CGKBKK,INT,59,0,OW,2026,5
CGKBKK,INT,60,0,OW,2025,1
CGKBKK,INT,61,0,OW,2025,1
CGKBKK,INT,62,0,OW,2026,4
CGKBKK,INT,63,0,OW,2025,4
CGKBKK,INT,64,0,OW,2025,8
CGKBKK,INT,66,0,OW,2025,6
CGKBKK,INT,67,0,OW,2026,2
CGKBKK,INT,68,0,OW,2026,1
CGKBKK,INT,69,0,OW,2025,1
CGKBKK,INT,71,0,OW,2026,6
CGKBKK,INT,72,0,OW,2025,1
CGKBKK,INT,72,0,OW,2026,4
CGKBKK,INT,73,0,OW,2025,2
CGKBKK,INT,73,0,OW,2026,1
CGKBKK,INT,74,0,OW,2025,11
CGKBKK,INT,74,0,OW,2026,2
CGKBKK,INT,75,0,OW,2025,6
CGKBKK,INT,75,0,OW,2026,3
CGKBKK,INT,76,0,OW,2025,6
CGKBKK,INT,77,0,OW,2026,6
CGKBKK,INT,78,0,OW,2026,2
CGKBKK,INT,79,0,OW,2026,1
CGKBKK,INT,80,0,OW,2025,1
CGKBKK,INT,81,0,OW,2025,1
CGKBKK,INT,83,0,OW,2025,2
CGKBKK,INT,84,0,OW,2025,4
CGKBKK,INT,86,0,OW,2026,1
CGKBKK,INT,89,0,OW,2025,3
CGKBKK,INT,89,0,OW,2026,1
CGKBKK,INT,105,0,OW,2026,3
CGKBKK,INT,124,0,OW,2026,1
CGKBKK,INT,128,0,OW,2026,3
CGKBKK,INT,133,0,OW,2025,3
CGKBKK,INT,151,0,OW,2026,1
CGKBKK,INT,167,0,OW,2026,2
CGKBKK,INT,168,0,OW,2025,1
CGKBKK,INT,184,0,OW,2026,4
CGKBKK,INT,191,0,OW,2025,2
CGKBKK,INT,199,0,OW,2026,2
CGKBKK,INT,200,0,OW,2025,1
CGKBKK,INT,207,0,OW,2026,1
CGKBKK,INT,208,0,OW,2026,1
CGKBKK,INT,209,0,OW,2026,1
CGKBKK,INT,215,0,OW,2026,3
CGKBKK,INT,219,0,OW,2025,1
CGKBKKCGK,INT,0,2,RT,2025,1
CGKBKKCGK,INT,0,2,RT,2026,8
CGKBKKCGK,INT,0,3,RT,2026,2
CGKBKKCGK,INT,0,5,RT,2026,3
CGKBKKCGK,INT,0,8,RT,2025,6
CGKBKKCGK,INT,0,14,RT,2026,3
CGKBKKCGK,INT,0,25,RT,2025,3
CGKBKKCGK,INT,1,1,RT,2025,3
CGKBKKCGK,INT,1,2,RT,2025,6
CGKBKKCGK,INT,1,3,RT,2025,3
CGKBKKCGK,INT,1,5,RT,2026,6
CGKBKKCGK,INT,1,7,RT,2025,2
CGKBKKCGK,INT,1,8,RT,2026,2
CGKBKKCGK,INT,1,10,RT,2025,5
CGKBKKCGK,INT,1,12,RT,2025,2
CGKBKKCGK,INT,1,12,RT,2026,2
CGKBKKCGK,INT,1,14,RT,2025,2
CGKBKKCGK,INT,1,18,RT,2025,4
CGKBKKCGK,INT,1,18,RT,2026,2
CGKBKKCGK,INT,1,40,RT,2026,2
CGKBKKCGK,INT,2,2,RT,2025,1
CGKBKKCGK,INT,2,2,RT,2026,2
CGKBKKCGK,INT,2,4,RT,2026,4
CGKBKKCGK,INT,2,8,RT,2025,1
CGKBKKCGK,INT,2,10,RT,2025,2
CGKBKKCGK,INT,2,10,RT,2026,4
CGKBKKCGK,INT,3,1,RT,2025,1
CGKBKKCGK,INT,3,4,RT,2025,1
CGKBKKCGK,INT,3,4,RT,2026,1
CGKBKKCGK,INT,3,5,RT,2025,1
CGKBKKCGK,INT,3,5,RT,2026,6
CGKBKKCGK,INT,3,7,RT,2026,4
CGKBKKCGK,INT,3,8,RT,2026,3
CGKBKKCGK,INT,3,12,RT,2026,1
CGKBKKCGK,INT,3,14,RT,2025,6
CGKBKKCGK,INT,3,18,RT,2026,5
CGKBKKCGK,INT,3,40,RT,2026,3
CGKBKKCGK,INT,4,2,RT,2026,2
CGKBKKCGK,INT,4,3,RT,2025,6
CGKBKKCGK,INT,4,3,RT,2026,1
CGKBKKCGK,INT,4,4,RT,2026,3
CGKBKKCGK,INT,4,5,RT,2025,5
CGKBKKCGK,INT,4,7,RT,2025,6
CGKBKKCGK,INT,4,12,RT,2025,1
CGKBKKCGK,INT,4,12,RT,2026,1
CGKBKKCGK,INT,4,25,RT,2026,2
CGKBKKCGK,INT,4,40,RT,2025,1
CGKBKKCGK,INT,4,40,RT,2026,1
CGKBKKCGK,INT,5,2,RT,2025,1
CGKBKKCGK,INT,5,2,RT,2026,2
CGKBKKCGK,INT,5,3,RT,2026,7
CGKBKKCGK,INT,5,4,RT,2025,1
CGKBKKCGK,INT,5,4,RT,2026,2
CGKBKKCGK,INT,5,5,RT,2025,1
CGKBKKCGK,INT,5,8,RT,2025,2
CGKBKKCGK,INT,5,12,RT,2026,2
CGKBKKCGK,INT,5,18,RT,2025,1
CGKBKKCGK,INT,5,18,RT,2026,1
CGKBKKCGK,INT,5,40,RT,2025,1
CGKBKKCGK,INT,6,2,RT,2026,3
CGKBKKCGK,INT,6,3,RT,2025,1
CGKBKKCGK,INT,6,3,RT,2026,2
CGKBKKCGK,INT,6,4,RT,2026,2
CGKBKKCGK,INT,6,6,RT,2026,1
CGKBKKCGK,INT,6,7,RT,2026,6
CGKBKKCGK,INT,6,8,RT,2026,3
CGKBKKCGK,INT,6,10,RT,2026,1
CGKBKKCGK,INT,6,14,RT,2026,3
CGKBKKCGK,INT,6,18,RT,2025,6
CGKBKKCGK,INT,6,18,RT,2026,1
CGKBKKCGK,INT,6,40,RT,2026,1
CGKBKKCGK,INT,7,2,RT,2025,6
CGKBKKCGK,INT,7,2,RT,2026,3
CGKBKKCGK,INT,7,3,RT,2025,2
CGKBKKCGK,INT,7,3,RT,2026,2
CGKBKKCGK,INT,7,4,RT,2025,1
CGKBKKCGK,INT,7,4,RT,2026,2
CGKBKKCGK,INT,7,7,RT,2026,4
CGKBKKCGK,INT,7,8,RT,2025,2
CGKBKKCGK,INT,7,10,RT,2026,2
CGKBKKCGK,INT,7,12,RT,2026,5
CGKBKKCGK,INT,7,14,RT,2025,5
CGKBKKCGK,INT,7,25,RT,2026,3
CGKBKKCGK,INT,8,1,RT,2026,1
CGKBKKCGK,INT,8,4,RT,2025,1
CGKBKKCGK,INT,8,4,RT,2026,1
CGKBKKCGK,INT,8,8,RT,2026,2
CGKBKKCGK,INT,8,10,RT,2025,2
CGKBKKCGK,INT,8,18,RT,2026,2
CGKBKKCGK,INT,9,1,RT,2025,2
CGKBKKCGK,INT,9,1,RT,2026,2
CGKBKKCGK,INT,9,3,RT,2026,5
CGKBKKCGK,INT,9,5,RT,2026,1
CGKBKKCGK,INT,9,8,RT,2025,5
CGKBKKCGK,INT,9,8,RT,2026,4
CGKBKKCGK,INT,10,1,RT,2025,3
CGKBKKCGK,INT,10,2,RT,2025,9
CGKBKKCGK,INT,10,3,RT,2026,1
CGKBKKCGK,INT,10,6,RT,2026,2
CGKBKKCGK,INT,10,12,RT,2026,5
CGKBKKCGK,INT,10,14,RT,2025,4
CGKBKKCGK,INT,11,3,RT,2025,1
CGKBKKCGK,INT,11,7,RT,2025,5
CGKBKKCGK,INT,11,10,RT,2026,4
CGKBKKCGK,INT,11,25,RT,2026,1
CGKBKKCGK,INT,12,1,RT,2026,2
CGKBKKCGK,INT,12,10,RT,2025,1
CGKBKKCGK,INT,12,12,RT,2026,6
CGKBKKCGK,INT,12,18,RT,2026,7
CGKBKKCGK,INT,12,40,RT,2025,1
CGKBKKCGK,INT,13,1,RT,2025,1
CGKBKKCGK,INT,13,1,RT,2026,1
CGKBKKCGK,INT,13,2,RT,2026,3
CGKBKKCGK,INT,13,8,RT,2025,1
CGKBKKCGK,INT,14,1,RT,2025,2
CGKBKKCGK,INT,14,2,RT,2026,3
CGKBKKCGK,INT,14,40,RT,2026,3
CGKBKKCGK,INT,15,2,RT,2025,7
CGKBKKCGK,INT,15,3,RT,2025,2
CGKBKKCGK,INT,15,3,RT,2026,4
CGKBKKCGK,INT,15,4,RT,2026,5
CGKBKKCGK,INT,15,7,RT,2025,1
CGKBKKCGK,INT,15,40,RT,2026,1
CGKBKKCGK,INT,16,6,RT,2025,1
CGKBKKCGK,INT,16,10,RT,2026,6
CGKBKKCGK,INT,16,14,RT,2026,4
CGKBKKCGK,INT,16,18,RT,2025,2
CGKBKKCGK,INT,17,2,RT,2025,4
CGKBKKCGK,INT,17,2,RT,2026,2
CGKBKKCGK,INT,17,3,RT,2025,1
CGKBKKCGK,INT,17,5,RT,2026,1
CGKBKKCGK,INT,17,25,RT,2026,6
CGKBKKCGK,INT,17,40,RT,2025,3
CGKBKKCGK,INT,17,40,RT,2026,5
CGKBKKCGK,INT,18,2,RT,2026,6
CGKBKKCGK,INT,18,6,RT,2026,2
CGKBKKCGK,INT,19,1,RT,2026,5
CGKBKKCGK,INT,19,6,RT,2026,2
CGKBKKCGK,INT,19,8,RT,2026,1
CGKBKKCGK,INT,20,2,RT,2025,3
CGKBKKCGK,INT,20,5,RT,2026,2
CGKBKKCGK,INT,20,14,RT,2025,1
CGKBKKCGK,INT,20,25,RT,2025,1
CGKBKKCGK,INT,21,1,RT,2026,2
CGKBKKCGK,INT,21,3,RT,2025,1
CGKBKKCGK,INT,21,7,RT,2025,1
CGKBKKCGK,INT,21,8,RT,2025,2
CGKBKKCGK,INT,21,10,RT,2025,3
CGKBKKCGK,INT,21,18,RT,2026,6
CGKBKKCGK,INT,21,40,RT,2026,4
CGKBKKCGK,INT,22,1,RT,2025,1
CGKBKKCGK,INT,22,1,RT,2026,4
CGKBKKCGK,INT,22,6,RT,2025,4
CGKBKKCGK,INT,22,12,RT,2026,2
CGKBKKCGK,INT,22,40,RT,2026,1
CGKBKKCGK,INT,23,2,RT,2025,4
CGKBKKCGK,INT,23,3,RT,2025,2
CGKBKKCGK,INT,23,4,RT,2026,2
CGKBKKCGK,INT,23,7,RT,2025,3
CGKBKKCGK,INT,23,12,RT,2026,3
CGKBKKCGK,INT,23,14,RT,2026,5
CGKBKKCGK,INT,23,25,RT,2025,3
CGKBKKCGK,INT,24,1,RT,2026,4
CGKBKKCGK,INT,24,2,RT,2025,7
CGKBKKCGK,INT,24,2,RT,2026,3
CGKBKKCGK,INT,24,3,RT,2025,2
CGKBKKCGK,INT,24,3,RT,2026,3
CGKBKKCGK,INT,24,4,RT,2025,2
CGKBKKCGK,INT,24,5,RT,2026,3
CGKBKKCGK,INT,24,6,RT,2026,1
CGKBKKCGK,INT,24,8,RT,2026,6
CGKBKKCGK,INT,24,12,RT,2025,1
CGKBKKCGK,INT,24,12,RT,2026,2
CGKBKKCGK,INT,24,40,RT,2025,3
CGKBKKCGK,INT,25,2,RT,2026,1
CGKBKKCGK,INT,25,3,RT,2025,1
CGKBKKCGK,INT,25,3,RT,2026,2
CGKBKKCGK,INT,25,10,RT,2026,1
CGKBKKCGK,INT,26,1,RT,2026,1
CGKBKKCGK,INT,26,2,RT,2025,1
CGKBKKCGK,INT,26,10,RT,2025,4
CGKBKKCGK,INT,26,40,RT,2026,1
CGKBKKCGK,INT,27,1,RT,2025,1
CGKBKKCGK,INT,27,3,RT,2026,2
CGKBKKCGK,INT,27,4,RT,2025,6
CGKBKKCGK,INT,27,5,RT,2025,6
CGKBKKCGK,INT,27,8,RT,2026,1
CGKBKKCGK,INT,27,14,RT,2025,1
CGKBKKCGK,INT,27,40,RT,2025,5
CGKBKKCGK,INT,28,5,RT,2025,4
CGKBKKCGK,INT,28,7,RT,2025,6
CGKBKKCGK,INT,28,40,RT,2025,4
CGKBKKCGK,INT,29,10,RT,2026,3
CGKBKKCGK,INT,29,14,RT,2025,4
CGKBKKCGK,INT,30,1,RT,2025,2
CGKBKKCGK,INT,30,1,RT,2026,3
CGKBKKCGK,INT,30,2,RT,2026,1
CGKBKKCGK,INT,30,3,RT,2025,1
CGKBKKCGK,INT,30,3,RT,2026,2
CGKBKKCGK,INT,30,18,RT,2025,2
CGKBKKCGK,INT,30,18,RT,2026,3
CGKBKKCGK,INT,31,1,RT,2025,1
CGKBKKCGK,INT,31,2,RT,2026,3
CGKBKKCGK,INT,31,3,RT,2026,3
CGKBKKCGK,INT,31,5,RT,2025,2
CGKBKKCGK,INT,31,10,RT,2025,1
CGKBKKCGK,INT,32,7,RT,2025,2
CGKBKKCGK,INT,32,18,RT,2025,5
CGKBKKCGK,INT,33,5,RT,2025,3
CGKBKKCGK,INT,33,12,RT,2025,1
CGKBKKCGK,INT,33,14,RT,2025,5
CGKBKKCGK,INT,34,12,RT,2026,1
CGKBKKCGK,INT,34,25,RT,2025,1
CGKBKKCGK,INT,38,2,RT,2026,2
CGKBKKCGK,INT,38,14,RT,2026,2
CGKBKKCGK,INT,39,5,RT,2025,1
CGKBKKCGK,INT,40,7,RT,2026,2
CGKBKKCGK,INT,40,14,RT,2026,2
CGKBKKCGK,INT,42,6,RT,2025,4
CGKBKKCGK,INT,43,1,RT,2025,1
CGKBKKCGK,INT,44,1,RT,2025,2
CGKBKKCGK,INT,44,2,RT,2025,6
CGKBKKCGK,INT,44,18,RT,2026,3
CGKBKKCGK,INT,47,7,RT,2026,2
CGKBKKCGK,INT,48,2,RT,2026,3
CGKBKKCGK,INT,48,6,RT,2025,5
CGKBKKCGK,INT,49,40,RT,2026,4
CGKBKKCGK,INT,50,2,RT,2026,4
CGKBKKCGK,INT,51,2,RT,2025,1
CGKBKKCGK,INT,51,3,RT,2025,1
CGKBKKCGK,INT,51,3,RT,2026,1
CGKBKKCGK,INT,51,12,RT,2025,6
CGKBKKCGK,INT,52,3,RT,2026,2
CGKBKKCGK,INT,53,14,RT,2026,6
CGKBKKCGK,INT,54,12,RT,2025,6
CGKBKKCGK,INT,56,2,RT,2026,4
CGKBKKCGK,INT,58,25,RT,2026,5
CGKBKKCGK,INT,58,40,RT,2025,4
CGKBKKCGK,INT,58,40,RT,2026,1
CGKBKKCGK,INT,59,1,RT,2026,1
CGKBKKCGK,INT,59,4,RT,2025,1
CGKBKKCGK,INT,60,3,RT,2026,1
CGKBKKCGK,INT,60,40,RT,2025,2
CGKBKKCGK,INT,61,12,RT,2026,1
CGKBKKCGK,INT,62,3,RT,2025,3
CGKBKKCGK,INT,64,1,RT,2026,6
CGKBKKCGK,INT,64,3,RT,2025,2
CGKBKKCGK,INT,65,10,RT,2025,5
CGKBKKCGK,INT,67,2,RT,2026,6
CGKBKKCGK,INT,67,3,RT,2025,2
CGKBKKCGK,INT,68,2,RT,2025,2
CGKBKKCGK,INT,68,3,RT,2026,1
CGKBKKCGK,INT,72,4,RT,2026,5
CGKBKKCGK,INT,72,25,RT,2025,2
CGKBKKCGK,INT,73,5,RT,2025,1
CGKBKKCGK,INT,73,8,RT,2025,1
CGKBKKCGK,INT,73,40,RT,2026,2
CGKBKKCGK,INT,74,6,RT,2026,2
CGKBKKCGK,INT,75,2,RT,2025,1
CGKBKKCGK,INT,75,40,RT,2025,3
CGKBKKCGK,INT,76,1,RT,2025,4
CGKBKKCGK,INT,76,3,RT,2025,1
CGKBKKCGK,INT,77,5,RT,2026,6
CGKBKKCGK,INT,78,1,RT,2026,2
CGKBKKCGK,INT,78,40,RT,2025,2
CGKBKKCGK,INT,80,2,RT,2026,4
CGKBKKCGK,INT,80,6,RT,2025,4
CGKBKKCGK,INT,80,25,RT,2025,1
CGKBKKCGK,INT,82,8,RT,2025,3
CGKBKKCGK,INT,83,3,RT,2025,2
CGKBKKCGK,INT,83,5,RT,2026,3
CGKBKKCGK,INT,84,1,RT,2026,2
CGKBKKCGK,INT,84,4,RT,2026,3
CGKBKKCGK,INT,84,7,RT,2026,3
CGKBKKCGK,INT,84,10,RT,2025,1
CGKBKKCGK,INT,85,2,RT,2026,2
CGKBKKCGK,INT,85,10,RT,2025,2
CGKBKKCGK,INT,86,1,RT,2026,3
CGKBKKCGK,INT,86,3,RT,2025,1
CGKBKKCGK,INT,86,8,RT,2025,3
CGKBKKCGK,INT,86,10,RT,2026,1
CGKBKKCGK,INT,87,3,RT,2025,6
CGKBKKCGK,INT,88,2,RT,2026,2
CGKBKKCGK,INT,88,7,RT,2025,2
CGKBKKCGK,INT,89,2,RT,2026,3
CGKBKKCGK,INT,91,2,RT,2026,1
CGKBKKCGK,INT,93,8,RT,2026,1
CGKBKKCGK,INT,94,25,RT,2026,3
CGKBKKCGK,INT,101,14,RT,2025,1
CGKBKKCGK,INT,110,18,RT,2025,5
CGKBKKCGK,INT,113,2,RT,2026,1
CGKBKKCGK,INT,120,5,RT,2025,3
CGKBKKCGK,INT,125,3,RT,2026,2
CGKBKKCGK,INT,130,3,RT,2025,1
CGKBKKCGK,INT,132,18,RT,2026,4
CGKBKKCGK,INT,142,10,RT,2026,2
CGKBKKCGK,INT,144,25,RT,2026,1
CGKBKKCGK,INT,151,40,RT,2025,2
CGKBKKCGK,INT,153,5,RT,2025,2
CGKBKKCGK,INT,154,2,RT,2025,4
CGKBKKCGK,INT,160,2,RT,2025,1
CGKBKKCGK,INT,160,2,RT,2026,3
CGKBKKCGK,INT,160,5,RT,2026,2
CGKBKKCGK,INT,167,3,RT,2025,7
CGKBKKCGK,INT,168,2,RT,2025,3
CGKBKKCGK,INT,170,2,RT,2026,2
CGKBKKCGK,INT,171,1,RT,2026,3
CGKBKKCGK,INT,173,8,RT,2026,6
CGKBKKCGK,INT,176,3,RT,2025,1
CGKBKKCGK,INT,186,3,RT,2026,1
CGKBKKCGK,INT,186,10,RT,2026,3
CGKBKKCGK,INT,189,8,RT,2025,4
CGKBKKCGK,INT,191,40,RT,2026,3
CGKBKKCGK,INT,192,1,RT,2025,2
CGKBKKCGK,INT,194,2,RT,2025,1
CGKBKKCGK,INT,202,2,RT,2026,1
CGKBKKCGK,INT,204,7,RT,2026,1
CGKBKKCGK,INT,210,14,RT,2025,1
CGKBKKCGK,INT,216,3,RT,2026,1
CGKBKKCGK,INT,216,5,RT,2025,2
CGKBKKCGK,INT,218,2,RT,2025,2
CGKBKS,DOM,0,0,OW,2025,4
CGKBKS,DOM,1,0,OW,2025,7
CGKBKS,DOM,2,0,OW,2026,2
CGKBKS,DOM,3,0,OW,2026,8
CGKBKS,DOM,4,0,OW,2025,7
CGKBKS,DOM,4,0,OW,2026,1
CGKBKS,DOM,5,0,OW,2025,9
CGKBKS,DOM,5,0,OW,2026,3
CGKBKS,DOM,6,0,OW,2025,4
CGKBKS,DOM,7,0,OW,2025,3
CGKBKS,DOM,7,0,OW,2026,1
CGKBKS,DOM,8,0,OW,2025,3
CGKBKS,DOM,9,0,OW,2025,5
CGKBKS,DOM,9,0,OW,2026,4
CGKBKS,DOM,10,0,OW,2025,3
CGKBKS,DOM,10,0,OW,2026,1
CGKBKS,DOM,12,0,OW,2025,3
CGKBKS,DOM,13,0,OW,2025,1
CGKBKS,DOM,13,0,OW,2026,1
CGKBKS,DOM,14,0,OW,2025,3
CGKBKS,DOM,14,0,OW,2026,2
CGKBKS,DOM,15,0,OW,2025,7
CGKBKS,DOM,17,0,OW,2025,4
CGKBKS,DOM,18,0,OW,2025,1
CGKBKS,DOM,18,0,OW,2026,7
CGKBKS,DOM,19,0,OW,2025,1
CGKBKS,DOM,20,0,OW,2025,1
CGKBKS,DOM,20,0,OW,2026,1
CGKBKS,DOM,23,0,OW,2026,1
CGKBKS,DOM,25,0,OW,2025,4
CGKBKS,DOM,26,0,OW,2025,3
CGKBKS,DOM,27,0,OW,2025,8
CGKBKS,DOM,29,0,OW,2025,2
CGKBKS,DOM,30,0,OW,2025,3
CGKBKS,DOM,31,0,OW,2026,1
CGKBKS,DOM,32,0,OW,2025,3
CGKBKS,DOM,35,0,OW,2026,1
CGKBKS,DOM,36,0,OW,2025,4
CGKBKS,DOM,37,0,OW,2026,1
CGKBKS,DOM,43,0,OW,2026,3
CGKBKS,DOM,44,0,OW,2025,1
CGKBKS,DOM,45,0,OW,2025,1
CGKBKS,DOM,51,0,OW,2025,2
CGKBKS,DOM,53,0,OW,2025,1
CGKBKS,DOM,54,0,OW,2025,1
CGKBKS,DOM,55,0,OW,2025,4
CGKBKS,DOM,57,0,OW,2025,1
CGKBKS,DOM,63,0,OW,2025,2
CGKBKS,DOM,68,0,OW,2025,6
CGKBKS,DOM,71,0,OW,2025,1
CGKBKS,DOM,72,0,OW,2025,4
CGKBKS,DOM,82,0,OW,2026,6
CGKBKS,DOM,83,0,OW,2025,1
CGKBKS,DOM,106,0,OW,2025,1
CGKBKS,DOM,144,0,OW,2025,2
CGKBKS,DOM,162,0,OW,2025,2
CGKBKS,DOM,205,0,OW,2025,1
CGKBKS,DOM,212,0,OW,2026,1
CGKBKSCGK,DOM,0,1,RT,2025,2
CGKBKSCGK,DOM,0,2,RT,2026,1
CGKBKSCGK,DOM,0,3,RT,2026,2
CGKBKSCGK,DOM,0,18,RT,2025,1
CGKBKSCGK,DOM,1,1,RT,2025,2
CGKBKSCGK,DOM,1,2,RT,2025,2
CGKBKSCGK,DOM,1,3,RT,2025,2
CGKBKSCGK,DOM,1,8,RT,2025,2
CGKBKSCGK,DOM,1,10,RT,2025,2
CGKBKSCGK,DOM,2,3,RT,2025,1
CGKBKSCGK,DOM,2,4,RT,2025,6
CGKBKSCGK,DOM,3,3,RT,2025,5
CGKBKSCGK,DOM,4,1,RT,2025,1
CGKBKSCGK,DOM,4,8,RT,2025,1
CGKBKSCGK,DOM,4,8,RT,2026,1
CGKBKSCGK,DOM,4,12,RT,2025,2
CGKBKSCGK,DOM,5,1,RT,2025,1
CGKBKSCGK,DOM,5,3,RT,2025,1
CGKBKSCGK,DOM,5,8,RT,2026,1
CGKBKSCGK,DOM,5,10,RT,2025,1
CGKBKSCGK,DOM,5,12,RT,2025,2
CGKBKSCGK,DOM,5,18,RT,2025,6
CGKBKSCGK,DOM,5,40,RT,2025,1
CGKBKSCGK,DOM,6,3,RT,2025,3
CGKBKSCGK,DOM,6,4,RT,2026,1
CGKBKSCGK,DOM,6,6,RT,2025,2
CGKBKSCGK,DOM,6,12,RT,2025,6
CGKBKSCGK,DOM,6,25,RT,2025,1
CGKBKSCGK,DOM,7,1,RT,2025,3
CGKBKSCGK,DOM,7,7,RT,2025,2
CGKBKSCGK,DOM,7,8,RT,2025,2
CGKBKSCGK,DOM,7,40,RT,2025,4
CGKBKSCGK,DOM,8,1,RT,2025,1
CGKBKSCGK,DOM,8,3,RT,2025,1
CGKBKSCGK,DOM,8,18,RT,2026,3
CGKBKSCGK,DOM,10,3,RT,2025,1
CGKBKSCGK,DOM,10,3,RT,2026,1
CGKBKSCGK,DOM,10,7,RT,2025,6
CGKBKSCGK,DOM,10,10,RT,2025,2
CGKBKSCGK,DOM,11,4,RT,2025,1
CGKBKSCGK,DOM,13,6,RT,2025,1
CGKBKSCGK,DOM,15,6,RT,2025,3
CGKBKSCGK,DOM,15,8,RT,2026,1
CGKBKSCGK,DOM,16,10,RT,2025,1
CGKBKSCGK,DOM,16,25,RT,2025,5
CGKBKSCGK,DOM,17,1,RT,2025,2
CGKBKSCGK,DOM,17,12,RT,2026,1
CGKBKSCGK,DOM,18,1,RT,2026,6
CGKBKSCGK,DOM,19,3,RT,2025,1
CGKBKSCGK,DOM,20,4,RT,2026,2
CGKBKSCGK,DOM,20,14,RT,2025,1
CGKBKSCGK,DOM,21,3,RT,2026,2
CGKBKSCGK,DOM,21,4,RT,2025,3
CGKBKSCGK,DOM,21,25,RT,2026,1
CGKBKSCGK,DOM,22,1,RT,2025,3
CGKBKSCGK,DOM,22,2,RT,2026,2
CGKBKSCGK,DOM,23,12,RT,2025,1
CGKBKSCGK,DOM,24,1,RT,2026,2
CGKBKSCGK,DOM,24,2,RT,2025,2
CGKBKSCGK,DOM,24,10,RT,2025,6
CGKBKSCGK,DOM,25,10,RT,2025,1
CGKBKSCGK,DOM,26,5,RT,2025,2
CGKBKSCGK,DOM,26,14,RT,2025,4
CGKBKSCGK,DOM,27,12,RT,2025,4
CGKBKSCGK,DOM,28,2,RT,2026,4
CGKBKSCGK,DOM,28,18,RT,2025,1
CGKBKSCGK,DOM,29,1,RT,2025,1
CGKBKSCGK,DOM,29,6,RT,2025,3
CGKBKSCGK,DOM,30,4,RT,2025,1
CGKBKSCGK,DOM,30,4,RT,2026,2
CGKBKSCGK,DOM,30,12,RT,2025,3
CGKBKSCGK,DOM,33,12,RT,2026,2
CGKBKSCGK,DOM,37,3,RT,2025,4
CGKBKSCGK,DOM,39,7,RT,2025,1
CGKBKSCGK,DOM,40,40,RT,2025,2
CGKBKSCGK,DOM,42,1,RT,2025,1
CGKBKSCGK,DOM,43,1,RT,2025,6
CGKBKSCGK,DOM,44,1,RT,2025,2
CGKBKSCGK,DOM,48,8,RT,2026,1
CGKBKSCGK,DOM,49,5,RT,2025,2
CGKBKSCGK,DOM,52,6,RT,2025,2
CGKBKSCGK,DOM,54,3,RT,2026,3
CGKBKSCGK,DOM,56,8,RT,2025,3
CGKBKSCGK,DOM,56,25,RT,2025,1
CGKBKSCGK,DOM,59,8,RT,2025,2
CGKBKSCGK,DOM,61,14,RT,2025,6
CGKBKSCGK,DOM,67,25,RT,2025,1
CGKBKSCGK,DOM,69,3,RT,2025,2
CGKBKSCGK,DOM,70,2,RT,2025,5
CGKBKSCGK,DOM,70,10,RT,2026,2
CGKBKSCGK,DOM,73,8,RT,2026,4
CGKBKSCGK,DOM,74,2,RT,2025,2
CGKBKSCGK,DOM,75,25,RT,2025,3
CGKBKSCGK,DOM,76,1,RT,2025,4
CGKBKSCGK,DOM,77,14,RT,2025,1
CGKBKSCGK,DOM,84,3,RT,2025,1
CGKBKSCGK,DOM,84,4,RT,2025,7
CGKBKSCGK,DOM,85,18,RT,2025,3
CGKBKSCGK,DOM,88,1,RT,2026,2
CGKBKSCGK,DOM,90,7,RT,2026,1
CGKBKSCGK,DOM,95,25,RT,2025,5
CGKBKSCGK,DOM,99,2,RT,2026,5
CGKBKSCGK,DOM,141,1,RT,2025,1
CGKBKSCGK,DOM,142,6,RT,2025,5
CGKBKSCGK,DOM,146,3,RT,2025,3
CGKBKSCGK,DOM,155,5,RT,2026,2
CGKBKSCGK,DOM,166,25,RT,2026,6
CGKBKSCGK,DOM,174,3,RT,2025,1
CGKBKSCGK,DOM,176,14,RT,2025,4
CGKBKSCGK,DOM,188,2,RT,2025,2
CGKBKSCGK,DOM,198,14,RT,2025,1
CGKBKSCGK,DOM,204,4,RT,2025,4
CGKBKSCGK,DOM,212,4,RT,2025,2
CGKBKSCGK,DOM,217,1,RT,2025,1
CGKBPN,DOM,0,0,OW,2025,28
CGKBPN,DOM,0,0,OW,2026,22
CGKBPN,DOM,1,0,OW,2025,31
CGKBPN,DOM,1,0,OW,2026,15
CGKBPN,DOM,2,0,OW,2025,23
CGKBPN,DOM,2,0,OW,2026,15
CGKBPN,DOM,3,0,OW,2025,24
CGKBPN,DOM,3,0,OW,2026,23
CGKBPN,DOM,4,0,OW,2025,18
CGKBPN,DOM,4,0,OW,2026,31
CGKBPN,DOM,5,0,OW,2025,35
CGKBPN,DOM,5,0,OW,2026,15
CGKBPN,DOM,6,0,OW,2025,43
CGKBPN,DOM,6,0,OW,2026,14
CGKBPN,DOM,7,0,OW,2025,18
CGKBPN,DOM,7,0,OW,2026,18
CGKBPN,DOM,8,0,OW,2025,24
CGKBPN,DOM,8,0,OW,2026,10
CGKBPN,DOM,9,0,OW,2025,10
CGKBPN,DOM,9,0,OW,2026,4
CGKBPN,DOM,10,0,OW,2025,19
CGKBPN,DOM,10,0,OW,2026,4
CGKBPN,DOM,11,0,OW,2025,5
CGKBPN,DOM,11,0,OW,2026,14
CGKBPN,DOM,12,0,OW,2025,13
CGKBPN,DOM,12,0,OW,2026,8
CGKBPN,DOM,13,0,OW,2025,14
CGKBPN,DOM,13,0,OW,2026,21
CGKBPN,DOM,14,0,OW,2025,28
CGKBPN,DOM,14,0,OW,2026,6
CGKBPN,DOM,15,0,OW,2025,16
CGKBPN,DOM,15,0,OW,2026,3
CGKBPN,DOM,16,0,OW,2025,8
CGKBPN,DOM,16,0,OW,2026,2
CGKBPN,DOM,17,0,OW,2025,14
CGKBPN,DOM,17,0,OW,2026,6
CGKBPN,DOM,18,0,OW,2025,6
CGKBPN,DOM,18,0,OW,2026,6
CGKBPN,DOM,19,0,OW,2025,7
CGKBPN,DOM,19,0,OW,2026,9
CGKBPN,DOM,20,0,OW,2025,15
CGKBPN,DOM,20,0,OW,2026,1
CGKBPN,DOM,21,0,OW,2025,30
CGKBPN,DOM,21,0,OW,2026,7
CGKBPN,DOM,22,0,OW,2025,11
CGKBPN,DOM,22,0,OW,2026,11
CGKBPN,DOM,23,0,OW,2025,11
CGKBPN,DOM,23,0,OW,2026,11
CGKBPN,DOM,24,0,OW,2025,17
CGKBPN,DOM,24,0,OW,2026,3
CGKBPN,DOM,25,0,OW,2025,10
CGKBPN,DOM,25,0,OW,2026,14
CGKBPN,DOM,26,0,OW,2025,13
CGKBPN,DOM,26,0,OW,2026,15
CGKBPN,DOM,27,0,OW,2025,15
CGKBPN,DOM,27,0,OW,2026,3
CGKBPN,DOM,28,0,OW,2025,8
CGKBPN,DOM,28,0,OW,2026,5
CGKBPN,DOM,29,0,OW,2025,20
CGKBPN,DOM,29,0,OW,2026,9
CGKBPN,DOM,30,0,OW,2025,27
CGKBPN,DOM,30,0,OW,2026,20
CGKBPN,DOM,31,0,OW,2025,7
CGKBPN,DOM,31,0,OW,2026,1
CGKBPN,DOM,32,0,OW,2026,4
CGKBPN,DOM,35,0,OW,2025,1
CGKBPN,DOM,36,0,OW,2026,1
CGKBPN,DOM,37,0,OW,2025,14
CGKBPN,DOM,37,0,OW,2026,2
CGKBPN,DOM,38,0,OW,2026,3
CGKBPN,DOM,39,0,OW,2025,1
CGKBPN,DOM,39,0,OW,2026,7
CGKBPN,DOM,41,0,OW,2025,9
CGKBPN,DOM,41,0,OW,2026,8
CGKBPN,DOM,43,0,OW,2026,7
CGKBPN,DOM,44,0,OW,2025,3
CGKBPN,DOM,45,0,OW,2025,1
CGKBPN,DOM,46,0,OW,2026,1
CGKBPN,DOM,47,0,OW,2025,1
CGKBPN,DOM,48,0,OW,2025,1
CGKBPN,DOM,48,0,OW,2026,3
CGKBPN,DOM,49,0,OW,2025,1
CGKBPN,DOM,50,0,OW,2025,11
CGKBPN,DOM,50,0,OW,2026,4
CGKBPN,DOM,52,0,OW,2025,1
CGKBPN,DOM,54,0,OW,2025,3
CGKBPN,DOM,54,0,OW,2026,6
CGKBPN,DOM,55,0,OW,2025,2
CGKBPN,DOM,56,0,OW,2025,5
CGKBPN,DOM,56,0,OW,2026,4
CGKBPN,DOM,57,0,OW,2025,1
CGKBPN,DOM,57,0,OW,2026,2
CGKBPN,DOM,58,0,OW,2025,4
CGKBPN,DOM,58,0,OW,2026,9
CGKBPN,DOM,59,0,OW,2025,2
CGKBPN,DOM,60,0,OW,2025,4
CGKBPN,DOM,61,0,OW,2025,9
CGKBPN,DOM,61,0,OW,2026,9
CGKBPN,DOM,62,0,OW,2025,9
CGKBPN,DOM,62,0,OW,2026,4
CGKBPN,DOM,64,0,OW,2025,3
CGKBPN,DOM,64,0,OW,2026,2
CGKBPN,DOM,65,0,OW,2025,2
CGKBPN,DOM,65,0,OW,2026,6
CGKBPN,DOM,66,0,OW,2025,6
CGKBPN,DOM,66,0,OW,2026,4
CGKBPN,DOM,67,0,OW,2025,3
CGKBPN,DOM,67,0,OW,2026,7
CGKBPN,DOM,68,0,OW,2025,6
CGKBPN,DOM,69,0,OW,2025,2
CGKBPN,DOM,70,0,OW,2025,3
CGKBPN,DOM,70,0,OW,2026,10
CGKBPN,DOM,71,0,OW,2026,13
CGKBPN,DOM,73,0,OW,2025,2
CGKBPN,DOM,73,0,OW,2026,4
CGKBPN,DOM,74,0,OW,2025,2
CGKBPN,DOM,75,0,OW,2025,8
CGKBPN,DOM,76,0,OW,2026,2
CGKBPN,DOM,77,0,OW,2025,2
CGKBPN,DOM,79,0,OW,2025,6
CGKBPN,DOM,79,0,OW,2026,6
CGKBPN,DOM,80,0,OW,2025,2
CGKBPN,DOM,81,0,OW,2025,5
CGKBPN,DOM,81,0,OW,2026,1
CGKBPN,DOM,82,0,OW,2025,3
CGKBPN,DOM,82,0,OW,2026,10
CGKBPN,DOM,83,0,OW,2025,4
CGKBPN,DOM,84,0,OW,2025,7
CGKBPN,DOM,84,0,OW,2026,1
CGKBPN,DOM,85,0,OW,2025,5
CGKBPN,DOM,85,0,OW,2026,2
CGKBPN,DOM,86,0,OW,2025,1
CGKBPN,DOM,87,0,OW,2025,10
CGKBPN,DOM,87,0,OW,2026,4
CGKBPN,DOM,88,0,OW,2025,6
CGKBPN,DOM,88,0,OW,2026,7
CGKBPN,DOM,89,0,OW,2025,9
CGKBPN,DOM,89,0,OW,2026,4
CGKBPN,DOM,90,0,OW,2025,5
CGKBPN,DOM,90,0,OW,2026,5
CGKBPN,DOM,91,0,OW,2026,4
CGKBPN,DOM,93,0,OW,2026,4
CGKBPN,DOM,100,0,OW,2025,4
CGKBPN,DOM,101,0,OW,2025,3
CGKBPN,DOM,102,0,OW,2025,9
CGKBPN,DOM,104,0,OW,2025,2
CGKBPN,DOM,105,0,OW,2025,1
CGKBPN,DOM,105,0,OW,2026,2
CGKBPN,DOM,111,0,OW,2025,1
CGKBPN,DOM,111,0,OW,2026,3
CGKBPN,DOM,113,0,OW,2026,1
CGKBPN,DOM,114,0,OW,2026,1
CGKBPN,DOM,115,0,OW,2026,3
CGKBPN,DOM,116,0,OW,2025,1
CGKBPN,DOM,118,0,OW,2025,2
CGKBPN,DOM,119,0,OW,2025,6
CGKBPN,DOM,126,0,OW,2025,2
CGKBPN,DOM,126,0,OW,2026,2
CGKBPN,DOM,128,0,OW,2025,6
CGKBPN,DOM,128,0,OW,2026,2
CGKBPN,DOM,130,0,OW,2026,1
CGKBPN,DOM,138,0,OW,2025,6
CGKBPN,DOM,140,0,OW,2026,4
CGKBPN,DOM,142,0,OW,2025,4
CGKBPN,DOM,144,0,OW,2025,4
CGKBPN,DOM,145,0,OW,2026,2
CGKBPN,DOM,147,0,OW,2025,2
CGKBPN,DOM,147,0,OW,2026,1
CGKBPN,DOM,149,0,OW,2025,1
CGKBPN,DOM,149,0,OW,2026,1
CGKBPN,DOM,155,0,OW,2025,4
CGKBPN,DOM,157,0,OW,2025,2
CGKBPN,DOM,158,0,OW,2026,1
CGKBPN,DOM,159,0,OW,2026,1
CGKBPN,DOM,161,0,OW,2025,5
CGKBPN,DOM,162,0,OW,2026,1
CGKBPN,DOM,166,0,OW,2025,7
CGKBPN,DOM,166,0,OW,2026,1
CGKBPN,DOM,168,0,OW,2026,2
CGKBPN,DOM,169,0,OW,2025,3
CGKBPN,DOM,169,0,OW,2026,1
CGKBPN,DOM,170,0,OW,2025,4
CGKBPN,DOM,173,0,OW,2025,4
CGKBPN,DOM,178,0,OW,2026,4
CGKBPN,DOM,179,0,OW,2025,3
CGKBPN,DOM,180,0,OW,2025,5
CGKBPN,DOM,180,0,OW,2026,4
CGKBPN,DOM,186,0,OW,2026,6
CGKBPN,DOM,188,0,OW,2026,6
CGKBPN,DOM,190,0,OW,2026,4
CGKBPN,DOM,191,0,OW,2025,2
CGKBPN,DOM,191,0,OW,2026,6
CGKBPN,DOM,193,0,OW,2025,1
CGKBPN,DOM,194,0,OW,2026,3
CGKBPN,DOM,196,0,OW,2025,13
CGKBPN,DOM,197,0,OW,2026,8
CGKBPN,DOM,198,0,OW,2025,1
CGKBPN,DOM,199,0,OW,2026,1
CGKBPN,DOM,201,0,OW,2026,2
CGKBPN,DOM,202,0,OW,2025,1
CGKBPN,DOM,204,0,OW,2025,1
CGKBPN,DOM,205,0,OW,2026,7
CGKBPN,DOM,206,0,OW,2026,2
CGKBPN,DOM,209,0,OW,2025,3
CGKBPN,DOM,210,0,OW,2026,1
CGKBPN,DOM,211,0,OW,2026,3
CGKBPN,DOM,212,0,OW,2025,9
CGKBPN,DOM,213,0,OW,2025,5
CGKBPN,DOM,213,0,OW,2026,2
CGKBPN,DOM,218,0,OW,2025,1
CGKBPNCGK,DOM,0,1,RT,2025,3
CGKBPNCGK,DOM,0,1,RT,2026,3
CGKBPNCGK,DOM,0,2,RT,2025,10
CGKBPNCGK,DOM,0,3,RT,2025,5
CGKBPNCGK,DOM,0,3,RT,2026,5
CGKBPNCGK,DOM,0,4,RT,2025,1
CGKBPNCGK,DOM,0,4,RT,2026,1
CGKBPNCGK,DOM,0,5,RT,2025,6
CGKBPNCGK,DOM,0,5,RT,2026,3
CGKBPNCGK,DOM,0,6,RT,2025,1
CGKBPNCGK,DOM,0,7,RT,2025,2
CGKBPNCGK,DOM,0,7,RT,2026,6
CGKBPNCGK,DOM,0,8,RT,2026,7
CGKBPNCGK,DOM,0,12,RT,2026,5
CGKBPNCGK,DOM,0,14,RT,2025,1
CGKBPNCGK,DOM,0,14,RT,2026,2
CGKBPNCGK,DOM,0,18,RT,2025,5
CGKBPNCGK,DOM,0,18,RT,2026,2
CGKBPNCGK,DOM,0,25,RT,2025,10
CGKBPNCGK,DOM,0,25,RT,2026,1
CGKBPNCGK,DOM,1,1,RT,2025,5
CGKBPNCGK,DOM,1,2,RT,2025,6
CGKBPNCGK,DOM,1,2,RT,2026,2
CGKBPNCGK,DOM,1,3,RT,2025,2
CGKBPNCGK,DOM,1,5,RT,2025,1
CGKBPNCGK,DOM,1,6,RT,2026,1
CGKBPNCGK,DOM,1,7,RT,2025,3
CGKBPNCGK,DOM,1,8,RT,2025,1
CGKBPNCGK,DOM,1,10,RT,2025,1
CGKBPNCGK,DOM,1,12,RT,2025,1
CGKBPNCGK,DOM,1,12,RT,2026,2
CGKBPNCGK,DOM,1,14,RT,2025,6
CGKBPNCGK,DOM,1,14,RT,2026,6
CGKBPNCGK,DOM,1,18,RT,2025,2
CGKBPNCGK,DOM,1,40,RT,2025,5
CGKBPNCGK,DOM,2,1,RT,2025,1
CGKBPNCGK,DOM,2,1,RT,2026,5
CGKBPNCGK,DOM,2,2,RT,2025,3
CGKBPNCGK,DOM,2,3,RT,2025,4
CGKBPNCGK,DOM,2,3,RT,2026,1
CGKBPNCGK,DOM,2,4,RT,2025,8
CGKBPNCGK,DOM,2,6,RT,2026,5
CGKBPNCGK,DOM,2,7,RT,2025,3
CGKBPNCGK,DOM,2,8,RT,2025,5
CGKBPNCGK,DOM,2,10,RT,2025,4
CGKBPNCGK,DOM,2,12,RT,2026,2
CGKBPNCGK,DOM,2,18,RT,2026,10
CGKBPNCGK,DOM,2,25,RT,2025,3
CGKBPNCGK,DOM,2,40,RT,2025,1
CGKBPNCGK,DOM,3,1,RT,2026,5
CGKBPNCGK,DOM,3,2,RT,2025,7
CGKBPNCGK,DOM,3,2,RT,2026,3
CGKBPNCGK,DOM,3,3,RT,2025,1
CGKBPNCGK,DOM,3,3,RT,2026,1
CGKBPNCGK,DOM,3,4,RT,2025,8
CGKBPNCGK,DOM,3,5,RT,2025,4
CGKBPNCGK,DOM,3,7,RT,2025,2
CGKBPNCGK,DOM,3,10,RT,2025,1
CGKBPNCGK,DOM,3,10,RT,2026,3
CGKBPNCGK,DOM,3,12,RT,2025,2
CGKBPNCGK,DOM,3,12,RT,2026,2
CGKBPNCGK,DOM,3,14,RT,2025,3
CGKBPNCGK,DOM,3,14,RT,2026,8
CGKBPNCGK,DOM,3,18,RT,2025,5
CGKBPNCGK,DOM,3,25,RT,2025,3
CGKBPNCGK,DOM,3,25,RT,2026,1
CGKBPNCGK,DOM,3,40,RT,2025,8
CGKBPNCGK,DOM,4,1,RT,2025,6
CGKBPNCGK,DOM,4,2,RT,2026,2
CGKBPNCGK,DOM,4,3,RT,2025,4
CGKBPNCGK,DOM,4,3,RT,2026,3
CGKBPNCGK,DOM,4,4,RT,2026,4
CGKBPNCGK,DOM,4,6,RT,2025,5
CGKBPNCGK,DOM,4,7,RT,2025,4
CGKBPNCGK,DOM,4,8,RT,2025,1
CGKBPNCGK,DOM,4,10,RT,2025,5
CGKBPNCGK,DOM,4,10,RT,2026,9
CGKBPNCGK,DOM,4,12,RT,2026,1
CGKBPNCGK,DOM,4,14,RT,2025,8
CGKBPNCGK,DOM,4,18,RT,2025,6
CGKBPNCGK,DOM,4,18,RT,2026,12
CGKBPNCGK,DOM,4,25,RT,2025,3
CGKBPNCGK,DOM,5,1,RT,2025,5
CGKBPNCGK,DOM,5,1,RT,2026,2
CGKBPNCGK,DOM,5,2,RT,2025,1
CGKBPNCGK,DOM,5,3,RT,2025,11
CGKBPNCGK,DOM,5,3,RT,2026,15
CGKBPNCGK,DOM,5,5,RT,2025,1
CGKBPNCGK,DOM,5,5,RT,2026,4
CGKBPNCGK,DOM,5,6,RT,2026,4
CGKBPNCGK,DOM,5,14,RT,2025,5
CGKBPNCGK,DOM,5,18,RT,2026,3
CGKBPNCGK,DOM,5,25,RT,2025,1
CGKBPNCGK,DOM,5,25,RT,2026,5
CGKBPNCGK,DOM,5,40,RT,2025,3
CGKBPNCGK,DOM,6,1,RT,2025,8
CGKBPNCGK,DOM,6,1,RT,2026,6
CGKBPNCGK,DOM,6,2,RT,2026,3
CGKBPNCGK,DOM,6,3,RT,2025,5
CGKBPNCGK,DOM,6,3,RT,2026,1
CGKBPNCGK,DOM,6,4,RT,2025,1
CGKBPNCGK,DOM,6,4,RT,2026,1
CGKBPNCGK,DOM,6,5,RT,2026,12
CGKBPNCGK,DOM,6,6,RT,2025,6
CGKBPNCGK,DOM,6,7,RT,2025,14
CGKBPNCGK,DOM,6,8,RT,2025,3
CGKBPNCGK,DOM,6,8,RT,2026,7
CGKBPNCGK,DOM,6,10,RT,2025,2
CGKBPNCGK,DOM,6,12,RT,2025,2
CGKBPNCGK,DOM,6,18,RT,2025,3
CGKBPNCGK,DOM,6,18,RT,2026,2
CGKBPNCGK,DOM,6,40,RT,2025,4
CGKBPNCGK,DOM,7,1,RT,2025,3
CGKBPNCGK,DOM,7,1,RT,2026,9
CGKBPNCGK,DOM,7,2,RT,2025,4
CGKBPNCGK,DOM,7,2,RT,2026,7
CGKBPNCGK,DOM,7,3,RT,2025,3
CGKBPNCGK,DOM,7,5,RT,2026,4
CGKBPNCGK,DOM,7,6,RT,2025,1
CGKBPNCGK,DOM,7,6,RT,2026,2
CGKBPNCGK,DOM,7,7,RT,2026,5
CGKBPNCGK,DOM,7,8,RT,2026,3
CGKBPNCGK,DOM,7,10,RT,2025,2
CGKBPNCGK,DOM,7,12,RT,2026,6
CGKBPNCGK,DOM,7,14,RT,2025,8
CGKBPNCGK,DOM,7,18,RT,2025,4
CGKBPNCGK,DOM,7,18,RT,2026,1
CGKBPNCGK,DOM,7,25,RT,2025,1
CGKBPNCGK,DOM,7,25,RT,2026,3
CGKBPNCGK,DOM,8,1,RT,2025,8
CGKBPNCGK,DOM,8,3,RT,2026,5
CGKBPNCGK,DOM,8,5,RT,2025,3
CGKBPNCGK,DOM,8,7,RT,2025,3
CGKBPNCGK,DOM,8,8,RT,2025,1
CGKBPNCGK,DOM,8,8,RT,2026,1
CGKBPNCGK,DOM,9,1,RT,2026,6
CGKBPNCGK,DOM,9,3,RT,2025,1
CGKBPNCGK,DOM,9,3,RT,2026,2
CGKBPNCGK,DOM,9,4,RT,2025,4
CGKBPNCGK,DOM,9,5,RT,2025,3
CGKBPNCGK,DOM,9,6,RT,2025,6
CGKBPNCGK,DOM,9,7,RT,2026,2
CGKBPNCGK,DOM,9,10,RT,2025,6
CGKBPNCGK,DOM,9,10,RT,2026,1
CGKBPNCGK,DOM,9,25,RT,2025,4
CGKBPNCGK,DOM,9,40,RT,2026,5
CGKBPNCGK,DOM,10,1,RT,2026,1
CGKBPNCGK,DOM,10,2,RT,2025,3
CGKBPNCGK,DOM,10,3,RT,2025,1
CGKBPNCGK,DOM,10,5,RT,2025,5
CGKBPNCGK,DOM,10,5,RT,2026,4
CGKBPNCGK,DOM,10,6,RT,2025,7
CGKBPNCGK,DOM,10,6,RT,2026,1
CGKBPNCGK,DOM,10,7,RT,2025,1
CGKBPNCGK,DOM,10,10,RT,2025,4
CGKBPNCGK,DOM,10,14,RT,2025,4
CGKBPNCGK,DOM,10,25,RT,2025,1
CGKBPNCGK,DOM,10,25,RT,2026,4
CGKBPNCGK,DOM,10,40,RT,2025,1
CGKBPNCGK,DOM,11,1,RT,2025,4
CGKBPNCGK,DOM,11,3,RT,2025,5
CGKBPNCGK,DOM,11,4,RT,2025,3
CGKBPNCGK,DOM,11,5,RT,2026,5
CGKBPNCGK,DOM,11,7,RT,2025,6
CGKBPNCGK,DOM,11,8,RT,2025,1
CGKBPNCGK,DOM,11,10,RT,2025,3
CGKBPNCGK,DOM,11,12,RT,2026,1
CGKBPNCGK,DOM,11,14,RT,2026,2
CGKBPNCGK,DOM,11,25,RT,2025,8
CGKBPNCGK,DOM,11,25,RT,2026,5
CGKBPNCGK,DOM,11,40,RT,2025,4
CGKBPNCGK,DOM,12,1,RT,2026,4
CGKBPNCGK,DOM,12,2,RT,2025,2
CGKBPNCGK,DOM,12,2,RT,2026,2
CGKBPNCGK,DOM,12,4,RT,2026,2
CGKBPNCGK,DOM,12,5,RT,2025,8
CGKBPNCGK,DOM,12,7,RT,2026,1
CGKBPNCGK,DOM,12,8,RT,2025,1
CGKBPNCGK,DOM,12,10,RT,2026,2
CGKBPNCGK,DOM,12,12,RT,2025,13
CGKBPNCGK,DOM,12,18,RT,2025,2
CGKBPNCGK,DOM,12,25,RT,2025,3
CGKBPNCGK,DOM,12,25,RT,2026,1
CGKBPNCGK,DOM,12,40,RT,2025,7
CGKBPNCGK,DOM,12,40,RT,2026,3
CGKBPNCGK,DOM,13,1,RT,2025,6
CGKBPNCGK,DOM,13,1,RT,2026,3
CGKBPNCGK,DOM,13,2,RT,2025,1
CGKBPNCGK,DOM,13,2,RT,2026,2
CGKBPNCGK,DOM,13,3,RT,2025,1
CGKBPNCGK,DOM,13,5,RT,2025,2
CGKBPNCGK,DOM,13,6,RT,2026,3
CGKBPNCGK,DOM,13,8,RT,2026,4
CGKBPNCGK,DOM,13,10,RT,2026,2
CGKBPNCGK,DOM,13,12,RT,2025,1
CGKBPNCGK,DOM,13,12,RT,2026,1
CGKBPNCGK,DOM,13,14,RT,2025,1
CGKBPNCGK,DOM,13,14,RT,2026,5
CGKBPNCGK,DOM,13,25,RT,2025,4
CGKBPNCGK,DOM,14,1,RT,2025,1
CGKBPNCGK,DOM,14,2,RT,2025,1
CGKBPNCGK,DOM,14,3,RT,2025,6
CGKBPNCGK,DOM,14,3,RT,2026,1
CGKBPNCGK,DOM,14,4,RT,2026,1
CGKBPNCGK,DOM,14,7,RT,2025,2
CGKBPNCGK,DOM,14,7,RT,2026,2
CGKBPNCGK,DOM,14,10,RT,2026,1
CGKBPNCGK,DOM,14,14,RT,2025,10
CGKBPNCGK,DOM,14,18,RT,2026,1
CGKBPNCGK,DOM,15,1,RT,2025,2
CGKBPNCGK,DOM,15,3,RT,2025,3
CGKBPNCGK,DOM,15,5,RT,2025,2
CGKBPNCGK,DOM,15,5,RT,2026,6
CGKBPNCGK,DOM,15,6,RT,2026,6
CGKBPNCGK,DOM,15,7,RT,2025,4
CGKBPNCGK,DOM,15,7,RT,2026,1
CGKBPNCGK,DOM,15,8,RT,2025,4
CGKBPNCGK,DOM,15,8,RT,2026,2
CGKBPNCGK,DOM,15,10,RT,2026,2
CGKBPNCGK,DOM,15,12,RT,2026,4
CGKBPNCGK,DOM,15,14,RT,2025,2
CGKBPNCGK,DOM,15,18,RT,2025,3
CGKBPNCGK,DOM,15,25,RT,2025,1
CGKBPNCGK,DOM,16,1,RT,2025,2
CGKBPNCGK,DOM,16,2,RT,2025,8
CGKBPNCGK,DOM,16,3,RT,2025,1
CGKBPNCGK,DOM,16,3,RT,2026,1
CGKBPNCGK,DOM,16,4,RT,2025,2
CGKBPNCGK,DOM,16,5,RT,2025,4
CGKBPNCGK,DOM,16,5,RT,2026,6
CGKBPNCGK,DOM,16,6,RT,2025,6
CGKBPNCGK,DOM,16,8,RT,2025,3
CGKBPNCGK,DOM,16,8,RT,2026,3
CGKBPNCGK,DOM,16,18,RT,2025,3
CGKBPNCGK,DOM,16,18,RT,2026,1
CGKBPNCGK,DOM,16,40,RT,2025,3
CGKBPNCGK,DOM,17,1,RT,2025,5
CGKBPNCGK,DOM,17,1,RT,2026,5
CGKBPNCGK,DOM,17,3,RT,2025,4
CGKBPNCGK,DOM,17,5,RT,2026,6
CGKBPNCGK,DOM,17,6,RT,2025,1
CGKBPNCGK,DOM,17,8,RT,2026,6
CGKBPNCGK,DOM,17,12,RT,2025,2
CGKBPNCGK,DOM,17,18,RT,2025,5
CGKBPNCGK,DOM,17,40,RT,2025,4
CGKBPNCGK,DOM,18,1,RT,2025,3
CGKBPNCGK,DOM,18,1,RT,2026,3
CGKBPNCGK,DOM,18,3,RT,2025,13
CGKBPNCGK,DOM,18,5,RT,2025,1
CGKBPNCGK,DOM,18,12,RT,2025,6
CGKBPNCGK,DOM,18,12,RT,2026,2
CGKBPNCGK,DOM,18,14,RT,2025,2
CGKBPNCGK,DOM,18,18,RT,2026,5
CGKBPNCGK,DOM,19,3,RT,2025,4
CGKBPNCGK,DOM,19,3,RT,2026,1
CGKBPNCGK,DOM,19,4,RT,2025,4
CGKBPNCGK,DOM,19,8,RT,2026,3
CGKBPNCGK,DOM,19,25,RT,2026,2
CGKBPNCGK,DOM,19,40,RT,2025,1
CGKBPNCGK,DOM,20,1,RT,2025,2
CGKBPNCGK,DOM,20,1,RT,2026,3
CGKBPNCGK,DOM,20,2,RT,2025,1
CGKBPNCGK,DOM,20,2,RT,2026,1
CGKBPNCGK,DOM,20,5,RT,2026,6
CGKBPNCGK,DOM,20,6,RT,2025,3
CGKBPNCGK,DOM,20,7,RT,2025,1
CGKBPNCGK,DOM,20,8,RT,2026,3
CGKBPNCGK,DOM,20,10,RT,2025,1
CGKBPNCGK,DOM,20,12,RT,2025,5
CGKBPNCGK,DOM,20,12,RT,2026,4
CGKBPNCGK,DOM,20,14,RT,2026,1
CGKBPNCGK,DOM,20,18,RT,2025,2
CGKBPNCGK,DOM,21,4,RT,2026,1
CGKBPNCGK,DOM,21,5,RT,2025,1
CGKBPNCGK,DOM,21,7,RT,2026,1
CGKBPNCGK,DOM,21,10,RT,2025,1
CGKBPNCGK,DOM,22,1,RT,2025,4
CGKBPNCGK,DOM,22,2,RT,2026,2
CGKBPNCGK,DOM,22,5,RT,2025,4
CGKBPNCGK,DOM,22,6,RT,2025,1
CGKBPNCGK,DOM,22,6,RT,2026,2
CGKBPNCGK,DOM,22,8,RT,2026,4
CGKBPNCGK,DOM,22,18,RT,2025,1
CGKBPNCGK,DOM,22,18,RT,2026,6
CGKBPNCGK,DOM,22,25,RT,2025,5
CGKBPNCGK,DOM,22,40,RT,2025,2
CGKBPNCGK,DOM,22,40,RT,2026,2
CGKBPNCGK,DOM,23,1,RT,2025,1
CGKBPNCGK,DOM,23,2,RT,2025,6
CGKBPNCGK,DOM,23,3,RT,2025,3
CGKBPNCGK,DOM,23,4,RT,2025,1
CGKBPNCGK,DOM,23,4,RT,2026,6
CGKBPNCGK,DOM,23,7,RT,2025,2
CGKBPNCGK,DOM,23,10,RT,2026,1
CGKBPNCGK,DOM,23,40,RT,2025,2
CGKBPNCGK,DOM,24,1,RT,2025,1
CGKBPNCGK,DOM,24,2,RT,2025,9
CGKBPNCGK,DOM,24,2,RT,2026,2
CGKBPNCGK,DOM,24,3,RT,2025,1
CGKBPNCGK,DOM,24,3,RT,2026,13
CGKBPNCGK,DOM,24,7,RT,2025,1
CGKBPNCGK,DOM,24,10,RT,2025,1
CGKBPNCGK,DOM,24,18,RT,2026,1
CGKBPNCGK,DOM,24,25,RT,2025,7
CGKBPNCGK,DOM,24,40,RT,2026,3
CGKBPNCGK,DOM,25,1,RT,2025,1
CGKBPNCGK,DOM,25,2,RT,2025,2
CGKBPNCGK,DOM,25,3,RT,2025,3
CGKBPNCGK,DOM,25,3,RT,2026,5
CGKBPNCGK,DOM,25,4,RT,2026,1
CGKBPNCGK,DOM,25,5,RT,2025,1
CGKBPNCGK,DOM,25,5,RT,2026,2
CGKBPNCGK,DOM,25,6,RT,2025,1
CGKBPNCGK,DOM,25,8,RT,2025,4
CGKBPNCGK,DOM,25,8,RT,2026,4
CGKBPNCGK,DOM,25,10,RT,2026,4
CGKBPNCGK,DOM,25,14,RT,2026,1
CGKBPNCGK,DOM,25,25,RT,2026,1
CGKBPNCGK,DOM,25,40,RT,2025,3
CGKBPNCGK,DOM,26,1,RT,2025,2
CGKBPNCGK,DOM,26,2,RT,2025,1
CGKBPNCGK,DOM,26,2,RT,2026,3
CGKBPNCGK,DOM,26,3,RT,2025,3
CGKBPNCGK,DOM,26,3,RT,2026,3
CGKBPNCGK,DOM,26,5,RT,2025,2
CGKBPNCGK,DOM,26,8,RT,2026,4
CGKBPNCGK,DOM,26,12,RT,2025,3
CGKBPNCGK,DOM,26,25,RT,2025,1
CGKBPNCGK,DOM,27,1,RT,2025,11
CGKBPNCGK,DOM,27,2,RT,2025,2
CGKBPNCGK,DOM,27,2,RT,2026,1
CGKBPNCGK,DOM,27,3,RT,2026,1
CGKBPNCGK,DOM,27,4,RT,2026,1
CGKBPNCGK,DOM,27,5,RT,2025,2
CGKBPNCGK,DOM,27,6,RT,2025,2
CGKBPNCGK,DOM,27,7,RT,2025,1
CGKBPNCGK,DOM,27,8,RT,2025,5
CGKBPNCGK,DOM,27,8,RT,2026,3
CGKBPNCGK,DOM,27,18,RT,2025,3
CGKBPNCGK,DOM,27,25,RT,2026,1
CGKBPNCGK,DOM,28,1,RT,2026,6
CGKBPNCGK,DOM,28,2,RT,2026,1
CGKBPNCGK,DOM,28,4,RT,2025,3
CGKBPNCGK,DOM,28,5,RT,2026,1
CGKBPNCGK,DOM,28,7,RT,2025,6
CGKBPNCGK,DOM,28,8,RT,2025,3
CGKBPNCGK,DOM,28,8,RT,2026,2
CGKBPNCGK,DOM,28,10,RT,2026,5
CGKBPNCGK,DOM,28,12,RT,2025,6
CGKBPNCGK,DOM,28,18,RT,2025,6
CGKBPNCGK,DOM,28,25,RT,2025,1
CGKBPNCGK,DOM,28,25,RT,2026,6
CGKBPNCGK,DOM,28,40,RT,2026,1
CGKBPNCGK,DOM,29,2,RT,2025,5
CGKBPNCGK,DOM,29,3,RT,2025,6
CGKBPNCGK,DOM,29,3,RT,2026,1
CGKBPNCGK,DOM,29,5,RT,2026,2
CGKBPNCGK,DOM,29,6,RT,2026,5
CGKBPNCGK,DOM,29,10,RT,2025,4
CGKBPNCGK,DOM,29,18,RT,2026,4
CGKBPNCGK,DOM,29,40,RT,2025,2
CGKBPNCGK,DOM,29,40,RT,2026,5
CGKBPNCGK,DOM,30,1,RT,2025,4
CGKBPNCGK,DOM,30,2,RT,2025,3
CGKBPNCGK,DOM,30,2,RT,2026,1
CGKBPNCGK,DOM,30,3,RT,2025,6
CGKBPNCGK,DOM,30,3,RT,2026,2
CGKBPNCGK,DOM,30,4,RT,2025,3
CGKBPNCGK,DOM,30,5,RT,2025,7
CGKBPNCGK,DOM,30,7,RT,2025,1
CGKBPNCGK,DOM,30,14,RT,2026,4
CGKBPNCGK,DOM,30,18,RT,2026,2
CGKBPNCGK,DOM,32,1,RT,2026,2
CGKBPNCGK,DOM,32,2,RT,2026,2
CGKBPNCGK,DOM,32,3,RT,2025,1
CGKBPNCGK,DOM,33,1,RT,2025,5
CGKBPNCGK,DOM,33,2,RT,2026,1
CGKBPNCGK,DOM,33,3,RT,2025,6
CGKBPNCGK,DOM,33,12,RT,2025,3
CGKBPNCGK,DOM,33,14,RT,2026,3
CGKBPNCGK,DOM,34,7,RT,2025,6
CGKBPNCGK,DOM,34,12,RT,2025,3
CGKBPNCGK,DOM,34,25,RT,2026,2
CGKBPNCGK,DOM,36,2,RT,2025,3
CGKBPNCGK,DOM,36,2,RT,2026,1
CGKBPNCGK,DOM,36,7,RT,2025,2
CGKBPNCGK,DOM,36,18,RT,2025,1
CGKBPNCGK,DOM,37,1,RT,2026,1
CGKBPNCGK,DOM,37,4,RT,2026,1
CGKBPNCGK,DOM,38,1,RT,2025,1
CGKBPNCGK,DOM,38,8,RT,2026,1
CGKBPNCGK,DOM,39,2,RT,2025,2
CGKBPNCGK,DOM,39,3,RT,2026,1
CGKBPNCGK,DOM,39,14,RT,2026,2
CGKBPNCGK,DOM,39,25,RT,2026,1
CGKBPNCGK,DOM,40,1,RT,2026,2
CGKBPNCGK,DOM,40,2,RT,2026,1
CGKBPNCGK,DOM,40,12,RT,2026,1
CGKBPNCGK,DOM,42,1,RT,2025,6
CGKBPNCGK,DOM,42,10,RT,2026,1
CGKBPNCGK,DOM,43,3,RT,2025,2
CGKBPNCGK,DOM,43,6,RT,2025,6
CGKBPNCGK,DOM,43,40,RT,2025,2
CGKBPNCGK,DOM,44,6,RT,2025,3
CGKBPNCGK,DOM,45,14,RT,2026,4
CGKBPNCGK,DOM,45,25,RT,2026,2
CGKBPNCGK,DOM,45,40,RT,2025,1
CGKBPNCGK,DOM,46,1,RT,2026,1
CGKBPNCGK,DOM,46,6,RT,2025,2
CGKBPNCGK,DOM,46,14,RT,2025,6
CGKBPNCGK,DOM,47,3,RT,2026,3
CGKBPNCGK,DOM,47,7,RT,2026,1
CGKBPNCGK,DOM,48,3,RT,2025,5
CGKBPNCGK,DOM,48,4,RT,2025,1
CGKBPNCGK,DOM,48,5,RT,2025,6
CGKBPNCGK,DOM,48,40,RT,2025,1
CGKBPNCGK,DOM,49,6,RT,2026,2
CGKBPNCGK,DOM,49,7,RT,2025,6
CGKBPNCGK,DOM,49,8,RT,2026,1
CGKBPNCGK,DOM,49,14,RT,2025,1
CGKBPNCGK,DOM,49,18,RT,2025,4
CGKBPNCGK,DOM,50,2,RT,2025,4
CGKBPNCGK,DOM,50,7,RT,2026,6
CGKBPNCGK,DOM,50,8,RT,2025,1
CGKBPNCGK,DOM,51,6,RT,2025,3
CGKBPNCGK,DOM,51,25,RT,2025,1
CGKBPNCGK,DOM,52,4,RT,2025,2
CGKBPNCGK,DOM,52,8,RT,2025,4
CGKBPNCGK,DOM,52,18,RT,2026,1
CGKBPNCGK,DOM,53,4,RT,2026,4
CGKBPNCGK,DOM,53,7,RT,2025,3
CGKBPNCGK,DOM,53,18,RT,2026,2
CGKBPNCGK,DOM,54,8,RT,2026,3
CGKBPNCGK,DOM,54,18,RT,2025,2
CGKBPNCGK,DOM,55,12,RT,2025,2
CGKBPNCGK,DOM,55,14,RT,2026,1
CGKBPNCGK,DOM,55,40,RT,2026,6
CGKBPNCGK,DOM,56,2,RT,2026,1
CGKBPNCGK,DOM,56,3,RT,2025,6
CGKBPNCGK,DOM,56,6,RT,2025,2
CGKBPNCGK,DOM,57,10,RT,2025,1
CGKBPNCGK,DOM,58,4,RT,2025,3
CGKBPNCGK,DOM,58,10,RT,2025,6
CGKBPNCGK,DOM,58,25,RT,2025,2
CGKBPNCGK,DOM,58,40,RT,2026,1
CGKBPNCGK,DOM,59,3,RT,2025,3
CGKBPNCGK,DOM,60,4,RT,2025,1
CGKBPNCGK,DOM,60,25,RT,2025,2
CGKBPNCGK,DOM,61,8,RT,2025,8
CGKBPNCGK,DOM,62,1,RT,2025,6
CGKBPNCGK,DOM,62,6,RT,2026,1
CGKBPNCGK,DOM,62,18,RT,2025,1
CGKBPNCGK,DOM,64,1,RT,2025,1
CGKBPNCGK,DOM,64,3,RT,2025,2
CGKBPNCGK,DOM,64,3,RT,2026,3
CGKBPNCGK,DOM,64,40,RT,2026,1
CGKBPNCGK,DOM,65,2,RT,2025,2
CGKBPNCGK,DOM,65,40,RT,2026,6
CGKBPNCGK,DOM,66,3,RT,2026,1
CGKBPNCGK,DOM,66,12,RT,2026,3
CGKBPNCGK,DOM,66,14,RT,2026,6
CGKBPNCGK,DOM,67,3,RT,2025,3
CGKBPNCGK,DOM,67,3,RT,2026,3
CGKBPNCGK,DOM,67,5,RT,2025,3
CGKBPNCGK,DOM,67,6,RT,2026,3
CGKBPNCGK,DOM,68,12,RT,2026,1
CGKBPNCGK,DOM,69,1,RT,2026,2
CGKBPNCGK,DOM,69,2,RT,2025,1
CGKBPNCGK,DOM,69,2,RT,2026,3
CGKBPNCGK,DOM,69,3,RT,2025,3
CGKBPNCGK,DOM,69,4,RT,2025,1
CGKBPNCGK,DOM,70,12,RT,2026,2
CGKBPNCGK,DOM,70,40,RT,2025,1
CGKBPNCGK,DOM,71,14,RT,2025,6
CGKBPNCGK,DOM,71,18,RT,2025,3
CGKBPNCGK,DOM,71,18,RT,2026,2
CGKBPNCGK,DOM,71,25,RT,2025,2
CGKBPNCGK,DOM,72,2,RT,2026,1
CGKBPNCGK,DOM,72,4,RT,2025,2
CGKBPNCGK,DOM,72,8,RT,2025,1
CGKBPNCGK,DOM,72,14,RT,2025,1
CGKBPNCGK,DOM,73,2,RT,2026,2
CGKBPNCGK,DOM,73,3,RT,2025,4
CGKBPNCGK,DOM,74,8,RT,2026,1
CGKBPNCGK,DOM,75,2,RT,2026,1
CGKBPNCGK,DOM,75,3,RT,2025,2
CGKBPNCGK,DOM,75,7,RT,2025,3
CGKBPNCGK,DOM,75,7,RT,2026,1
CGKBPNCGK,DOM,76,1,RT,2026,1
CGKBPNCGK,DOM,76,3,RT,2026,4
CGKBPNCGK,DOM,76,4,RT,2026,1
CGKBPNCGK,DOM,76,12,RT,2025,1
CGKBPNCGK,DOM,77,2,RT,2025,2
CGKBPNCGK,DOM,78,1,RT,2026,1
CGKBPNCGK,DOM,78,7,RT,2025,1
CGKBPNCGK,DOM,79,5,RT,2025,1
CGKBPNCGK,DOM,79,7,RT,2025,1
CGKBPNCGK,DOM,79,8,RT,2025,1
CGKBPNCGK,DOM,79,40,RT,2025,3
CGKBPNCGK,DOM,80,5,RT,2026,2
CGKBPNCGK,DOM,81,2,RT,2025,1
CGKBPNCGK,DOM,81,12,RT,2026,1
CGKBPNCGK,DOM,81,18,RT,2026,3
CGKBPNCGK,DOM,81,40,RT,2025,1
CGKBPNCGK,DOM,82,2,RT,2026,1
CGKBPNCGK,DOM,82,40,RT,2026,6
CGKBPNCGK,DOM,84,4,RT,2026,1
CGKBPNCGK,DOM,84,5,RT,2025,3
CGKBPNCGK,DOM,84,12,RT,2025,2
CGKBPNCGK,DOM,85,1,RT,2025,2
CGKBPNCGK,DOM,85,3,RT,2025,2
CGKBPNCGK,DOM,85,6,RT,2025,2
CGKBPNCGK,DOM,87,4,RT,2025,1
CGKBPNCGK,DOM,87,6,RT,2026,2
CGKBPNCGK,DOM,87,7,RT,2026,2
CGKBPNCGK,DOM,87,14,RT,2026,1
CGKBPNCGK,DOM,87,18,RT,2025,2
CGKBPNCGK,DOM,88,18,RT,2025,2
CGKBPNCGK,DOM,89,1,RT,2025,6
CGKBPNCGK,DOM,89,2,RT,2025,2
CGKBPNCGK,DOM,90,2,RT,2025,4
CGKBPNCGK,DOM,90,10,RT,2025,3
CGKBPNCGK,DOM,90,18,RT,2025,2
CGKBPNCGK,DOM,92,25,RT,2025,2
CGKBPNCGK,DOM,94,3,RT,2025,1
CGKBPNCGK,DOM,95,8,RT,2026,1
CGKBPNCGK,DOM,95,10,RT,2026,2
CGKBPNCGK,DOM,96,3,RT,2025,3
CGKBPNCGK,DOM,96,7,RT,2025,1
CGKBPNCGK,DOM,97,7,RT,2026,3
CGKBPNCGK,DOM,101,2,RT,2025,1
CGKBPNCGK,DOM,102,4,RT,2025,1
CGKBPNCGK,DOM,103,1,RT,2025,2
CGKBPNCGK,DOM,103,4,RT,2026,4
CGKBPNCGK,DOM,104,2,RT,2025,1
CGKBPNCGK,DOM,108,40,RT,2025,4
CGKBPNCGK,DOM,110,40,RT,2025,4
CGKBPNCGK,DOM,114,40,RT,2025,3
CGKBPNCGK,DOM,117,25,RT,2026,2
CGKBPNCGK,DOM,118,2,RT,2025,2
CGKBPNCGK,DOM,118,2,RT,2026,4
CGKBPNCGK,DOM,121,25,RT,2025,1
CGKBPNCGK,DOM,124,5,RT,2025,2
CGKBPNCGK,DOM,124,18,RT,2025,6
CGKBPNCGK,DOM,126,1,RT,2025,4
CGKBPNCGK,DOM,127,1,RT,2025,1
CGKBPNCGK,DOM,128,2,RT,2025,1
CGKBPNCGK,DOM,130,12,RT,2025,3
CGKBPNCGK,DOM,131,7,RT,2025,1
CGKBPNCGK,DOM,133,1,RT,2026,1
CGKBPNCGK,DOM,134,1,RT,2025,2
CGKBPNCGK,DOM,135,1,RT,2026,2
CGKBPNCGK,DOM,137,12,RT,2025,4
CGKBPNCGK,DOM,140,3,RT,2026,1
CGKBPNCGK,DOM,141,7,RT,2026,6
CGKBPNCGK,DOM,142,1,RT,2026,1
CGKBPNCGK,DOM,142,2,RT,2026,2
CGKBPNCGK,DOM,144,14,RT,2026,1
CGKBPNCGK,DOM,148,14,RT,2025,1
CGKBPNCGK,DOM,154,8,RT,2026,2
CGKBPNCGK,DOM,158,6,RT,2025,2
CGKBPNCGK,DOM,160,10,RT,2026,1
CGKBPNCGK,DOM,162,5,RT,2025,4
CGKBPNCGK,DOM,162,18,RT,2026,2
CGKBPNCGK,DOM,166,6,RT,2025,1
CGKBPNCGK,DOM,168,2,RT,2025,1
CGKBPNCGK,DOM,171,3,RT,2025,1
CGKBPNCGK,DOM,172,25,RT,2025,1
CGKBPNCGK,DOM,173,5,RT,2025,3
CGKBPNCGK,DOM,174,2,RT,2026,4
CGKBPNCGK,DOM,174,6,RT,2025,1
CGKBPNCGK,DOM,174,40,RT,2026,1
CGKBPNCGK,DOM,175,40,RT,2026,2
CGKBPNCGK,DOM,177,3,RT,2025,5
CGKBPNCGK,DOM,181,3,RT,2025,2
CGKBPNCGK,DOM,183,6,RT,2025,3
CGKBPNCGK,DOM,187,4,RT,2025,1
CGKBPNCGK,DOM,188,18,RT,2026,2
CGKBPNCGK,DOM,190,1,RT,2026,3
CGKBPNCGK,DOM,190,2,RT,2025,5
CGKBPNCGK,DOM,192,4,RT,2025,1
CGKBPNCGK,DOM,192,8,RT,2026,2
CGKBPNCGK,DOM,194,25,RT,2025,2
CGKBPNCGK,DOM,195,25,RT,2026,6
CGKBPNCGK,DOM,196,18,RT,2026,2
CGKBPNCGK,DOM,197,3,RT,2025,1
CGKBPNCGK,DOM,197,7,RT,2025,3
CGKBPNCGK,DOM,198,2,RT,2025,3
CGKBPNCGK,DOM,205,25,RT,2025,4
CGKBPNCGK,DOM,205,40,RT,2026,3
CGKBPNCGK,DOM,207,6,RT,2025,1
CGKBPNCGK,DOM,207,7,RT,2026,2
CGKBPNCGK,DOM,208,6,RT,2026,2
CGKBPNCGK,DOM,216,25,RT,2026,2
CGKBPNCGK,DOM,218,14,RT,2026,1
CGKBPNCGK,DOM,219,1,RT,2025,1
CGKBTH,DOM,0,0,OW,2025,11
CGKBTH,DOM,0,0,OW,2026,9
CGKBTH,DOM,1,0,OW,2025,18
CGKBTH,DOM,1,0,OW,2026,11
CGKBTH,DOM,2,0,OW,2025,29
CGKBTH,DOM,2,0,OW,2026,17
CGKBTH,DOM,3,0,OW,2025,19
CGKBTH,DOM,3,0,OW,2026,9
CGKBTH,DOM,4,0,OW,2025,22
CGKBTH,DOM,4,0,OW,2026,12
CGKBTH,DOM,5,0,OW,2025,17
CGKBTH,DOM,5,0,OW,2026,22
CGKBTH,DOM,6,0,OW,2025,10
CGKBTH,DOM,6,0,OW,2026,20
CGKBTH,DOM,7,0,OW,2025,12
CGKBTH,DOM,7,0,OW,2026,4
CGKBTH,DOM,8,0,OW,2025,10
CGKBTH,DOM,8,0,OW,2026,8
CGKBTH,DOM,9,0,OW,2025,12
CGKBTH,DOM,9,0,OW,2026,4
CGKBTH,DOM,10,0,OW,2025,7
CGKBTH,DOM,10,0,OW,2026,7
CGKBTH,DOM,11,0,OW,2025,10
CGKBTH,DOM,11,0,OW,2026,9
CGKBTH,DOM,12,0,OW,2025,5
CGKBTH,DOM,12,0,OW,2026,1
CGKBTH,DOM,13,0,OW,2025,14
CGKBTH,DOM,13,0,OW,2026,10
CGKBTH,DOM,14,0,OW,2025,9
CGKBTH,DOM,14,0,OW,2026,7
CGKBTH,DOM,15,0,OW,2025,8
CGKBTH,DOM,15,0,OW,2026,6
CGKBTH,DOM,16,0,OW,2025,16
CGKBTH,DOM,16,0,OW,2026,9
CGKBTH,DOM,17,0,OW,2025,14
CGKBTH,DOM,17,0,OW,2026,14
CGKBTH,DOM,18,0,OW,2025,7
CGKBTH,DOM,18,0,OW,2026,5
CGKBTH,DOM,19,0,OW,2025,10
CGKBTH,DOM,19,0,OW,2026,3
CGKBTH,DOM,20,0,OW,2025,13
CGKBTH,DOM,20,0,OW,2026,14
CGKBTH,DOM,21,0,OW,2025,6
CGKBTH,DOM,21,0,OW,2026,7
CGKBTH,DOM,22,0,OW,2025,18
CGKBTH,DOM,22,0,OW,2026,18
CGKBTH,DOM,23,0,OW,2025,13
CGKBTH,DOM,23,0,OW,2026,2
CGKBTH,DOM,24,0,OW,2025,11
CGKBTH,DOM,24,0,OW,2026,4
CGKBTH,DOM,25,0,OW,2025,11
CGKBTH,DOM,25,0,OW,2026,14
CGKBTH,DOM,26,0,OW,2025,3
CGKBTH,DOM,26,0,OW,2026,11
CGKBTH,DOM,27,0,OW,2025,3
CGKBTH,DOM,27,0,OW,2026,19
CGKBTH,DOM,28,0,OW,2025,12
CGKBTH,DOM,28,0,OW,2026,10
CGKBTH,DOM,29,0,OW,2025,18
CGKBTH,DOM,29,0,OW,2026,4
CGKBTH,DOM,30,0,OW,2025,8
CGKBTH,DOM,30,0,OW,2026,10
CGKBTH,DOM,31,0,OW,2025,1
CGKBTH,DOM,31,0,OW,2026,10
CGKBTH,DOM,32,0,OW,2026,5
CGKBTH,DOM,34,0,OW,2025,5
CGKBTH,DOM,35,0,OW,2025,4
CGKBTH,DOM,36,0,OW,2025,1
CGKBTH,DOM,38,0,OW,2025,1
CGKBTH,DOM,39,0,OW,2026,4
CGKBTH,DOM,40,0,OW,2025,1
CGKBTH,DOM,40,0,OW,2026,3
CGKBTH,DOM,43,0,OW,2026,1
CGKBTH,DOM,44,0,OW,2025,5
CGKBTH,DOM,44,0,OW,2026,1
CGKBTH,DOM,46,0,OW,2025,3
CGKBTH,DOM,47,0,OW,2025,1
CGKBTH,DOM,48,0,OW,2025,3
CGKBTH,DOM,49,0,OW,2025,2
CGKBTH,DOM,49,0,OW,2026,3
CGKBTH,DOM,50,0,OW,2025,1
CGKBTH,DOM,50,0,OW,2026,9
CGKBTH,DOM,51,0,OW,2025,4
CGKBTH,DOM,51,0,OW,2026,2
CGKBTH,DOM,52,0,OW,2025,2
CGKBTH,DOM,53,0,OW,2025,2
CGKBTH,DOM,53,0,OW,2026,6
CGKBTH,DOM,54,0,OW,2026,4
CGKBTH,DOM,55,0,OW,2026,4
CGKBTH,DOM,56,0,OW,2025,5
CGKBTH,DOM,57,0,OW,2025,1
CGKBTH,DOM,57,0,OW,2026,1
CGKBTH,DOM,58,0,OW,2025,1
CGKBTH,DOM,58,0,OW,2026,1
CGKBTH,DOM,59,0,OW,2025,9
CGKBTH,DOM,59,0,OW,2026,1
CGKBTH,DOM,60,0,OW,2026,4
CGKBTH,DOM,61,0,OW,2025,1
CGKBTH,DOM,63,0,OW,2025,4
CGKBTH,DOM,64,0,OW,2025,5
CGKBTH,DOM,64,0,OW,2026,1
CGKBTH,DOM,65,0,OW,2025,3
CGKBTH,DOM,65,0,OW,2026,2
CGKBTH,DOM,66,0,OW,2025,1
CGKBTH,DOM,66,0,OW,2026,2
CGKBTH,DOM,68,0,OW,2025,1
CGKBTH,DOM,68,0,OW,2026,1
CGKBTH,DOM,70,0,OW,2025,1
CGKBTH,DOM,70,0,OW,2026,3
CGKBTH,DOM,71,0,OW,2025,1
CGKBTH,DOM,71,0,OW,2026,4
CGKBTH,DOM,73,0,OW,2026,1
CGKBTH,DOM,74,0,OW,2025,1
CGKBTH,DOM,79,0,OW,2026,4
CGKBTH,DOM,80,0,OW,2025,4
CGKBTH,DOM,80,0,OW,2026,1
CGKBTH,DOM,82,0,OW,2026,5
CGKBTH,DOM,84,0,OW,2026,6
CGKBTH,DOM,86,0,OW,2025,3
CGKBTH,DOM,87,0,OW,2025,5
CGKBTH,DOM,88,0,OW,2025,1
CGKBTH,DOM,88,0,OW,2026,4
CGKBTH,DOM,89,0,OW,2025,5
CGKBTH,DOM,89,0,OW,2026,4
CGKBTH,DOM,90,0,OW,2025,4
CGKBTH,DOM,90,0,OW,2026,2
CGKBTH,DOM,91,0,OW,2025,5
CGKBTH,DOM,94,0,OW,2026,1
CGKBTH,DOM,122,0,OW,2026,1
CGKBTH,DOM,124,0,OW,2026,1
CGKBTH,DOM,125,0,OW,2026,4
CGKBTH,DOM,132,0,OW,2025,2
CGKBTH,DOM,132,0,OW,2026,4
CGKBTH,DOM,133,0,OW,2025,3
CGKBTH,DOM,133,0,OW,2026,4
CGKBTH,DOM,139,0,OW,2025,1
CGKBTH,DOM,142,0,OW,2025,3
CGKBTH,DOM,146,0,OW,2025,1
CGKBTH,DOM,151,0,OW,2025,3
CGKBTH,DOM,156,0,OW,2026,1
CGKBTH,DOM,161,0,OW,2026,2
CGKBTH,DOM,164,0,OW,2025,4
CGKBTH,DOM,166,0,OW,2026,6
CGKBTH,DOM,176,0,OW,2025,5
CGKBTH,DOM,180,0,OW,2026,5
CGKBTH,DOM,181,0,OW,2025,2
CGKBTH,DOM,182,0,OW,2025,1
CGKBTH,DOM,187,0,OW,2025,2
CGKBTH,DOM,196,0,OW,2026,4
CGKBTH,DOM,201,0,OW,2025,2
CGKBTH,DOM,201,0,OW,2026,1
CGKBTH,DOM,202,0,OW,2026,4
CGKBTH,DOM,209,0,OW,2025,1
CGKBTH,DOM,209,0,OW,2026,3
CGKBTH,DOM,210,0,OW,2025,3
CGKBTH,DOM,212,0,OW,2025,1
CGKBTH,DOM,214,0,OW,2025,4
CGKBTH,DOM,215,0,OW,2025,3
CGKBTH,DOM,216,0,OW,2026,1
CGKBTH,DOM,217,0,OW,2025,1
CGKBTH,DOM,218,0,OW,2026,6
CGKBTH,DOM,219,0,OW,2025,2
CGKBTHCGK,DOM,0,1,RT,2026,1
CGKBTHCGK,DOM,0,2,RT,2025,1
CGKBTHCGK,DOM,0,2,RT,2026,3
CGKBTHCGK,DOM,0,3,RT,2025,8
CGKBTHCGK,DOM,0,3,RT,2026,4
CGKBTHCGK,DOM,0,4,RT,2025,3
CGKBTHCGK,DOM,0,5,RT,2026,1
CGKBTHCGK,DOM,0,7,RT,2025,3
CGKBTHCGK,DOM,0,8,RT,2025,4
CGKBTHCGK,DOM,0,40,RT,2026,5
CGKBTHCGK,DOM,1,2,RT,2025,1
CGKBTHCGK,DOM,1,2,RT,2026,3
CGKBTHCGK,DOM,1,4,RT,2026,3
CGKBTHCGK,DOM,1,5,RT,2025,5
CGKBTHCGK,DOM,1,7,RT,2025,7
CGKBTHCGK,DOM,1,10,RT,2025,3
CGKBTHCGK,DOM,1,18,RT,2025,3
CGKBTHCGK,DOM,1,40,RT,2026,2
CGKBTHCGK,DOM,2,1,RT,2026,1
CGKBTHCGK,DOM,2,2,RT,2026,1
CGKBTHCGK,DOM,2,3,RT,2025,2
CGKBTHCGK,DOM,2,5,RT,2025,4
CGKBTHCGK,DOM,2,5,RT,2026,5
CGKBTHCGK,DOM,2,7,RT,2025,2
CGKBTHCGK,DOM,2,8,RT,2026,2
CGKBTHCGK,DOM,2,10,RT,2025,1
CGKBTHCGK,DOM,2,12,RT,2025,1
CGKBTHCGK,DOM,2,14,RT,2025,1
CGKBTHCGK,DOM,2,25,RT,2025,1
CGKBTHCGK,DOM,2,25,RT,2026,6
CGKBTHCGK,DOM,3,1,RT,2025,1
CGKBTHCGK,DOM,3,1,RT,2026,6
CGKBTHCGK,DOM,3,2,RT,2025,3
CGKBTHCGK,DOM,3,3,RT,2025,2
CGKBTHCGK,DOM,3,3,RT,2026,4
CGKBTHCGK,DOM,3,5,RT,2025,1
CGKBTHCGK,DOM,3,5,RT,2026,1
CGKBTHCGK,DOM,3,6,RT,2025,2
CGKBTHCGK,DOM,3,7,RT,2026,3
CGKBTHCGK,DOM,3,8,RT,2025,2
CGKBTHCGK,DOM,3,8,RT,2026,6
CGKBTHCGK,DOM,3,10,RT,2026,2
CGKBTHCGK,DOM,3,18,RT,2026,1
CGKBTHCGK,DOM,3,40,RT,2025,3
CGKBTHCGK,DOM,4,1,RT,2025,4
CGKBTHCGK,DOM,4,2,RT,2026,3
CGKBTHCGK,DOM,4,3,RT,2025,1
CGKBTHCGK,DOM,4,3,RT,2026,2
CGKBTHCGK,DOM,4,5,RT,2025,5
CGKBTHCGK,DOM,4,5,RT,2026,2
CGKBTHCGK,DOM,4,6,RT,2025,3
CGKBTHCGK,DOM,4,6,RT,2026,2
CGKBTHCGK,DOM,4,7,RT,2026,1
CGKBTHCGK,DOM,4,10,RT,2025,2
CGKBTHCGK,DOM,4,10,RT,2026,2
CGKBTHCGK,DOM,4,12,RT,2026,2
CGKBTHCGK,DOM,4,18,RT,2026,2
CGKBTHCGK,DOM,4,25,RT,2026,5
CGKBTHCGK,DOM,5,2,RT,2025,7
CGKBTHCGK,DOM,5,3,RT,2025,2
CGKBTHCGK,DOM,5,5,RT,2025,2
CGKBTHCGK,DOM,5,5,RT,2026,8
CGKBTHCGK,DOM,5,6,RT,2025,2
CGKBTHCGK,DOM,5,7,RT,2026,1
CGKBTHCGK,DOM,5,8,RT,2026,2
CGKBTHCGK,DOM,5,10,RT,2025,4
CGKBTHCGK,DOM,5,10,RT,2026,2
CGKBTHCGK,DOM,5,12,RT,2025,3
CGKBTHCGK,DOM,5,14,RT,2025,2
CGKBTHCGK,DOM,5,40,RT,2026,2
CGKBTHCGK,DOM,6,1,RT,2025,8
CGKBTHCGK,DOM,6,1,RT,2026,1
CGKBTHCGK,DOM,6,2,RT,2025,7
CGKBTHCGK,DOM,6,2,RT,2026,2
CGKBTHCGK,DOM,6,3,RT,2025,2
CGKBTHCGK,DOM,6,3,RT,2026,1
CGKBTHCGK,DOM,6,5,RT,2026,2
CGKBTHCGK,DOM,6,6,RT,2025,2
CGKBTHCGK,DOM,6,6,RT,2026,1
CGKBTHCGK,DOM,6,7,RT,2026,2
CGKBTHCGK,DOM,6,10,RT,2026,4
CGKBTHCGK,DOM,6,12,RT,2026,2
CGKBTHCGK,DOM,6,18,RT,2026,1
CGKBTHCGK,DOM,6,25,RT,2025,2
CGKBTHCGK,DOM,6,40,RT,2025,2
CGKBTHCGK,DOM,7,1,RT,2025,2
CGKBTHCGK,DOM,7,1,RT,2026,1
CGKBTHCGK,DOM,7,2,RT,2026,6
CGKBTHCGK,DOM,7,3,RT,2025,7
CGKBTHCGK,DOM,7,3,RT,2026,5
CGKBTHCGK,DOM,7,5,RT,2025,7
CGKBTHCGK,DOM,7,6,RT,2025,3
CGKBTHCGK,DOM,7,6,RT,2026,1
CGKBTHCGK,DOM,7,8,RT,2025,2
CGKBTHCGK,DOM,7,14,RT,2025,1
CGKBTHCGK,DOM,7,18,RT,2025,6
CGKBTHCGK,DOM,7,25,RT,2025,5
CGKBTHCGK,DOM,7,25,RT,2026,1
CGKBTHCGK,DOM,8,1,RT,2026,6
CGKBTHCGK,DOM,8,2,RT,2025,1
CGKBTHCGK,DOM,8,2,RT,2026,4
CGKBTHCGK,DOM,8,5,RT,2026,2
CGKBTHCGK,DOM,8,6,RT,2025,1
CGKBTHCGK,DOM,8,8,RT,2025,4
CGKBTHCGK,DOM,8,8,RT,2026,1
CGKBTHCGK,DOM,8,14,RT,2025,3
CGKBTHCGK,DOM,8,18,RT,2025,2
CGKBTHCGK,DOM,8,18,RT,2026,4
CGKBTHCGK,DOM,8,25,RT,2026,2
CGKBTHCGK,DOM,9,4,RT,2026,1
CGKBTHCGK,DOM,9,5,RT,2025,1
CGKBTHCGK,DOM,9,6,RT,2026,5
CGKBTHCGK,DOM,9,7,RT,2026,5
CGKBTHCGK,DOM,9,8,RT,2025,1
CGKBTHCGK,DOM,9,10,RT,2025,2
CGKBTHCGK,DOM,9,12,RT,2025,2
CGKBTHCGK,DOM,9,18,RT,2026,5
CGKBTHCGK,DOM,9,25,RT,2025,3
CGKBTHCGK,DOM,9,40,RT,2025,4
CGKBTHCGK,DOM,10,1,RT,2025,7
CGKBTHCGK,DOM,10,2,RT,2026,3
CGKBTHCGK,DOM,10,6,RT,2026,6
CGKBTHCGK,DOM,10,8,RT,2026,1
CGKBTHCGK,DOM,11,1,RT,2025,2
CGKBTHCGK,DOM,11,2,RT,2025,4
CGKBTHCGK,DOM,11,4,RT,2025,1
CGKBTHCGK,DOM,11,5,RT,2026,1
CGKBTHCGK,DOM,11,6,RT,2025,2
CGKBTHCGK,DOM,11,8,RT,2025,1
CGKBTHCGK,DOM,11,10,RT,2025,3
CGKBTHCGK,DOM,11,25,RT,2025,2
CGKBTHCGK,DOM,12,2,RT,2025,2
CGKBTHCGK,DOM,12,3,RT,2026,1
CGKBTHCGK,DOM,12,5,RT,2026,6
CGKBTHCGK,DOM,12,10,RT,2026,5
CGKBTHCGK,DOM,12,12,RT,2025,2
CGKBTHCGK,DOM,12,12,RT,2026,3
CGKBTHCGK,DOM,12,18,RT,2026,3
CGKBTHCGK,DOM,12,40,RT,2025,6
CGKBTHCGK,DOM,13,1,RT,2025,2
CGKBTHCGK,DOM,13,3,RT,2025,1
CGKBTHCGK,DOM,13,6,RT,2025,4
CGKBTHCGK,DOM,13,8,RT,2025,4
CGKBTHCGK,DOM,13,14,RT,2025,1
CGKBTHCGK,DOM,13,25,RT,2025,5
CGKBTHCGK,DOM,13,40,RT,2025,3
CGKBTHCGK,DOM,13,40,RT,2026,6
CGKBTHCGK,DOM,14,1,RT,2026,1
CGKBTHCGK,DOM,14,2,RT,2025,2
CGKBTHCGK,DOM,14,2,RT,2026,1
CGKBTHCGK,DOM,14,3,RT,2026,2
CGKBTHCGK,DOM,14,4,RT,2025,1
CGKBTHCGK,DOM,14,7,RT,2025,2
CGKBTHCGK,DOM,14,12,RT,2026,1
CGKBTHCGK,DOM,14,14,RT,2026,1
CGKBTHCGK,DOM,14,40,RT,2025,2
CGKBTHCGK,DOM,15,1,RT,2026,2
CGKBTHCGK,DOM,15,2,RT,2025,1
CGKBTHCGK,DOM,15,3,RT,2025,4
CGKBTHCGK,DOM,15,4,RT,2026,1
CGKBTHCGK,DOM,15,5,RT,2026,2
CGKBTHCGK,DOM,15,6,RT,2025,1
CGKBTHCGK,DOM,15,6,RT,2026,6
CGKBTHCGK,DOM,15,7,RT,2025,6
CGKBTHCGK,DOM,15,10,RT,2025,1
CGKBTHCGK,DOM,15,12,RT,2026,2
CGKBTHCGK,DOM,15,25,RT,2026,2
CGKBTHCGK,DOM,16,1,RT,2026,8
CGKBTHCGK,DOM,16,2,RT,2025,5
CGKBTHCGK,DOM,16,7,RT,2025,1
CGKBTHCGK,DOM,16,8,RT,2026,4
CGKBTHCGK,DOM,16,10,RT,2025,3
CGKBTHCGK,DOM,16,18,RT,2025,1
CGKBTHCGK,DOM,17,1,RT,2025,1
CGKBTHCGK,DOM,17,3,RT,2025,5
CGKBTHCGK,DOM,17,8,RT,2026,1
CGKBTHCGK,DOM,17,18,RT,2026,1
CGKBTHCGK,DOM,17,40,RT,2026,1
CGKBTHCGK,DOM,18,1,RT,2026,1
CGKBTHCGK,DOM,18,3,RT,2025,3
CGKBTHCGK,DOM,18,3,RT,2026,1
CGKBTHCGK,DOM,18,5,RT,2025,1
CGKBTHCGK,DOM,18,5,RT,2026,4
CGKBTHCGK,DOM,18,7,RT,2026,3
CGKBTHCGK,DOM,18,12,RT,2025,2
CGKBTHCGK,DOM,18,18,RT,2025,3
CGKBTHCGK,DOM,18,40,RT,2025,3
CGKBTHCGK,DOM,19,2,RT,2025,1
CGKBTHCGK,DOM,19,2,RT,2026,4
CGKBTHCGK,DOM,19,14,RT,2025,1
CGKBTHCGK,DOM,19,18,RT,2025,3
CGKBTHCGK,DOM,19,25,RT,2026,3
CGKBTHCGK,DOM,20,1,RT,2025,2
CGKBTHCGK,DOM,20,2,RT,2025,5
CGKBTHCGK,DOM,20,3,RT,2025,1
CGKBTHCGK,DOM,20,4,RT,2025,2
CGKBTHCGK,DOM,20,7,RT,2025,8
CGKBTHCGK,DOM,20,10,RT,2025,5
CGKBTHCGK,DOM,20,12,RT,2026,7
CGKBTHCGK,DOM,20,25,RT,2025,2
CGKBTHCGK,DOM,21,1,RT,2025,1
CGKBTHCGK,DOM,21,2,RT,2025,1
CGKBTHCGK,DOM,21,4,RT,2025,4
CGKBTHCGK,DOM,21,4,RT,2026,1
CGKBTHCGK,DOM,21,6,RT,2026,2
CGKBTHCGK,DOM,21,8,RT,2025,1
CGKBTHCGK,DOM,21,8,RT,2026,6
CGKBTHCGK,DOM,21,14,RT,2026,6
CGKBTHCGK,DOM,21,18,RT,2025,1
CGKBTHCGK,DOM,22,1,RT,2025,6
CGKBTHCGK,DOM,22,2,RT,2025,6
CGKBTHCGK,DOM,22,4,RT,2026,4
CGKBTHCGK,DOM,22,10,RT,2025,1
CGKBTHCGK,DOM,22,12,RT,2025,2
CGKBTHCGK,DOM,22,14,RT,2026,5
CGKBTHCGK,DOM,22,18,RT,2026,3
CGKBTHCGK,DOM,22,40,RT,2025,1
CGKBTHCGK,DOM,23,1,RT,2025,12
CGKBTHCGK,DOM,23,1,RT,2026,4
CGKBTHCGK,DOM,23,2,RT,2025,4
CGKBTHCGK,DOM,23,3,RT,2026,2
CGKBTHCGK,DOM,23,4,RT,2025,4
CGKBTHCGK,DOM,23,5,RT,2026,3
CGKBTHCGK,DOM,23,14,RT,2026,3
CGKBTHCGK,DOM,23,18,RT,2025,2
CGKBTHCGK,DOM,23,18,RT,2026,5
CGKBTHCGK,DOM,23,25,RT,2025,3
CGKBTHCGK,DOM,23,25,RT,2026,2
CGKBTHCGK,DOM,24,1,RT,2025,4
CGKBTHCGK,DOM,24,1,RT,2026,4
CGKBTHCGK,DOM,24,2,RT,2025,1
CGKBTHCGK,DOM,24,3,RT,2026,2
CGKBTHCGK,DOM,24,4,RT,2026,2
CGKBTHCGK,DOM,24,8,RT,2025,1
CGKBTHCGK,DOM,24,12,RT,2026,1
CGKBTHCGK,DOM,24,40,RT,2025,2
CGKBTHCGK,DOM,25,1,RT,2026,1
CGKBTHCGK,DOM,25,2,RT,2026,5
CGKBTHCGK,DOM,25,3,RT,2025,1
CGKBTHCGK,DOM,25,3,RT,2026,2
CGKBTHCGK,DOM,25,4,RT,2025,2
CGKBTHCGK,DOM,25,4,RT,2026,2
CGKBTHCGK,DOM,25,10,RT,2025,2
CGKBTHCGK,DOM,25,25,RT,2025,1
CGKBTHCGK,DOM,26,1,RT,2025,2
CGKBTHCGK,DOM,26,3,RT,2025,4
CGKBTHCGK,DOM,26,14,RT,2026,1
CGKBTHCGK,DOM,26,18,RT,2026,2
CGKBTHCGK,DOM,26,25,RT,2026,1
CGKBTHCGK,DOM,26,40,RT,2025,7
CGKBTHCGK,DOM,27,2,RT,2025,6
CGKBTHCGK,DOM,27,4,RT,2025,1
CGKBTHCGK,DOM,27,6,RT,2025,3
CGKBTHCGK,DOM,27,25,RT,2025,2
CGKBTHCGK,DOM,27,40,RT,2025,2
CGKBTHCGK,DOM,27,40,RT,2026,2
CGKBTHCGK,DOM,28,1,RT,2026,2
CGKBTHCGK,DOM,28,2,RT,2025,3
CGKBTHCGK,DOM,28,2,RT,2026,6
CGKBTHCGK,DOM,28,10,RT,2026,1
CGKBTHCGK,DOM,28,12,RT,2026,2
CGKBTHCGK,DOM,29,1,RT,2025,2
CGKBTHCGK,DOM,29,2,RT,2025,1
CGKBTHCGK,DOM,29,2,RT,2026,2
CGKBTHCGK,DOM,29,5,RT,2026,1
CGKBTHCGK,DOM,29,7,RT,2025,1
CGKBTHCGK,DOM,29,8,RT,2026,4
CGKBTHCGK,DOM,29,10,RT,2025,4
CGKBTHCGK,DOM,29,10,RT,2026,5
CGKBTHCGK,DOM,29,12,RT,2026,1
CGKBTHCGK,DOM,29,25,RT,2026,2
CGKBTHCGK,DOM,30,3,RT,2025,1
CGKBTHCGK,DOM,30,3,RT,2026,1
CGKBTHCGK,DOM,30,4,RT,2025,3
CGKBTHCGK,DOM,30,6,RT,2025,2
CGKBTHCGK,DOM,30,7,RT,2025,1
CGKBTHCGK,DOM,30,18,RT,2026,2
CGKBTHCGK,DOM,30,25,RT,2025,1
CGKBTHCGK,DOM,30,40,RT,2026,2
CGKBTHCGK,DOM,31,10,RT,2026,1
CGKBTHCGK,DOM,31,18,RT,2026,2
CGKBTHCGK,DOM,32,10,RT,2026,3
CGKBTHCGK,DOM,32,18,RT,2026,2
CGKBTHCGK,DOM,32,25,RT,2025,3
CGKBTHCGK,DOM,33,2,RT,2026,3
CGKBTHCGK,DOM,33,5,RT,2025,1
CGKBTHCGK,DOM,33,7,RT,2026,1
CGKBTHCGK,DOM,33,18,RT,2026,5
CGKBTHCGK,DOM,34,5,RT,2025,3
CGKBTHCGK,DOM,35,1,RT,2025,4
CGKBTHCGK,DOM,35,8,RT,2025,1
CGKBTHCGK,DOM,37,1,RT,2025,2
CGKBTHCGK,DOM,37,40,RT,2025,1
CGKBTHCGK,DOM,38,2,RT,2025,2
CGKBTHCGK,DOM,38,6,RT,2026,1
CGKBTHCGK,DOM,38,10,RT,2026,2
CGKBTHCGK,DOM,39,10,RT,2025,4
CGKBTHCGK,DOM,39,14,RT,2026,1
CGKBTHCGK,DOM,40,2,RT,2025,2
CGKBTHCGK,DOM,40,4,RT,2025,1
CGKBTHCGK,DOM,40,18,RT,2025,1
CGKBTHCGK,DOM,41,2,RT,2025,6
CGKBTHCGK,DOM,41,3,RT,2026,4
CGKBTHCGK,DOM,41,25,RT,2026,2
CGKBTHCGK,DOM,42,3,RT,2025,4
CGKBTHCGK,DOM,42,12,RT,2026,2
CGKBTHCGK,DOM,42,18,RT,2026,2
CGKBTHCGK,DOM,42,25,RT,2026,1
CGKBTHCGK,DOM,43,1,RT,2025,6
CGKBTHCGK,DOM,44,2,RT,2026,2
CGKBTHCGK,DOM,46,5,RT,2025,1
CGKBTHCGK,DOM,46,40,RT,2025,4
CGKBTHCGK,DOM,46,40,RT,2026,1
CGKBTHCGK,DOM,47,2,RT,2025,1
CGKBTHCGK,DOM,47,8,RT,2026,1
CGKBTHCGK,DOM,49,3,RT,2025,1
CGKBTHCGK,DOM,49,5,RT,2026,5
CGKBTHCGK,DOM,50,8,RT,2026,3
CGKBTHCGK,DOM,50,40,RT,2026,2
CGKBTHCGK,DOM,52,1,RT,2026,4
CGKBTHCGK,DOM,52,4,RT,2025,8
CGKBTHCGK,DOM,52,6,RT,2025,3
CGKBTHCGK,DOM,53,10,RT,2026,4
CGKBTHCGK,DOM,54,6,RT,2026,1
CGKBTHCGK,DOM,54,10,RT,2025,1
CGKBTHCGK,DOM,54,12,RT,2025,6
CGKBTHCGK,DOM,55,40,RT,2025,4
CGKBTHCGK,DOM,56,1,RT,2026,1
CGKBTHCGK,DOM,56,40,RT,2025,1
CGKBTHCGK,DOM,57,40,RT,2025,3
CGKBTHCGK,DOM,58,2,RT,2025,1
CGKBTHCGK,DOM,58,6,RT,2026,1
CGKBTHCGK,DOM,58,14,RT,2026,2
CGKBTHCGK,DOM,59,1,RT,2025,1
CGKBTHCGK,DOM,59,2,RT,2025,1
CGKBTHCGK,DOM,59,18,RT,2025,6
CGKBTHCGK,DOM,61,5,RT,2025,2
CGKBTHCGK,DOM,62,2,RT,2025,6
CGKBTHCGK,DOM,63,1,RT,2025,5
CGKBTHCGK,DOM,63,1,RT,2026,1
CGKBTHCGK,DOM,63,18,RT,2025,2
CGKBTHCGK,DOM,64,40,RT,2025,1
CGKBTHCGK,DOM,65,1,RT,2026,5
CGKBTHCGK,DOM,65,3,RT,2026,3
CGKBTHCGK,DOM,66,6,RT,2025,6
CGKBTHCGK,DOM,67,2,RT,2025,1
CGKBTHCGK,DOM,67,8,RT,2025,6
CGKBTHCGK,DOM,67,8,RT,2026,2
CGKBTHCGK,DOM,68,1,RT,2025,3
CGKBTHCGK,DOM,68,2,RT,2026,1
CGKBTHCGK,DOM,68,4,RT,2026,2
CGKBTHCGK,DOM,69,3,RT,2026,4
CGKBTHCGK,DOM,69,4,RT,2025,1
CGKBTHCGK,DOM,69,7,RT,2025,5
CGKBTHCGK,DOM,70,1,RT,2026,1
CGKBTHCGK,DOM,70,2,RT,2025,6
CGKBTHCGK,DOM,70,3,RT,2026,3
CGKBTHCGK,DOM,70,7,RT,2025,2
CGKBTHCGK,DOM,71,8,RT,2026,3
CGKBTHCGK,DOM,71,40,RT,2025,2
CGKBTHCGK,DOM,72,5,RT,2025,3
CGKBTHCGK,DOM,72,8,RT,2026,2
CGKBTHCGK,DOM,73,1,RT,2026,2
CGKBTHCGK,DOM,73,4,RT,2025,5
CGKBTHCGK,DOM,73,5,RT,2026,2
CGKBTHCGK,DOM,73,8,RT,2025,1
CGKBTHCGK,DOM,73,8,RT,2026,3
CGKBTHCGK,DOM,76,1,RT,2026,4
CGKBTHCGK,DOM,76,8,RT,2026,4
CGKBTHCGK,DOM,77,8,RT,2026,3
CGKBTHCGK,DOM,79,3,RT,2025,1
CGKBTHCGK,DOM,79,5,RT,2025,1
CGKBTHCGK,DOM,79,12,RT,2025,3
CGKBTHCGK,DOM,81,2,RT,2025,3
CGKBTHCGK,DOM,81,8,RT,2026,2
CGKBTHCGK,DOM,82,1,RT,2025,7
CGKBTHCGK,DOM,82,2,RT,2025,2
CGKBTHCGK,DOM,82,5,RT,2025,1
CGKBTHCGK,DOM,83,8,RT,2026,1
CGKBTHCGK,DOM,83,10,RT,2026,2
CGKBTHCGK,DOM,84,3,RT,2026,2
CGKBTHCGK,DOM,84,6,RT,2025,1
CGKBTHCGK,DOM,84,10,RT,2026,5
CGKBTHCGK,DOM,84,25,RT,2026,1
CGKBTHCGK,DOM,85,4,RT,2026,1
CGKBTHCGK,DOM,85,8,RT,2026,2
CGKBTHCGK,DOM,86,10,RT,2025,1
CGKBTHCGK,DOM,87,18,RT,2025,1
CGKBTHCGK,DOM,89,1,RT,2025,2
CGKBTHCGK,DOM,89,10,RT,2026,1
CGKBTHCGK,DOM,89,14,RT,2026,6
CGKBTHCGK,DOM,90,10,RT,2026,1
CGKBTHCGK,DOM,91,14,RT,2026,3
CGKBTHCGK,DOM,106,2,RT,2025,1
CGKBTHCGK,DOM,109,2,RT,2026,4
CGKBTHCGK,DOM,110,7,RT,2026,2
CGKBTHCGK,DOM,119,12,RT,2025,2
CGKBTHCGK,DOM,124,10,RT,2026,1
CGKBTHCGK,DOM,127,18,RT,2026,2
CGKBTHCGK,DOM,129,5,RT,2026,1
CGKBTHCGK,DOM,133,7,RT,2025,2
CGKBTHCGK,DOM,133,40,RT,2025,6
CGKBTHCGK,DOM,134,12,RT,2026,3
CGKBTHCGK,DOM,135,18,RT,2026,2
CGKBTHCGK,DOM,139,7,RT,2025,5
CGKBTHCGK,DOM,140,1,RT,2025,4
CGKBTHCGK,DOM,140,7,RT,2025,2
CGKBTHCGK,DOM,142,18,RT,2025,3
CGKBTHCGK,DOM,143,10,RT,2026,1
CGKBTHCGK,DOM,146,7,RT,2025,3
CGKBTHCGK,DOM,149,1,RT,2026,1
CGKBTHCGK,DOM,158,2,RT,2026,1
CGKBTHCGK,DOM,159,1,RT,2026,2
CGKBTHCGK,DOM,159,40,RT,2026,1
CGKBTHCGK,DOM,160,8,RT,2026,2
CGKBTHCGK,DOM,160,40,RT,2026,2
CGKBTHCGK,DOM,161,3,RT,2025,4
CGKBTHCGK,DOM,161,3,RT,2026,3
CGKBTHCGK,DOM,161,18,RT,2026,1
CGKBTHCGK,DOM,163,10,RT,2025,1
CGKBTHCGK,DOM,165,3,RT,2025,3
CGKBTHCGK,DOM,165,40,RT,2026,2
CGKBTHCGK,DOM,166,2,RT,2025,4
CGKBTHCGK,DOM,172,2,RT,2025,5
CGKBTHCGK,DOM,177,7,RT,2025,2
CGKBTHCGK,DOM,177,10,RT,2025,2
CGKBTHCGK,DOM,189,1,RT,2026,2
CGKBTHCGK,DOM,194,3,RT,2026,3
CGKBTHCGK,DOM,198,18,RT,2026,1
CGKBTHCGK,DOM,201,40,RT,2025,1
CGKBTHCGK,DOM,202,2,RT,2025,2
CGKBTHCGK,DOM,204,2,RT,2025,1
CGKBTHCGK,DOM,204,5,RT,2026,1
CGKBTHCGK,DOM,204,14,RT,2025,6
CGKBTHCGK,DOM,206,14,RT,2025,1
CGKBTHCGK,DOM,216,1,RT,2025,1
CGKBTHCGK,DOM,216,40,RT,2025,1
CGKCAN,INT,0,0,OW,2025,7
CGKCAN,INT,0,0,OW,2026,6
CGKCAN,INT,1,0,OW,2025,3
CGKCAN,INT,1,0,OW,2026,4
CGKCAN,INT,2,0,OW,2025,15
CGKCAN,INT,3,0,OW,2025,4
CGKCAN,INT,4,0,OW,2025,6
CGKCAN,INT,5,0,OW,2025,6
CGKCAN,INT,5,0,OW,2026,3
CGKCAN,INT,6,0,OW,2025,2
CGKCAN,INT,6,0,OW,2026,2
CGKCAN,INT,7,0,OW,2025,5
CGKCAN,INT,8,0,OW,2025,1
CGKCAN,INT,8,0,OW,2026,1
CGKCAN,INT,9,0,OW,2025,3
CGKCAN,INT,10,0,OW,2026,5
CGKCAN,INT,11,0,OW,2025,8
CGKCAN,INT,12,0,OW,2025,4
CGKCAN,INT,12,0,OW,2026,4
CGKCAN,INT,14,0,OW,2025,6
CGKCAN,INT,14,0,OW,2026,7
CGKCAN,INT,15,0,OW,2025,6
CGKCAN,INT,17,0,OW,2025,6
CGKCAN,INT,17,0,OW,2026,2
CGKCAN,INT,18,0,OW,2025,6
CGKCAN,INT,19,0,OW,2025,6
CGKCAN,INT,20,0,OW,2025,4
CGKCAN,INT,20,0,OW,2026,6
CGKCAN,INT,21,0,OW,2025,4
CGKCAN,INT,22,0,OW,2025,2
CGKCAN,INT,22,0,OW,2026,3
CGKCAN,INT,23,0,OW,2025,13
CGKCAN,INT,23,0,OW,2026,3
CGKCAN,INT,24,0,OW,2025,9
CGKCAN,INT,26,0,OW,2025,1
CGKCAN,INT,26,0,OW,2026,2
CGKCAN,INT,27,0,OW,2025,2
CGKCAN,INT,27,0,OW,2026,4
CGKCAN,INT,28,0,OW,2025,5
CGKCAN,INT,29,0,OW,2025,2
CGKCAN,INT,33,0,OW,2025,1
CGKCAN,INT,36,0,OW,2025,1
CGKCAN,INT,39,0,OW,2025,2
CGKCAN,INT,44,0,OW,2025,3
CGKCAN,INT,57,0,OW,2025,2
CGKCAN,INT,59,0,OW,2025,2
CGKCAN,INT,63,0,OW,2025,2
CGKCAN,INT,64,0,OW,2025,1
CGKCAN,INT,65,0,OW,2025,3
CGKCAN,INT,70,0,OW,2026,3
CGKCAN,INT,77,0,OW,2025,3
CGKCAN,INT,111,0,OW,2025,2
CGKCAN,INT,123,0,OW,2026,2
CGKCAN,INT,148,0,OW,2025,1
CGKCAN,INT,151,0,OW,2025,4
CGKCAN,INT,154,0,OW,2025,3
CGKCAN,INT,163,0,OW,2025,2
CGKCAN,INT,173,0,OW,2026,1
CGKCAN,INT,192,0,OW,2025,1
CGKCAN,INT,201,0,OW,2025,1
CGKCAN,INT,213,0,OW,2026,3
CGKCAN,INT,218,0,OW,2025,1
CGKCAN,INT,219,0,OW,2025,1
CGKCANCGK,INT,0,10,RT,2025,10
CGKCANCGK,INT,0,12,RT,2025,4
CGKCANCGK,INT,1,3,RT,2025,5
CGKCANCGK,INT,2,1,RT,2025,2
CGKCANCGK,INT,2,6,RT,2025,1
CGKCANCGK,INT,2,10,RT,2025,1
CGKCANCGK,INT,3,1,RT,2025,1
CGKCANCGK,INT,3,6,RT,2025,2
CGKCANCGK,INT,3,18,RT,2025,2
CGKCANCGK,INT,4,1,RT,2025,1
CGKCANCGK,INT,4,2,RT,2025,2
CGKCANCGK,INT,4,7,RT,2025,2
CGKCANCGK,INT,4,25,RT,2025,2
CGKCANCGK,INT,4,40,RT,2025,5
CGKCANCGK,INT,5,1,RT,2025,2
CGKCANCGK,INT,5,2,RT,2025,2
CGKCANCGK,INT,5,4,RT,2025,4
CGKCANCGK,INT,5,7,RT,2025,1
CGKCANCGK,INT,5,10,RT,2026,2
CGKCANCGK,INT,6,3,RT,2025,4
CGKCANCGK,INT,6,4,RT,2025,5
CGKCANCGK,INT,6,4,RT,2026,3
CGKCANCGK,INT,6,14,RT,2026,6
CGKCANCGK,INT,7,5,RT,2025,1
CGKCANCGK,INT,7,6,RT,2025,1
CGKCANCGK,INT,7,10,RT,2025,3
CGKCANCGK,INT,7,12,RT,2025,4
CGKCANCGK,INT,7,40,RT,2025,6
CGKCANCGK,INT,8,5,RT,2025,1
CGKCANCGK,INT,8,6,RT,2025,6
CGKCANCGK,INT,10,6,RT,2025,3
CGKCANCGK,INT,11,8,RT,2025,4
CGKCANCGK,INT,11,40,RT,2025,1
CGKCANCGK,INT,12,18,RT,2025,4
CGKCANCGK,INT,12,25,RT,2025,3
CGKCANCGK,INT,13,1,RT,2026,1
CGKCANCGK,INT,13,4,RT,2025,1
CGKCANCGK,INT,13,18,RT,2025,1
CGKCANCGK,INT,14,4,RT,2025,1
CGKCANCGK,INT,15,40,RT,2025,2
CGKCANCGK,INT,16,2,RT,2026,3
CGKCANCGK,INT,16,10,RT,2026,2
CGKCANCGK,INT,16,18,RT,2025,5
CGKCANCGK,INT,17,1,RT,2025,6
CGKCANCGK,INT,17,5,RT,2025,4
CGKCANCGK,INT,17,8,RT,2025,4
CGKCANCGK,INT,19,1,RT,2025,3
CGKCANCGK,INT,19,40,RT,2025,2
CGKCANCGK,INT,20,2,RT,2025,4
CGKCANCGK,INT,20,4,RT,2025,1
CGKCANCGK,INT,20,8,RT,2025,1
CGKCANCGK,INT,20,25,RT,2025,6
CGKCANCGK,INT,22,3,RT,2025,3
CGKCANCGK,INT,22,5,RT,2026,2
CGKCANCGK,INT,22,10,RT,2025,3
CGKCANCGK,INT,24,1,RT,2026,6
CGKCANCGK,INT,24,12,RT,2025,5
CGKCANCGK,INT,24,14,RT,2026,1
CGKCANCGK,INT,24,40,RT,2025,2
CGKCANCGK,INT,26,8,RT,2025,2
CGKCANCGK,INT,26,10,RT,2025,1
CGKCANCGK,INT,27,1,RT,2025,1
CGKCANCGK,INT,27,40,RT,2025,3
CGKCANCGK,INT,28,1,RT,2025,2
CGKCANCGK,INT,28,3,RT,2025,5
CGKCANCGK,INT,29,7,RT,2025,2
CGKCANCGK,INT,30,1,RT,2025,2
CGKCANCGK,INT,30,14,RT,2025,4
CGKCANCGK,INT,31,2,RT,2025,3
CGKCANCGK,INT,38,12,RT,2025,4
CGKCANCGK,INT,43,10,RT,2025,1
CGKCANCGK,INT,50,2,RT,2025,1
CGKCANCGK,INT,51,6,RT,2025,2
CGKCANCGK,INT,51,12,RT,2025,3
CGKCANCGK,INT,53,4,RT,2026,2
CGKCANCGK,INT,55,2,RT,2025,1
CGKCANCGK,INT,56,4,RT,2025,2
CGKCANCGK,INT,56,10,RT,2025,3
CGKCANCGK,INT,60,3,RT,2025,3
CGKCANCGK,INT,60,5,RT,2025,2
CGKCANCGK,INT,61,5,RT,2025,6
CGKCANCGK,INT,64,3,RT,2026,1
CGKCANCGK,INT,66,2,RT,2025,1
CGKCANCGK,INT,67,25,RT,2025,1
CGKCANCGK,INT,68,4,RT,2025,4
CGKCANCGK,INT,74,6,RT,2025,3
CGKCANCGK,INT,74,25,RT,2025,1
CGKCANCGK,INT,78,2,RT,2025,2
CGKCANCGK,INT,78,3,RT,2025,1
CGKCANCGK,INT,80,5,RT,2026,1
CGKCANCGK,INT,81,6,RT,2025,1
CGKCANCGK,INT,84,14,RT,2025,3
CGKCANCGK,INT,86,25,RT,2025,2
CGKCANCGK,INT,87,3,RT,2025,4
CGKCANCGK,INT,98,25,RT,2026,2
CGKCANCGK,INT,107,6,RT,2025,1
CGKCANCGK,INT,108,18,RT,2025,6
CGKCANCGK,INT,144,10,RT,2026,6
CGKCANCGK,INT,147,3,RT,2026,3
CGKCANCGK,INT,161,25,RT,2026,3
CGKCANCGK,INT,162,5,RT,2025,3
CGKCANCGK,INT,167,12,RT,2025,5
CGKCANCGK,INT,180,8,RT,2025,1
CGKCANCGK,INT,180,14,RT,2025,1
CGKCANCGK,INT,181,2,RT,2026,2
CGKCANCGK,INT,186,25,RT,2025,6
CGKCANCGK,INT,188,1,RT,2025,1
CGKCANCGK,INT,193,3,RT,2025,1
CGKCANCGK,INT,195,5,RT,2026,1
CGKCANCGK,INT,198,14,RT,2025,3
CGKDJJ,DOM,0,0,OW,2025,33
CGKDJJ,DOM,0,0,OW,2026,16
CGKDJJ,DOM,1,0,OW,2025,22
CGKDJJ,DOM,1,0,OW,2026,19
CGKDJJ,DOM,2,0,OW,2025,16
CGKDJJ,DOM,2,0,OW,2026,21
CGKDJJ,DOM,3,0,OW,2025,11
CGKDJJ,DOM,3,0,OW,2026,16
CGKDJJ,DOM,4,0,OW,2025,17
CGKDJJ,DOM,4,0,OW,2026,23
CGKDJJ,DOM,5,0,OW,2025,11
CGKDJJ,DOM,5,0,OW,2026,21
CGKDJJ,DOM,6,0,OW,2025,8
CGKDJJ,DOM,6,0,OW,2026,11
CGKDJJ,DOM,7,0,OW,2025,17
CGKDJJ,DOM,7,0,OW,2026,26
CGKDJJ,DOM,8,0,OW,2025,13
CGKDJJ,DOM,8,0,OW,2026,12
CGKDJJ,DOM,9,0,OW,2025,13
CGKDJJ,DOM,9,0,OW,2026,5
CGKDJJ,DOM,10,0,OW,2025,1
CGKDJJ,DOM,10,0,OW,2026,15
CGKDJJ,DOM,11,0,OW,2025,6
CGKDJJ,DOM,11,0,OW,2026,12
CGKDJJ,DOM,12,0,OW,2025,8
CGKDJJ,DOM,13,0,OW,2025,2
CGKDJJ,DOM,13,0,OW,2026,5
CGKDJJ,DOM,14,0,OW,2025,7
CGKDJJ,DOM,14,0,OW,2026,5
CGKDJJ,DOM,15,0,OW,2025,4
CGKDJJ,DOM,15,0,OW,2026,5
CGKDJJ,DOM,16,0,OW,2025,4
CGKDJJ,DOM,16,0,OW,2026,13
CGKDJJ,DOM,17,0,OW,2025,9
CGKDJJ,DOM,17,0,OW,2026,7
CGKDJJ,DOM,18,0,OW,2025,6
CGKDJJ,DOM,18,0,OW,2026,1
CGKDJJ,DOM,19,0,OW,2025,8
CGKDJJ,DOM,19,0,OW,2026,21
CGKDJJ,DOM,20,0,OW,2025,7
CGKDJJ,DOM,20,0,OW,2026,4
CGKDJJ,DOM,21,0,OW,2025,9
CGKDJJ,DOM,21,0,OW,2026,1
CGKDJJ,DOM,22,0,OW,2025,10
CGKDJJ,DOM,22,0,OW,2026,15
CGKDJJ,DOM,23,0,OW,2025,2
CGKDJJ,DOM,23,0,OW,2026,6
CGKDJJ,DOM,24,0,OW,2025,6
CGKDJJ,DOM,25,0,OW,2025,8
CGKDJJ,DOM,25,0,OW,2026,9
CGKDJJ,DOM,26,0,OW,2025,8
CGKDJJ,DOM,26,0,OW,2026,7
CGKDJJ,DOM,27,0,OW,2025,6
CGKDJJ,DOM,27,0,OW,2026,8
CGKDJJ,DOM,28,0,OW,2025,11
CGKDJJ,DOM,28,0,OW,2026,13
CGKDJJ,DOM,29,0,OW,2025,2
CGKDJJ,DOM,29,0,OW,2026,3
CGKDJJ,DOM,30,0,OW,2025,4
CGKDJJ,DOM,30,0,OW,2026,9
CGKDJJ,DOM,31,0,OW,2025,5
CGKDJJ,DOM,31,0,OW,2026,10
CGKDJJ,DOM,32,0,OW,2025,2
CGKDJJ,DOM,33,0,OW,2026,7
CGKDJJ,DOM,34,0,OW,2025,12
CGKDJJ,DOM,35,0,OW,2025,3
CGKDJJ,DOM,35,0,OW,2026,3
CGKDJJ,DOM,36,0,OW,2025,4
CGKDJJ,DOM,36,0,OW,2026,6
CGKDJJ,DOM,37,0,OW,2026,5
CGKDJJ,DOM,38,0,OW,2025,4
CGKDJJ,DOM,39,0,OW,2025,6
CGKDJJ,DOM,41,0,OW,2025,4
CGKDJJ,DOM,43,0,OW,2025,2
CGKDJJ,DOM,44,0,OW,2025,3
CGKDJJ,DOM,44,0,OW,2026,7
CGKDJJ,DOM,45,0,OW,2025,2
CGKDJJ,DOM,45,0,OW,2026,3
CGKDJJ,DOM,48,0,OW,2025,1
CGKDJJ,DOM,51,0,OW,2026,3
CGKDJJ,DOM,52,0,OW,2025,4
CGKDJJ,DOM,53,0,OW,2026,2
CGKDJJ,DOM,54,0,OW,2026,3
CGKDJJ,DOM,55,0,OW,2025,1
CGKDJJ,DOM,56,0,OW,2025,2
CGKDJJ,DOM,56,0,OW,2026,7
CGKDJJ,DOM,58,0,OW,2025,1
CGKDJJ,DOM,59,0,OW,2026,3
CGKDJJ,DOM,60,0,OW,2025,6
CGKDJJ,DOM,61,0,OW,2025,7
CGKDJJ,DOM,62,0,OW,2025,15
CGKDJJ,DOM,63,0,OW,2025,6
CGKDJJ,DOM,64,0,OW,2025,1
CGKDJJ,DOM,64,0,OW,2026,3
CGKDJJ,DOM,65,0,OW,2025,1
CGKDJJ,DOM,66,0,OW,2026,2
CGKDJJ,DOM,68,0,OW,2025,4
CGKDJJ,DOM,69,0,OW,2025,1
CGKDJJ,DOM,70,0,OW,2025,9
CGKDJJ,DOM,72,0,OW,2026,1
CGKDJJ,DOM,73,0,OW,2025,6
CGKDJJ,DOM,75,0,OW,2025,3
CGKDJJ,DOM,76,0,OW,2026,6
CGKDJJ,DOM,77,0,OW,2025,10
CGKDJJ,DOM,77,0,OW,2026,2
CGKDJJ,DOM,79,0,OW,2025,1
CGKDJJ,DOM,80,0,OW,2025,1
CGKDJJ,DOM,80,0,OW,2026,2
CGKDJJ,DOM,83,0,OW,2025,2
CGKDJJ,DOM,84,0,OW,2025,2
CGKDJJ,DOM,84,0,OW,2026,1
CGKDJJ,DOM,85,0,OW,2025,1
CGKDJJ,DOM,85,0,OW,2026,4
CGKDJJ,DOM,86,0,OW,2025,2
CGKDJJ,DOM,86,0,OW,2026,6
CGKDJJ,DOM,87,0,OW,2025,3
CGKDJJ,DOM,94,0,OW,2026,5
CGKDJJ,DOM,98,0,OW,2025,2
CGKDJJ,DOM,99,0,OW,2025,2
CGKDJJ,DOM,100,0,OW,2025,6
CGKDJJ,DOM,107,0,OW,2026,1
CGKDJJ,DOM,108,0,OW,2025,3
CGKDJJ,DOM,109,0,OW,2026,1
CGKDJJ,DOM,110,0,OW,2025,4
CGKDJJ,DOM,113,0,OW,2026,6
CGKDJJ,DOM,114,0,OW,2026,1
CGKDJJ,DOM,115,0,OW,2026,1
CGKDJJ,DOM,125,0,OW,2025,3
CGKDJJ,DOM,127,0,OW,2025,3
CGKDJJ,DOM,128,0,OW,2025,3
CGKDJJ,DOM,129,0,OW,2026,1
CGKDJJ,DOM,133,0,OW,2026,2
CGKDJJ,DOM,139,0,OW,2026,4
CGKDJJ,DOM,144,0,OW,2025,3
CGKDJJ,DOM,146,0,OW,2026,4
CGKDJJ,DOM,151,0,OW,2025,7
CGKDJJ,DOM,152,0,OW,2026,6
CGKDJJ,DOM,153,0,OW,2025,5
CGKDJJ,DOM,160,0,OW,2026,1
CGKDJJ,DOM,169,0,OW,2025,1
CGKDJJ,DOM,171,0,OW,2025,3
CGKDJJ,DOM,176,0,OW,2026,1
CGKDJJ,DOM,179,0,OW,2026,1
CGKDJJ,DOM,180,0,OW,2026,1
CGKDJJ,DOM,181,0,OW,2026,3
CGKDJJ,DOM,188,0,OW,2025,7
CGKDJJ,DOM,195,0,OW,2025,1
CGKDJJ,DOM,204,0,OW,2025,2
CGKDJJ,DOM,204,0,OW,2026,3
CGKDJJ,DOM,206,0,OW,2026,4
CGKDJJ,DOM,213,0,OW,2026,1
CGKDJJ,DOM,214,0,OW,2025,1
CGKDJJ,DOM,217,0,OW,2026,1
CGKDJJ,DOM,219,0,OW,2025,1
CGKDJJCGK,DOM,0,1,RT,2025,1
CGKDJJCGK,DOM,0,2,RT,2025,6
CGKDJJCGK,DOM,0,3,RT,2025,2
CGKDJJCGK,DOM,0,4,RT,2025,2
CGKDJJCGK,DOM,0,7,RT,2025,6
CGKDJJCGK,DOM,0,7,RT,2026,4
CGKDJJCGK,DOM,0,8,RT,2025,1
CGKDJJCGK,DOM,0,12,RT,2026,3
CGKDJJCGK,DOM,0,25,RT,2025,7
CGKDJJCGK,DOM,0,25,RT,2026,3
CGKDJJCGK,DOM,0,40,RT,2025,1
CGKDJJCGK,DOM,1,1,RT,2025,1
CGKDJJCGK,DOM,1,1,RT,2026,2
CGKDJJCGK,DOM,1,3,RT,2025,8
CGKDJJCGK,DOM,1,3,RT,2026,2
CGKDJJCGK,DOM,1,6,RT,2026,3
CGKDJJCGK,DOM,1,12,RT,2025,1
CGKDJJCGK,DOM,1,14,RT,2026,1
CGKDJJCGK,DOM,1,18,RT,2025,6
CGKDJJCGK,DOM,1,18,RT,2026,7
CGKDJJCGK,DOM,1,40,RT,2026,3
CGKDJJCGK,DOM,2,1,RT,2025,6
CGKDJJCGK,DOM,2,1,RT,2026,5
CGKDJJCGK,DOM,2,2,RT,2025,4
CGKDJJCGK,DOM,2,2,RT,2026,6
CGKDJJCGK,DOM,2,3,RT,2025,3
CGKDJJCGK,DOM,2,3,RT,2026,2
CGKDJJCGK,DOM,2,4,RT,2026,4
CGKDJJCGK,DOM,2,5,RT,2026,4
CGKDJJCGK,DOM,2,8,RT,2026,5
CGKDJJCGK,DOM,2,10,RT,2025,5
CGKDJJCGK,DOM,2,12,RT,2025,2
CGKDJJCGK,DOM,2,12,RT,2026,1
CGKDJJCGK,DOM,2,14,RT,2025,5
CGKDJJCGK,DOM,2,14,RT,2026,1
CGKDJJCGK,DOM,2,18,RT,2026,2
CGKDJJCGK,DOM,2,25,RT,2026,1
CGKDJJCGK,DOM,2,40,RT,2026,6
CGKDJJCGK,DOM,3,1,RT,2026,2
CGKDJJCGK,DOM,3,2,RT,2025,2
CGKDJJCGK,DOM,3,5,RT,2025,2
CGKDJJCGK,DOM,3,5,RT,2026,1
CGKDJJCGK,DOM,3,6,RT,2026,6
CGKDJJCGK,DOM,3,7,RT,2026,1
CGKDJJCGK,DOM,3,8,RT,2025,6
CGKDJJCGK,DOM,3,8,RT,2026,5
CGKDJJCGK,DOM,3,10,RT,2025,6
CGKDJJCGK,DOM,3,14,RT,2026,1
CGKDJJCGK,DOM,3,18,RT,2025,6
CGKDJJCGK,DOM,3,25,RT,2025,6
CGKDJJCGK,DOM,3,25,RT,2026,3
CGKDJJCGK,DOM,3,40,RT,2025,1
CGKDJJCGK,DOM,3,40,RT,2026,1
CGKDJJCGK,DOM,4,1,RT,2025,7
CGKDJJCGK,DOM,4,1,RT,2026,1
CGKDJJCGK,DOM,4,2,RT,2025,2
CGKDJJCGK,DOM,4,2,RT,2026,7
CGKDJJCGK,DOM,4,3,RT,2026,3
CGKDJJCGK,DOM,4,4,RT,2025,2
CGKDJJCGK,DOM,4,6,RT,2025,4
CGKDJJCGK,DOM,4,7,RT,2025,2
CGKDJJCGK,DOM,4,7,RT,2026,7
CGKDJJCGK,DOM,4,8,RT,2025,3
CGKDJJCGK,DOM,4,8,RT,2026,1
CGKDJJCGK,DOM,4,10,RT,2025,9
CGKDJJCGK,DOM,4,10,RT,2026,6
CGKDJJCGK,DOM,4,40,RT,2025,3
CGKDJJCGK,DOM,4,40,RT,2026,4
CGKDJJCGK,DOM,5,1,RT,2026,9
CGKDJJCGK,DOM,5,2,RT,2025,11
CGKDJJCGK,DOM,5,2,RT,2026,6
CGKDJJCGK,DOM,5,3,RT,2025,6
CGKDJJCGK,DOM,5,4,RT,2026,1
CGKDJJCGK,DOM,5,5,RT,2026,2
CGKDJJCGK,DOM,5,6,RT,2025,1
CGKDJJCGK,DOM,5,8,RT,2026,3
CGKDJJCGK,DOM,5,12,RT,2026,1
CGKDJJCGK,DOM,5,18,RT,2025,12
CGKDJJCGK,DOM,5,25,RT,2026,3
CGKDJJCGK,DOM,6,2,RT,2025,7
CGKDJJCGK,DOM,6,2,RT,2026,3
CGKDJJCGK,DOM,6,3,RT,2025,3
CGKDJJCGK,DOM,6,7,RT,2025,2
CGKDJJCGK,DOM,6,7,RT,2026,9
CGKDJJCGK,DOM,6,8,RT,2025,8
CGKDJJCGK,DOM,6,8,RT,2026,2
CGKDJJCGK,DOM,6,10,RT,2026,2
CGKDJJCGK,DOM,6,12,RT,2025,4
CGKDJJCGK,DOM,6,25,RT,2025,3
CGKDJJCGK,DOM,6,40,RT,2026,1
CGKDJJCGK,DOM,7,1,RT,2025,2
CGKDJJCGK,DOM,7,2,RT,2025,5
CGKDJJCGK,DOM,7,2,RT,2026,7
CGKDJJCGK,DOM,7,3,RT,2025,2
CGKDJJCGK,DOM,7,3,RT,2026,1
CGKDJJCGK,DOM,7,4,RT,2025,3
CGKDJJCGK,DOM,7,5,RT,2026,4
CGKDJJCGK,DOM,7,6,RT,2026,3
CGKDJJCGK,DOM,7,7,RT,2026,3
CGKDJJCGK,DOM,7,8,RT,2025,1
CGKDJJCGK,DOM,7,10,RT,2025,4
CGKDJJCGK,DOM,7,18,RT,2025,3
CGKDJJCGK,DOM,7,40,RT,2025,3
CGKDJJCGK,DOM,7,40,RT,2026,1
CGKDJJCGK,DOM,8,1,RT,2026,1
CGKDJJCGK,DOM,8,3,RT,2025,2
CGKDJJCGK,DOM,8,7,RT,2026,1
CGKDJJCGK,DOM,9,2,RT,2025,7
CGKDJJCGK,DOM,9,2,RT,2026,1
CGKDJJCGK,DOM,9,3,RT,2025,2
CGKDJJCGK,DOM,9,3,RT,2026,3
CGKDJJCGK,DOM,9,5,RT,2026,6
CGKDJJCGK,DOM,9,7,RT,2025,6
CGKDJJCGK,DOM,9,12,RT,2025,2
CGKDJJCGK,DOM,9,25,RT,2026,2
CGKDJJCGK,DOM,9,40,RT,2026,5
CGKDJJCGK,DOM,10,3,RT,2025,4
CGKDJJCGK,DOM,10,3,RT,2026,2
CGKDJJCGK,DOM,10,6,RT,2025,2
CGKDJJCGK,DOM,10,8,RT,2026,1
CGKDJJCGK,DOM,10,12,RT,2026,6
CGKDJJCGK,DOM,10,14,RT,2025,1
CGKDJJCGK,DOM,10,18,RT,2025,4
CGKDJJCGK,DOM,10,25,RT,2025,1
CGKDJJCGK,DOM,10,25,RT,2026,1
CGKDJJCGK,DOM,10,40,RT,2025,3
CGKDJJCGK,DOM,11,1,RT,2025,3
CGKDJJCGK,DOM,11,3,RT,2025,2
CGKDJJCGK,DOM,11,4,RT,2026,3
CGKDJJCGK,DOM,11,6,RT,2025,3
CGKDJJCGK,DOM,11,8,RT,2025,1
CGKDJJCGK,DOM,11,12,RT,2026,1
CGKDJJCGK,DOM,12,1,RT,2025,4
CGKDJJCGK,DOM,12,2,RT,2026,5
CGKDJJCGK,DOM,12,3,RT,2025,2
CGKDJJCGK,DOM,12,4,RT,2026,5
CGKDJJCGK,DOM,12,5,RT,2025,1
CGKDJJCGK,DOM,12,10,RT,2026,6
CGKDJJCGK,DOM,12,18,RT,2025,2
CGKDJJCGK,DOM,12,25,RT,2026,6
CGKDJJCGK,DOM,13,3,RT,2026,1
CGKDJJCGK,DOM,13,4,RT,2025,3
CGKDJJCGK,DOM,13,4,RT,2026,11
CGKDJJCGK,DOM,13,5,RT,2025,3
CGKDJJCGK,DOM,13,7,RT,2025,1
CGKDJJCGK,DOM,13,10,RT,2025,1
CGKDJJCGK,DOM,13,25,RT,2026,1
CGKDJJCGK,DOM,14,2,RT,2025,2
CGKDJJCGK,DOM,14,3,RT,2025,2
CGKDJJCGK,DOM,14,4,RT,2026,2
CGKDJJCGK,DOM,14,5,RT,2025,1
CGKDJJCGK,DOM,14,6,RT,2025,1
CGKDJJCGK,DOM,14,8,RT,2025,1
CGKDJJCGK,DOM,14,18,RT,2026,1
CGKDJJCGK,DOM,14,25,RT,2025,2
CGKDJJCGK,DOM,14,40,RT,2025,1
CGKDJJCGK,DOM,15,1,RT,2025,1
CGKDJJCGK,DOM,15,2,RT,2025,1
CGKDJJCGK,DOM,15,3,RT,2025,5
CGKDJJCGK,DOM,15,7,RT,2025,3
CGKDJJCGK,DOM,15,8,RT,2025,4
CGKDJJCGK,DOM,15,8,RT,2026,3
CGKDJJCGK,DOM,15,40,RT,2025,6
CGKDJJCGK,DOM,15,40,RT,2026,3
CGKDJJCGK,DOM,16,1,RT,2026,2
CGKDJJCGK,DOM,16,2,RT,2025,4
CGKDJJCGK,DOM,16,6,RT,2026,1
CGKDJJCGK,DOM,16,7,RT,2026,3
CGKDJJCGK,DOM,16,8,RT,2025,2
CGKDJJCGK,DOM,16,8,RT,2026,1
CGKDJJCGK,DOM,16,12,RT,2025,2
CGKDJJCGK,DOM,16,18,RT,2026,1
CGKDJJCGK,DOM,17,1,RT,2025,3
CGKDJJCGK,DOM,17,2,RT,2025,2
CGKDJJCGK,DOM,17,2,RT,2026,2
CGKDJJCGK,DOM,17,3,RT,2026,2
CGKDJJCGK,DOM,17,4,RT,2025,4
CGKDJJCGK,DOM,17,6,RT,2026,2
CGKDJJCGK,DOM,17,7,RT,2025,1
CGKDJJCGK,DOM,17,8,RT,2026,4
CGKDJJCGK,DOM,17,10,RT,2026,3
CGKDJJCGK,DOM,17,12,RT,2025,3
CGKDJJCGK,DOM,17,18,RT,2026,1
CGKDJJCGK,DOM,17,25,RT,2025,3
CGKDJJCGK,DOM,17,40,RT,2025,2
CGKDJJCGK,DOM,18,1,RT,2025,3
CGKDJJCGK,DOM,18,1,RT,2026,3
CGKDJJCGK,DOM,18,3,RT,2026,3
CGKDJJCGK,DOM,18,4,RT,2025,5
CGKDJJCGK,DOM,18,10,RT,2025,3
CGKDJJCGK,DOM,18,40,RT,2026,3
CGKDJJCGK,DOM,19,1,RT,2026,4
CGKDJJCGK,DOM,19,5,RT,2025,2
CGKDJJCGK,DOM,19,5,RT,2026,2
CGKDJJCGK,DOM,19,10,RT,2025,1
CGKDJJCGK,DOM,19,12,RT,2025,6
CGKDJJCGK,DOM,19,18,RT,2025,3
CGKDJJCGK,DOM,19,18,RT,2026,1
CGKDJJCGK,DOM,19,40,RT,2025,4
CGKDJJCGK,DOM,19,40,RT,2026,2
CGKDJJCGK,DOM,20,1,RT,2026,4
CGKDJJCGK,DOM,20,3,RT,2026,1
CGKDJJCGK,DOM,20,5,RT,2026,1
CGKDJJCGK,DOM,20,6,RT,2025,7
CGKDJJCGK,DOM,20,10,RT,2025,4
CGKDJJCGK,DOM,20,12,RT,2026,2
CGKDJJCGK,DOM,20,25,RT,2025,2
CGKDJJCGK,DOM,21,3,RT,2026,2
CGKDJJCGK,DOM,21,6,RT,2025,1
CGKDJJCGK,DOM,21,14,RT,2025,11
CGKDJJCGK,DOM,21,25,RT,2025,1
CGKDJJCGK,DOM,21,40,RT,2026,4
CGKDJJCGK,DOM,22,3,RT,2025,2
CGKDJJCGK,DOM,22,4,RT,2025,1
CGKDJJCGK,DOM,22,6,RT,2025,1
CGKDJJCGK,DOM,22,7,RT,2026,1
CGKDJJCGK,DOM,22,40,RT,2025,2
CGKDJJCGK,DOM,23,1,RT,2025,3
CGKDJJCGK,DOM,23,3,RT,2026,1
CGKDJJCGK,DOM,23,4,RT,2025,1
CGKDJJCGK,DOM,23,6,RT,2026,1
CGKDJJCGK,DOM,23,8,RT,2025,1
CGKDJJCGK,DOM,23,18,RT,2025,2
CGKDJJCGK,DOM,23,25,RT,2025,4
CGKDJJCGK,DOM,23,40,RT,2025,2
CGKDJJCGK,DOM,23,40,RT,2026,2
CGKDJJCGK,DOM,24,2,RT,2026,7
CGKDJJCGK,DOM,24,3,RT,2026,8
CGKDJJCGK,DOM,24,7,RT,2026,3
CGKDJJCGK,DOM,24,14,RT,2025,1
CGKDJJCGK,DOM,24,14,RT,2026,6
CGKDJJCGK,DOM,24,18,RT,2025,1
CGKDJJCGK,DOM,24,40,RT,2025,2
CGKDJJCGK,DOM,25,1,RT,2026,5
CGKDJJCGK,DOM,25,2,RT,2025,1
CGKDJJCGK,DOM,25,3,RT,2026,1
CGKDJJCGK,DOM,25,6,RT,2025,1
CGKDJJCGK,DOM,25,8,RT,2026,2
CGKDJJCGK,DOM,25,10,RT,2026,1
CGKDJJCGK,DOM,25,12,RT,2026,7
CGKDJJCGK,DOM,25,18,RT,2025,1
CGKDJJCGK,DOM,25,40,RT,2025,1
CGKDJJCGK,DOM,26,1,RT,2025,4
CGKDJJCGK,DOM,26,1,RT,2026,4
CGKDJJCGK,DOM,26,3,RT,2026,2
CGKDJJCGK,DOM,26,5,RT,2025,3
CGKDJJCGK,DOM,26,6,RT,2025,2
CGKDJJCGK,DOM,26,10,RT,2025,6
CGKDJJCGK,DOM,26,14,RT,2025,3
CGKDJJCGK,DOM,27,2,RT,2026,1
CGKDJJCGK,DOM,27,4,RT,2025,3
CGKDJJCGK,DOM,27,5,RT,2026,1
CGKDJJCGK,DOM,27,8,RT,2025,6
CGKDJJCGK,DOM,27,8,RT,2026,2
CGKDJJCGK,DOM,27,10,RT,2026,2
CGKDJJCGK,DOM,27,25,RT,2025,2
CGKDJJCGK,DOM,28,1,RT,2025,3
CGKDJJCGK,DOM,28,1,RT,2026,3
CGKDJJCGK,DOM,28,3,RT,2025,6
CGKDJJCGK,DOM,28,6,RT,2025,3
CGKDJJCGK,DOM,28,10,RT,2025,3
CGKDJJCGK,DOM,28,12,RT,2026,1
CGKDJJCGK,DOM,28,14,RT,2026,4
CGKDJJCGK,DOM,28,18,RT,2026,1
CGKDJJCGK,DOM,29,1,RT,2025,4
CGKDJJCGK,DOM,29,3,RT,2025,1
CGKDJJCGK,DOM,29,3,RT,2026,2
CGKDJJCGK,DOM,29,4,RT,2026,1
CGKDJJCGK,DOM,29,6,RT,2025,6
CGKDJJCGK,DOM,29,7,RT,2025,4
CGKDJJCGK,DOM,29,7,RT,2026,1
CGKDJJCGK,DOM,29,10,RT,2025,4
CGKDJJCGK,DOM,29,12,RT,2025,2
CGKDJJCGK,DOM,29,14,RT,2025,1
CGKDJJCGK,DOM,29,18,RT,2025,2
CGKDJJCGK,DOM,29,40,RT,2025,4
CGKDJJCGK,DOM,30,1,RT,2025,3
CGKDJJCGK,DOM,30,1,RT,2026,5
CGKDJJCGK,DOM,30,2,RT,2025,1
CGKDJJCGK,DOM,30,3,RT,2026,2
CGKDJJCGK,DOM,30,4,RT,2025,4
CGKDJJCGK,DOM,30,5,RT,2025,6
CGKDJJCGK,DOM,30,6,RT,2025,6
CGKDJJCGK,DOM,30,18,RT,2025,3
CGKDJJCGK,DOM,30,18,RT,2026,1
CGKDJJCGK,DOM,31,5,RT,2025,2
CGKDJJCGK,DOM,32,3,RT,2026,1
CGKDJJCGK,DOM,32,6,RT,2025,1
CGKDJJCGK,DOM,33,1,RT,2026,1
CGKDJJCGK,DOM,33,4,RT,2026,1
CGKDJJCGK,DOM,36,3,RT,2026,3
CGKDJJCGK,DOM,37,1,RT,2025,1
CGKDJJCGK,DOM,38,18,RT,2026,5
CGKDJJCGK,DOM,39,1,RT,2025,5
CGKDJJCGK,DOM,39,3,RT,2026,2
CGKDJJCGK,DOM,40,2,RT,2026,4
CGKDJJCGK,DOM,40,10,RT,2026,1
CGKDJJCGK,DOM,40,12,RT,2026,2
CGKDJJCGK,DOM,40,14,RT,2026,1
CGKDJJCGK,DOM,40,40,RT,2026,2
CGKDJJCGK,DOM,41,1,RT,2025,4
CGKDJJCGK,DOM,42,6,RT,2025,1
CGKDJJCGK,DOM,43,12,RT,2026,4
CGKDJJCGK,DOM,44,8,RT,2025,3
CGKDJJCGK,DOM,44,8,RT,2026,3
CGKDJJCGK,DOM,45,12,RT,2025,2
CGKDJJCGK,DOM,46,3,RT,2026,4
CGKDJJCGK,DOM,46,4,RT,2025,2
CGKDJJCGK,DOM,48,3,RT,2026,1
CGKDJJCGK,DOM,48,8,RT,2026,1
CGKDJJCGK,DOM,48,10,RT,2025,1
CGKDJJCGK,DOM,49,14,RT,2026,1
CGKDJJCGK,DOM,51,3,RT,2026,1
CGKDJJCGK,DOM,51,10,RT,2026,1
CGKDJJCGK,DOM,52,14,RT,2025,1
CGKDJJCGK,DOM,53,1,RT,2026,2
CGKDJJCGK,DOM,53,8,RT,2025,4
CGKDJJCGK,DOM,54,3,RT,2025,6
CGKDJJCGK,DOM,54,6,RT,2025,1
CGKDJJCGK,DOM,54,8,RT,2025,5
CGKDJJCGK,DOM,55,6,RT,2025,1
CGKDJJCGK,DOM,56,8,RT,2025,6
CGKDJJCGK,DOM,58,3,RT,2025,1
CGKDJJCGK,DOM,59,2,RT,2025,1
CGKDJJCGK,DOM,59,12,RT,2025,6
CGKDJJCGK,DOM,60,1,RT,2025,1
CGKDJJCGK,DOM,60,2,RT,2026,1
CGKDJJCGK,DOM,60,6,RT,2026,1
CGKDJJCGK,DOM,60,10,RT,2025,1
CGKDJJCGK,DOM,60,12,RT,2025,1
CGKDJJCGK,DOM,61,10,RT,2025,2
CGKDJJCGK,DOM,62,2,RT,2025,3
CGKDJJCGK,DOM,63,1,RT,2025,1
CGKDJJCGK,DOM,63,4,RT,2026,3
CGKDJJCGK,DOM,63,5,RT,2025,4
CGKDJJCGK,DOM,65,12,RT,2025,2
CGKDJJCGK,DOM,66,2,RT,2025,4
CGKDJJCGK,DOM,66,14,RT,2026,1
CGKDJJCGK,DOM,67,40,RT,2025,6
CGKDJJCGK,DOM,69,14,RT,2026,2
CGKDJJCGK,DOM,70,3,RT,2026,1
CGKDJJCGK,DOM,70,40,RT,2026,2
CGKDJJCGK,DOM,72,3,RT,2026,2
CGKDJJCGK,DOM,72,5,RT,2026,2
CGKDJJCGK,DOM,73,5,RT,2025,1
CGKDJJCGK,DOM,73,10,RT,2025,6
CGKDJJCGK,DOM,73,12,RT,2025,1
CGKDJJCGK,DOM,74,18,RT,2025,1
CGKDJJCGK,DOM,74,18,RT,2026,1
CGKDJJCGK,DOM,75,25,RT,2026,6
CGKDJJCGK,DOM,76,1,RT,2026,4
CGKDJJCGK,DOM,76,3,RT,2025,1
CGKDJJCGK,DOM,77,2,RT,2025,3
CGKDJJCGK,DOM,77,4,RT,2025,2
CGKDJJCGK,DOM,77,5,RT,2025,1
CGKDJJCGK,DOM,78,1,RT,2026,1
CGKDJJCGK,DOM,78,40,RT,2026,2
CGKDJJCGK,DOM,79,1,RT,2025,2
CGKDJJCGK,DOM,79,1,RT,2026,2
CGKDJJCGK,DOM,79,2,RT,2026,6
CGKDJJCGK,DOM,79,3,RT,2026,3
CGKDJJCGK,DOM,79,25,RT,2025,2
CGKDJJCGK,DOM,79,40,RT,2026,2
CGKDJJCGK,DOM,81,1,RT,2026,5
CGKDJJCGK,DOM,81,3,RT,2025,3
CGKDJJCGK,DOM,81,12,RT,2025,1
CGKDJJCGK,DOM,81,12,RT,2026,4
CGKDJJCGK,DOM,82,2,RT,2026,4
CGKDJJCGK,DOM,83,8,RT,2025,1
CGKDJJCGK,DOM,83,18,RT,2026,2
CGKDJJCGK,DOM,84,1,RT,2025,4
CGKDJJCGK,DOM,84,8,RT,2026,1
CGKDJJCGK,DOM,84,12,RT,2026,1
CGKDJJCGK,DOM,84,14,RT,2025,1
CGKDJJCGK,DOM,85,1,RT,2026,2
CGKDJJCGK,DOM,85,40,RT,2025,2
CGKDJJCGK,DOM,86,1,RT,2026,2
CGKDJJCGK,DOM,86,2,RT,2025,2
CGKDJJCGK,DOM,86,6,RT,2026,1
CGKDJJCGK,DOM,86,18,RT,2025,1
CGKDJJCGK,DOM,87,2,RT,2026,5
CGKDJJCGK,DOM,87,4,RT,2025,1
CGKDJJCGK,DOM,87,6,RT,2026,6
CGKDJJCGK,DOM,87,7,RT,2026,2
CGKDJJCGK,DOM,87,8,RT,2026,1
CGKDJJCGK,DOM,87,18,RT,2025,1
CGKDJJCGK,DOM,87,18,RT,2026,3
CGKDJJCGK,DOM,87,40,RT,2025,6
CGKDJJCGK,DOM,88,6,RT,2025,1
CGKDJJCGK,DOM,89,2,RT,2025,6
CGKDJJCGK,DOM,89,6,RT,2025,2
CGKDJJCGK,DOM,89,12,RT,2026,2
CGKDJJCGK,DOM,89,25,RT,2026,2
CGKDJJCGK,DOM,90,3,RT,2025,4
CGKDJJCGK,DOM,90,3,RT,2026,1
CGKDJJCGK,DOM,90,5,RT,2026,6
CGKDJJCGK,DOM,92,10,RT,2026,4
CGKDJJCGK,DOM,101,40,RT,2025,1
CGKDJJCGK,DOM,104,3,RT,2025,2
CGKDJJCGK,DOM,105,5,RT,2026,1
CGKDJJCGK,DOM,105,40,RT,2026,3
CGKDJJCGK,DOM,106,2,RT,2025,6
CGKDJJCGK,DOM,106,4,RT,2026,2
CGKDJJCGK,DOM,108,12,RT,2025,4
CGKDJJCGK,DOM,112,40,RT,2026,2
CGKDJJCGK,DOM,113,1,RT,2025,1
CGKDJJCGK,DOM,115,4,RT,2026,6
CGKDJJCGK,DOM,122,5,RT,2025,4
CGKDJJCGK,DOM,122,25,RT,2025,3
CGKDJJCGK,DOM,125,3,RT,2025,2
CGKDJJCGK,DOM,125,18,RT,2026,2
CGKDJJCGK,DOM,127,10,RT,2025,4
CGKDJJCGK,DOM,129,14,RT,2026,1
CGKDJJCGK,DOM,130,3,RT,2026,3
CGKDJJCGK,DOM,130,8,RT,2026,1
CGKDJJCGK,DOM,131,25,RT,2026,1
CGKDJJCGK,DOM,132,3,RT,2025,1
CGKDJJCGK,DOM,132,12,RT,2026,1
CGKDJJCGK,DOM,133,4,RT,2025,2
CGKDJJCGK,DOM,134,10,RT,2025,2
CGKDJJCGK,DOM,137,7,RT,2025,2
CGKDJJCGK,DOM,142,2,RT,2025,2
CGKDJJCGK,DOM,144,25,RT,2025,1
CGKDJJCGK,DOM,149,3,RT,2026,1
CGKDJJCGK,DOM,155,1,RT,2025,5
CGKDJJCGK,DOM,155,2,RT,2025,1
CGKDJJCGK,DOM,157,18,RT,2026,1
CGKDJJCGK,DOM,164,1,RT,2026,1
CGKDJJCGK,DOM,164,3,RT,2025,2
CGKDJJCGK,DOM,165,2,RT,2026,2
CGKDJJCGK,DOM,165,3,RT,2025,1
CGKDJJCGK,DOM,173,14,RT,2025,1
CGKDJJCGK,DOM,174,2,RT,2025,4
CGKDJJCGK,DOM,177,14,RT,2025,2
CGKDJJCGK,DOM,180,3,RT,2026,2
CGKDJJCGK,DOM,187,40,RT,2025,2
CGKDJJCGK,DOM,191,4,RT,2025,1
CGKDJJCGK,DOM,194,7,RT,2025,1
CGKDJJCGK,DOM,196,10,RT,2026,1
CGKDJJCGK,DOM,198,5,RT,2025,2
CGKDJJCGK,DOM,199,10,RT,2025,3
CGKDJJCGK,DOM,200,4,RT,2025,1
CGKDJJCGK,DOM,209,7,RT,2026,2
CGKDJJCGK,DOM,212,14,RT,2025,2
CGKDJJCGK,DOM,213,7,RT,2026,6
CGKDJJCGK,DOM,215,1,RT,2025,4
CGKDJJCGK,DOM,217,1,RT,2025,1
CGKDJJCGK,DOM,218,1,RT,2025,6
CGKDJJCGK,DOM,218,7,RT,2025,1
CGKDOH,INT,0,0,OW,2025,9
CGKDOH,INT,0,0,OW,2026,5
CGKDOH,INT,1,0,OW,2025,8
CGKDOH,INT,1,0,OW,2026,5
CGKDOH,INT,2,0,OW,2025,9
CGKDOH,INT,2,0,OW,2026,4
CGKDOH,INT,3,0,OW,2025,8
CGKDOH,INT,3,0,OW,2026,11
CGKDOH,INT,4,0,OW,2025,15
CGKDOH,INT,4,0,OW,2026,4
CGKDOH,INT,5,0,OW,2025,4
CGKDOH,INT,5,0,OW,2026,8
CGKDOH,INT,6,0,OW,2025,9
CGKDOH,INT,6,0,OW,2026,7
CGKDOH,INT,7,0,OW,2025,10
CGKDOH,INT,7,0,OW,2026,7
CGKDOH,INT,8,0,OW,2025,11
CGKDOH,INT,8,0,OW,2026,3
CGKDOH,INT,9,0,OW,2025,2
CGKDOH,INT,10,0,OW,2025,5
CGKDOH,INT,10,0,OW,2026,2
CGKDOH,INT,11,0,OW,2025,6
CGKDOH,INT,12,0,OW,2025,4
CGKDOH,INT,12,0,OW,2026,1
CGKDOH,INT,13,0,OW,2025,2
CGKDOH,INT,13,0,OW,2026,3
CGKDOH,INT,14,0,OW,2025,1
CGKDOH,INT,15,0,OW,2025,3
CGKDOH,INT,15,0,OW,2026,4
CGKDOH,INT,16,0,OW,2025,4
CGKDOH,INT,16,0,OW,2026,10
CGKDOH,INT,17,0,OW,2025,5
CGKDOH,INT,17,0,OW,2026,1
CGKDOH,INT,18,0,OW,2025,3
CGKDOH,INT,18,0,OW,2026,3
CGKDOH,INT,19,0,OW,2025,2
CGKDOH,INT,19,0,OW,2026,1
CGKDOH,INT,20,0,OW,2025,1
CGKDOH,INT,20,0,OW,2026,1
CGKDOH,INT,22,0,OW,2026,2
CGKDOH,INT,23,0,OW,2025,17
CGKDOH,INT,23,0,OW,2026,8
CGKDOH,INT,24,0,OW,2025,5
CGKDOH,INT,24,0,OW,2026,1
CGKDOH,INT,25,0,OW,2025,3
CGKDOH,INT,25,0,OW,2026,7
CGKDOH,INT,26,0,OW,2026,8
CGKDOH,INT,27,0,OW,2025,5
CGKDOH,INT,27,0,OW,2026,1
CGKDOH,INT,28,0,OW,2025,3
CGKDOH,INT,28,0,OW,2026,2
CGKDOH,INT,30,0,OW,2026,10
CGKDOH,INT,33,0,OW,2025,4
CGKDOH,INT,36,0,OW,2026,2
CGKDOH,INT,40,0,OW,2025,2
CGKDOH,INT,42,0,OW,2025,3
CGKDOH,INT,42,0,OW,2026,1
CGKDOH,INT,43,0,OW,2025,2
CGKDOH,INT,44,0,OW,2026,3
CGKDOH,INT,45,0,OW,2026,1
CGKDOH,INT,47,0,OW,2026,1
CGKDOH,INT,48,0,OW,2025,5
CGKDOH,INT,50,0,OW,2025,2
CGKDOH,INT,50,0,OW,2026,3
CGKDOH,INT,51,0,OW,2025,2
CGKDOH,INT,51,0,OW,2026,1
CGKDOH,INT,52,0,OW,2025,1
CGKDOH,INT,52,0,OW,2026,4
CGKDOH,INT,53,0,OW,2026,6
CGKDOH,INT,56,0,OW,2025,1
CGKDOH,INT,59,0,OW,2025,1
CGKDOH,INT,59,0,OW,2026,6
CGKDOH,INT,60,0,OW,2025,1
CGKDOH,INT,60,0,OW,2026,8
CGKDOH,INT,65,0,OW,2026,3
CGKDOH,INT,66,0,OW,2026,1
CGKDOH,INT,71,0,OW,2025,6
CGKDOH,INT,72,0,OW,2025,3
CGKDOH,INT,76,0,OW,2026,2
CGKDOH,INT,77,0,OW,2025,1
CGKDOH,INT,79,0,OW,2025,2
CGKDOH,INT,79,0,OW,2026,1
CGKDOH,INT,83,0,OW,2025,2
CGKDOH,INT,84,0,OW,2025,6
CGKDOH,INT,85,0,OW,2026,8
CGKDOH,INT,86,0,OW,2025,2
CGKDOH,INT,87,0,OW,2025,2
CGKDOH,INT,89,0,OW,2025,1
CGKDOH,INT,92,0,OW,2026,4
CGKDOH,INT,102,0,OW,2026,1
CGKDOH,INT,105,0,OW,2025,1
CGKDOH,INT,110,0,OW,2026,2
CGKDOH,INT,129,0,OW,2025,1
CGKDOH,INT,145,0,OW,2026,2
CGKDOH,INT,163,0,OW,2026,1
CGKDOH,INT,165,0,OW,2025,3
CGKDOH,INT,196,0,OW,2026,2
CGKDOH,INT,198,0,OW,2026,3
CGKDOH,INT,205,0,OW,2025,5
CGKDOH,INT,211,0,OW,2025,4
CGKDOHCGK,INT,0,1,RT,2025,3
CGKDOHCGK,INT,0,2,RT,2026,2
CGKDOHCGK,INT,0,6,RT,2026,1
CGKDOHCGK,INT,0,7,RT,2025,1
CGKDOHCGK,INT,0,40,RT,2026,1
CGKDOHCGK,INT,1,1,RT,2026,1
CGKDOHCGK,INT,1,5,RT,2026,2
CGKDOHCGK,INT,1,12,RT,2025,6
CGKDOHCGK,INT,1,18,RT,2026,4
CGKDOHCGK,INT,1,40,RT,2026,1
CGKDOHCGK,INT,2,1,RT,2025,4
CGKDOHCGK,INT,2,2,RT,2025,3
CGKDOHCGK,INT,2,3,RT,2025,4
CGKDOHCGK,INT,2,3,RT,2026,5
CGKDOHCGK,INT,2,7,RT,2026,5
CGKDOHCGK,INT,2,12,RT,2026,5
CGKDOHCGK,INT,2,25,RT,2025,2
CGKDOHCGK,INT,2,25,RT,2026,4
CGKDOHCGK,INT,3,1,RT,2025,1
CGKDOHCGK,INT,3,3,RT,2025,3
CGKDOHCGK,INT,3,3,RT,2026,2
CGKDOHCGK,INT,3,4,RT,2026,1
CGKDOHCGK,INT,3,8,RT,2026,3
CGKDOHCGK,INT,3,14,RT,2026,4
CGKDOHCGK,INT,4,2,RT,2025,3
CGKDOHCGK,INT,4,6,RT,2026,5
CGKDOHCGK,INT,4,10,RT,2025,5
CGKDOHCGK,INT,4,10,RT,2026,2
CGKDOHCGK,INT,5,1,RT,2025,1
CGKDOHCGK,INT,5,3,RT,2025,3
CGKDOHCGK,INT,5,3,RT,2026,1
CGKDOHCGK,INT,5,4,RT,2025,1
CGKDOHCGK,INT,5,10,RT,2025,1
CGKDOHCGK,INT,6,2,RT,2025,1
CGKDOHCGK,INT,6,5,RT,2025,3
CGKDOHCGK,INT,6,5,RT,2026,4
CGKDOHCGK,INT,6,18,RT,2026,1
CGKDOHCGK,INT,7,1,RT,2025,4
CGKDOHCGK,INT,7,1,RT,2026,8
CGKDOHCGK,INT,7,2,RT,2026,3
CGKDOHCGK,INT,7,3,RT,2025,1
CGKDOHCGK,INT,8,3,RT,2025,1
CGKDOHCGK,INT,8,3,RT,2026,6
CGKDOHCGK,INT,8,4,RT,2026,3
CGKDOHCGK,INT,8,6,RT,2025,1
CGKDOHCGK,INT,9,1,RT,2025,6
CGKDOHCGK,INT,10,3,RT,2026,1
CGKDOHCGK,INT,10,4,RT,2026,6
CGKDOHCGK,INT,10,7,RT,2025,2
CGKDOHCGK,INT,10,25,RT,2025,3
CGKDOHCGK,INT,12,1,RT,2026,2
CGKDOHCGK,INT,12,2,RT,2026,1
CGKDOHCGK,INT,12,3,RT,2025,6
CGKDOHCGK,INT,12,7,RT,2026,3
CGKDOHCGK,INT,12,40,RT,2025,4
CGKDOHCGK,INT,13,1,RT,2026,2
CGKDOHCGK,INT,13,7,RT,2025,1
CGKDOHCGK,INT,13,14,RT,2025,4
CGKDOHCGK,INT,14,3,RT,2026,6
CGKDOHCGK,INT,14,10,RT,2026,6
CGKDOHCGK,INT,14,12,RT,2025,4
CGKDOHCGK,INT,14,18,RT,2025,3
CGKDOHCGK,INT,15,2,RT,2026,6
CGKDOHCGK,INT,15,3,RT,2025,1
CGKDOHCGK,INT,15,6,RT,2025,2
CGKDOHCGK,INT,15,8,RT,2026,1
CGKDOHCGK,INT,16,4,RT,2026,5
CGKDOHCGK,INT,16,40,RT,2026,5
CGKDOHCGK,INT,17,1,RT,2025,1
CGKDOHCGK,INT,17,4,RT,2025,3
CGKDOHCGK,INT,17,6,RT,2026,2
CGKDOHCGK,INT,17,14,RT,2026,3
CGKDOHCGK,INT,18,6,RT,2026,4
CGKDOHCGK,INT,19,3,RT,2025,4
CGKDOHCGK,INT,20,3,RT,2026,3
CGKDOHCGK,INT,22,3,RT,2026,1
CGKDOHCGK,INT,22,6,RT,2025,2
CGKDOHCGK,INT,22,10,RT,2026,2
CGKDOHCGK,INT,23,7,RT,2026,1
CGKDOHCGK,INT,23,14,RT,2026,4
CGKDOHCGK,INT,24,10,RT,2025,3
CGKDOHCGK,INT,26,1,RT,2026,1
CGKDOHCGK,INT,27,1,RT,2026,1
CGKDOHCGK,INT,27,3,RT,2025,1
CGKDOHCGK,INT,27,5,RT,2025,4
CGKDOHCGK,INT,27,14,RT,2026,2
CGKDOHCGK,INT,27,18,RT,2026,1
CGKDOHCGK,INT,28,3,RT,2025,1
CGKDOHCGK,INT,28,40,RT,2025,2
CGKDOHCGK,INT,28,40,RT,2026,4
CGKDOHCGK,INT,29,8,RT,2025,2
CGKDOHCGK,INT,29,10,RT,2026,2
CGKDOHCGK,INT,30,3,RT,2025,2
CGKDOHCGK,INT,30,7,RT,2026,1
CGKDOHCGK,INT,30,8,RT,2026,1
CGKDOHCGK,INT,30,10,RT,2025,4
CGKDOHCGK,INT,33,3,RT,2025,6
CGKDOHCGK,INT,35,1,RT,2025,1
CGKDOHCGK,INT,37,14,RT,2026,1
CGKDOHCGK,INT,38,2,RT,2025,3
CGKDOHCGK,INT,38,8,RT,2026,2
CGKDOHCGK,INT,41,8,RT,2026,1
CGKDOHCGK,INT,43,10,RT,2026,1
CGKDOHCGK,INT,44,4,RT,2026,3
CGKDOHCGK,INT,45,2,RT,2026,2
CGKDOHCGK,INT,47,12,RT,2026,6
CGKDOHCGK,INT,49,2,RT,2025,2
CGKDOHCGK,INT,49,18,RT,2026,1
CGKDOHCGK,INT,54,3,RT,2026,1
CGKDOHCGK,INT,55,6,RT,2025,1
CGKDOHCGK,INT,58,7,RT,2025,1
CGKDOHCGK,INT,61,2,RT,2025,1
CGKDOHCGK,INT,65,12,RT,2025,2
CGKDOHCGK,INT,66,2,RT,2025,2
CGKDOHCGK,INT,67,1,RT,2025,1
CGKDOHCGK,INT,67,8,RT,2025,6
CGKDOHCGK,INT,69,6,RT,2025,3
CGKDOHCGK,INT,70,6,RT,2025,2
CGKDOHCGK,INT,73,3,RT,2025,1
CGKDOHCGK,INT,77,2,RT,2025,4
CGKDOHCGK,INT,77,3,RT,2026,4
CGKDOHCGK,INT,81,5,RT,2025,1
CGKDOHCGK,INT,81,8,RT,2025,1
CGKDOHCGK,INT,81,12,RT,2025,1
CGKDOHCGK,INT,82,2,RT,2026,1
CGKDOHCGK,INT,84,2,RT,2026,5
CGKDOHCGK,INT,84,3,RT,2025,2
CGKDOHCGK,INT,84,12,RT,2025,1
CGKDOHCGK,INT,85,2,RT,2026,6
CGKDOHCGK,INT,85,4,RT,2026,6
CGKDOHCGK,INT,85,18,RT,2026,4
CGKDOHCGK,INT,88,2,RT,2025,4
CGKDOHCGK,INT,88,2,RT,2026,1
CGKDOHCGK,INT,88,3,RT,2025,3
CGKDOHCGK,INT,91,6,RT,2026,1
CGKDOHCGK,INT,100,7,RT,2026,2
CGKDOHCGK,INT,100,25,RT,2025,3
CGKDOHCGK,INT,105,7,RT,2026,1
CGKDOHCGK,INT,116,7,RT,2026,6
CGKDOHCGK,INT,123,3,RT,2025,1
CGKDOHCGK,INT,125,1,RT,2025,6
CGKDOHCGK,INT,125,18,RT,2025,1
CGKDOHCGK,INT,154,10,RT,2026,1
CGKDOHCGK,INT,160,4,RT,2026,1
CGKDOHCGK,INT,170,1,RT,2025,6
CGKDOHCGK,INT,182,5,RT,2025,1
CGKDOHCGK,INT,184,12,RT,2026,1
CGKDOHCGK,INT,191,7,RT,2026,2
CGKDOHCGK,INT,193,6,RT,2025,3
CGKDOHCGK,INT,197,5,RT,2025,1
CGKDOHCGK,INT,199,1,RT,2025,2
CGKDPS,DOM,0,0,OW,2025,97
CGKDPS,DOM,0,0,OW,2026,61
CGKDPS,DOM,1,0,OW,2025,63
CGKDPS,DOM,1,0,OW,2026,73
CGKDPS,DOM,2,0,OW,2025,76
CGKDPS,DOM,2,0,OW,2026,92
CGKDPS,DOM,3,0,OW,2025,63
CGKDPS,DOM,3,0,OW,2026,79
CGKDPS,DOM,4,0,OW,2025,87
CGKDPS,DOM,4,0,OW,2026,73
CGKDPS,DOM,5,0,OW,2025,79
CGKDPS,DOM,5,0,OW,2026,101
CGKDPS,DOM,6,0,OW,2025,62
CGKDPS,DOM,6,0,OW,2026,74
CGKDPS,DOM,7,0,OW,2025,81
CGKDPS,DOM,7,0,OW,2026,65
CGKDPS,DOM,8,0,OW,2025,36
CGKDPS,DOM,8,0,OW,2026,57
CGKDPS,DOM,9,0,OW,2025,42
CGKDPS,DOM,9,0,OW,2026,30
CGKDPS,DOM,10,0,OW,2025,30
CGKDPS,DOM,10,0,OW,2026,27
CGKDPS,DOM,11,0,OW,2025,43
CGKDPS,DOM,11,0,OW,2026,15
CGKDPS,DOM,12,0,OW,2025,47
CGKDPS,DOM,12,0,OW,2026,26
CGKDPS,DOM,13,0,OW,2025,36
CGKDPS,DOM,13,0,OW,2026,25
CGKDPS,DOM,14,0,OW,2025,52
CGKDPS,DOM,14,0,OW,2026,34
CGKDPS,DOM,15,0,OW,2025,53
CGKDPS,DOM,15,0,OW,2026,36
CGKDPS,DOM,16,0,OW,2025,50
CGKDPS,DOM,16,0,OW,2026,35
CGKDPS,DOM,17,0,OW,2025,48
CGKDPS,DOM,17,0,OW,2026,51
CGKDPS,DOM,18,0,OW,2025,18
CGKDPS,DOM,18,0,OW,2026,50
CGKDPS,DOM,19,0,OW,2025,36
CGKDPS,DOM,19,0,OW,2026,57
CGKDPS,DOM,20,0,OW,2025,41
CGKDPS,DOM,20,0,OW,2026,36
CGKDPS,DOM,21,0,OW,2025,44
CGKDPS,DOM,21,0,OW,2026,35
CGKDPS,DOM,22,0,OW,2025,20
CGKDPS,DOM,22,0,OW,2026,40
CGKDPS,DOM,23,0,OW,2025,39
CGKDPS,DOM,23,0,OW,2026,76
CGKDPS,DOM,24,0,OW,2025,35
CGKDPS,DOM,24,0,OW,2026,45
CGKDPS,DOM,25,0,OW,2025,41
CGKDPS,DOM,25,0,OW,2026,42
CGKDPS,DOM,26,0,OW,2025,55
CGKDPS,DOM,26,0,OW,2026,41
CGKDPS,DOM,27,0,OW,2025,39
CGKDPS,DOM,27,0,OW,2026,28
CGKDPS,DOM,28,0,OW,2025,33
CGKDPS,DOM,28,0,OW,2026,44
CGKDPS,DOM,29,0,OW,2025,40
CGKDPS,DOM,29,0,OW,2026,34
CGKDPS,DOM,30,0,OW,2025,49
CGKDPS,DOM,30,0,OW,2026,29
CGKDPS,DOM,31,0,OW,2025,10
CGKDPS,DOM,31,0,OW,2026,11
CGKDPS,DOM,32,0,OW,2025,6
CGKDPS,DOM,32,0,OW,2026,15
CGKDPS,DOM,33,0,OW,2025,9
CGKDPS,DOM,33,0,OW,2026,6
CGKDPS,DOM,34,0,OW,2025,16
CGKDPS,DOM,34,0,OW,2026,8
CGKDPS,DOM,35,0,OW,2025,4
CGKDPS,DOM,35,0,OW,2026,13
CGKDPS,DOM,36,0,OW,2025,2
CGKDPS,DOM,36,0,OW,2026,2
CGKDPS,DOM,37,0,OW,2025,17
CGKDPS,DOM,37,0,OW,2026,1
CGKDPS,DOM,38,0,OW,2025,10
CGKDPS,DOM,38,0,OW,2026,21
CGKDPS,DOM,39,0,OW,2025,15
CGKDPS,DOM,39,0,OW,2026,4
CGKDPS,DOM,40,0,OW,2025,7
CGKDPS,DOM,40,0,OW,2026,4
CGKDPS,DOM,41,0,OW,2025,8
CGKDPS,DOM,41,0,OW,2026,5
CGKDPS,DOM,42,0,OW,2025,8
CGKDPS,DOM,42,0,OW,2026,8
CGKDPS,DOM,43,0,OW,2025,4
CGKDPS,DOM,43,0,OW,2026,2
CGKDPS,DOM,44,0,OW,2025,17
CGKDPS,DOM,44,0,OW,2026,1
CGKDPS,DOM,45,0,OW,2025,14
CGKDPS,DOM,45,0,OW,2026,15
CGKDPS,DOM,46,0,OW,2025,16
CGKDPS,DOM,46,0,OW,2026,17
CGKDPS,DOM,47,0,OW,2025,1
CGKDPS,DOM,47,0,OW,2026,7
CGKDPS,DOM,48,0,OW,2025,7
CGKDPS,DOM,48,0,OW,2026,15
CGKDPS,DOM,49,0,OW,2025,3
CGKDPS,DOM,49,0,OW,2026,5
CGKDPS,DOM,50,0,OW,2025,8
CGKDPS,DOM,50,0,OW,2026,18
CGKDPS,DOM,51,0,OW,2025,20
CGKDPS,DOM,51,0,OW,2026,17
CGKDPS,DOM,52,0,OW,2025,13
CGKDPS,DOM,53,0,OW,2025,9
CGKDPS,DOM,53,0,OW,2026,2
CGKDPS,DOM,54,0,OW,2025,14
CGKDPS,DOM,54,0,OW,2026,5
CGKDPS,DOM,55,0,OW,2025,13
CGKDPS,DOM,55,0,OW,2026,11
CGKDPS,DOM,56,0,OW,2025,4
CGKDPS,DOM,56,0,OW,2026,18
CGKDPS,DOM,57,0,OW,2025,3
CGKDPS,DOM,57,0,OW,2026,6
CGKDPS,DOM,58,0,OW,2025,8
CGKDPS,DOM,58,0,OW,2026,31
CGKDPS,DOM,59,0,OW,2025,6
CGKDPS,DOM,59,0,OW,2026,13
CGKDPS,DOM,60,0,OW,2025,15
CGKDPS,DOM,60,0,OW,2026,11
CGKDPS,DOM,61,0,OW,2025,2
CGKDPS,DOM,61,0,OW,2026,2
CGKDPS,DOM,62,0,OW,2025,9
CGKDPS,DOM,62,0,OW,2026,4
CGKDPS,DOM,63,0,OW,2025,11
CGKDPS,DOM,63,0,OW,2026,9
CGKDPS,DOM,64,0,OW,2025,1
CGKDPS,DOM,65,0,OW,2025,13
CGKDPS,DOM,65,0,OW,2026,12
CGKDPS,DOM,66,0,OW,2025,13
CGKDPS,DOM,66,0,OW,2026,16
CGKDPS,DOM,67,0,OW,2025,8
CGKDPS,DOM,67,0,OW,2026,12
CGKDPS,DOM,68,0,OW,2025,1
CGKDPS,DOM,68,0,OW,2026,7
CGKDPS,DOM,69,0,OW,2025,11
CGKDPS,DOM,69,0,OW,2026,4
CGKDPS,DOM,70,0,OW,2025,20
CGKDPS,DOM,70,0,OW,2026,2
CGKDPS,DOM,71,0,OW,2025,1
CGKDPS,DOM,71,0,OW,2026,9
CGKDPS,DOM,72,0,OW,2025,3
CGKDPS,DOM,72,0,OW,2026,11
CGKDPS,DOM,73,0,OW,2025,15
CGKDPS,DOM,73,0,OW,2026,3
CGKDPS,DOM,74,0,OW,2025,4
CGKDPS,DOM,74,0,OW,2026,3
CGKDPS,DOM,75,0,OW,2025,1
CGKDPS,DOM,75,0,OW,2026,2
CGKDPS,DOM,76,0,OW,2025,6
CGKDPS,DOM,77,0,OW,2025,6
CGKDPS,DOM,77,0,OW,2026,6
CGKDPS,DOM,78,0,OW,2025,9
CGKDPS,DOM,78,0,OW,2026,9
CGKDPS,DOM,79,0,OW,2025,6
CGKDPS,DOM,79,0,OW,2026,16
CGKDPS,DOM,80,0,OW,2025,12
CGKDPS,DOM,80,0,OW,2026,7
CGKDPS,DOM,81,0,OW,2025,2
CGKDPS,DOM,81,0,OW,2026,6
CGKDPS,DOM,82,0,OW,2025,8
CGKDPS,DOM,82,0,OW,2026,6
CGKDPS,DOM,83,0,OW,2025,14
CGKDPS,DOM,83,0,OW,2026,17
CGKDPS,DOM,84,0,OW,2025,10
CGKDPS,DOM,84,0,OW,2026,18
CGKDPS,DOM,85,0,OW,2025,9
CGKDPS,DOM,85,0,OW,2026,4
CGKDPS,DOM,86,0,OW,2025,11
CGKDPS,DOM,86,0,OW,2026,3
CGKDPS,DOM,87,0,OW,2025,13
CGKDPS,DOM,87,0,OW,2026,13
CGKDPS,DOM,88,0,OW,2025,14
CGKDPS,DOM,88,0,OW,2026,2
CGKDPS,DOM,89,0,OW,2025,12
CGKDPS,DOM,89,0,OW,2026,5
CGKDPS,DOM,90,0,OW,2025,4
CGKDPS,DOM,90,0,OW,2026,12
CGKDPS,DOM,93,0,OW,2026,1
CGKDPS,DOM,95,0,OW,2025,6
CGKDPS,DOM,95,0,OW,2026,1
CGKDPS,DOM,96,0,OW,2025,1
CGKDPS,DOM,96,0,OW,2026,6
CGKDPS,DOM,97,0,OW,2025,2
CGKDPS,DOM,97,0,OW,2026,6
CGKDPS,DOM,98,0,OW,2025,1
CGKDPS,DOM,99,0,OW,2025,4
CGKDPS,DOM,99,0,OW,2026,4
CGKDPS,DOM,100,0,OW,2026,8
CGKDPS,DOM,101,0,OW,2025,1
CGKDPS,DOM,103,0,OW,2025,3
CGKDPS,DOM,103,0,OW,2026,3
CGKDPS,DOM,104,0,OW,2025,5
CGKDPS,DOM,106,0,OW,2025,5
CGKDPS,DOM,106,0,OW,2026,1
CGKDPS,DOM,107,0,OW,2025,5
CGKDPS,DOM,108,0,OW,2025,2
CGKDPS,DOM,108,0,OW,2026,6
CGKDPS,DOM,109,0,OW,2025,9
CGKDPS,DOM,110,0,OW,2025,8
CGKDPS,DOM,111,0,OW,2026,2
CGKDPS,DOM,112,0,OW,2025,1
CGKDPS,DOM,113,0,OW,2025,7
CGKDPS,DOM,113,0,OW,2026,2
CGKDPS,DOM,114,0,OW,2025,2
CGKDPS,DOM,115,0,OW,2025,1
CGKDPS,DOM,115,0,OW,2026,13
CGKDPS,DOM,116,0,OW,2025,4
CGKDPS,DOM,117,0,OW,2025,2
CGKDPS,DOM,117,0,OW,2026,2
CGKDPS,DOM,120,0,OW,2025,1
CGKDPS,DOM,121,0,OW,2026,8
CGKDPS,DOM,122,0,OW,2025,1
CGKDPS,DOM,124,0,OW,2025,2
CGKDPS,DOM,126,0,OW,2025,12
CGKDPS,DOM,126,0,OW,2026,5
CGKDPS,DOM,127,0,OW,2025,5
CGKDPS,DOM,127,0,OW,2026,2
CGKDPS,DOM,128,0,OW,2026,1
CGKDPS,DOM,129,0,OW,2025,1
CGKDPS,DOM,130,0,OW,2025,2
CGKDPS,DOM,130,0,OW,2026,3
CGKDPS,DOM,131,0,OW,2026,1
CGKDPS,DOM,132,0,OW,2025,6
CGKDPS,DOM,132,0,OW,2026,7
CGKDPS,DOM,133,0,OW,2025,1
CGKDPS,DOM,134,0,OW,2026,4
CGKDPS,DOM,135,0,OW,2025,6
CGKDPS,DOM,136,0,OW,2025,3
CGKDPS,DOM,138,0,OW,2025,2
CGKDPS,DOM,139,0,OW,2025,4
CGKDPS,DOM,142,0,OW,2025,1
CGKDPS,DOM,143,0,OW,2025,5
CGKDPS,DOM,144,0,OW,2026,1
CGKDPS,DOM,145,0,OW,2025,2
CGKDPS,DOM,145,0,OW,2026,3
CGKDPS,DOM,146,0,OW,2025,6
CGKDPS,DOM,148,0,OW,2025,1
CGKDPS,DOM,148,0,OW,2026,3
CGKDPS,DOM,149,0,OW,2025,2
CGKDPS,DOM,150,0,OW,2025,4
CGKDPS,DOM,150,0,OW,2026,3
CGKDPS,DOM,151,0,OW,2026,4
CGKDPS,DOM,152,0,OW,2025,1
CGKDPS,DOM,154,0,OW,2025,3
CGKDPS,DOM,155,0,OW,2025,2
CGKDPS,DOM,155,0,OW,2026,4
CGKDPS,DOM,156,0,OW,2025,1
CGKDPS,DOM,157,0,OW,2025,4
CGKDPS,DOM,157,0,OW,2026,1
CGKDPS,DOM,158,0,OW,2025,2
CGKDPS,DOM,159,0,OW,2025,5
CGKDPS,DOM,160,0,OW,2025,2
CGKDPS,DOM,164,0,OW,2025,6
CGKDPS,DOM,164,0,OW,2026,2
CGKDPS,DOM,165,0,OW,2025,2
CGKDPS,DOM,166,0,OW,2026,5
CGKDPS,DOM,168,0,OW,2025,4
CGKDPS,DOM,168,0,OW,2026,9
CGKDPS,DOM,169,0,OW,2025,2
CGKDPS,DOM,170,0,OW,2025,2
CGKDPS,DOM,170,0,OW,2026,1
CGKDPS,DOM,171,0,OW,2025,6
CGKDPS,DOM,172,0,OW,2025,8
CGKDPS,DOM,172,0,OW,2026,1
CGKDPS,DOM,173,0,OW,2026,1
CGKDPS,DOM,174,0,OW,2025,2
CGKDPS,DOM,174,0,OW,2026,5
CGKDPS,DOM,175,0,OW,2025,7
CGKDPS,DOM,175,0,OW,2026,5
CGKDPS,DOM,176,0,OW,2025,4
CGKDPS,DOM,176,0,OW,2026,2
CGKDPS,DOM,177,0,OW,2026,1
CGKDPS,DOM,178,0,OW,2025,2
CGKDPS,DOM,179,0,OW,2026,4
CGKDPS,DOM,180,0,OW,2025,5
CGKDPS,DOM,180,0,OW,2026,3
CGKDPS,DOM,181,0,OW,2025,5
CGKDPS,DOM,181,0,OW,2026,4
CGKDPS,DOM,182,0,OW,2025,3
CGKDPS,DOM,183,0,OW,2026,3
CGKDPS,DOM,185,0,OW,2025,2
CGKDPS,DOM,185,0,OW,2026,3
CGKDPS,DOM,186,0,OW,2025,1
CGKDPS,DOM,186,0,OW,2026,1
CGKDPS,DOM,188,0,OW,2025,1
CGKDPS,DOM,189,0,OW,2025,12
CGKDPS,DOM,189,0,OW,2026,4
CGKDPS,DOM,190,0,OW,2026,3
CGKDPS,DOM,191,0,OW,2026,3
CGKDPS,DOM,192,0,OW,2026,2
CGKDPS,DOM,193,0,OW,2026,2
CGKDPS,DOM,194,0,OW,2025,2
CGKDPS,DOM,194,0,OW,2026,5
CGKDPS,DOM,195,0,OW,2025,3
CGKDPS,DOM,197,0,OW,2025,1
CGKDPS,DOM,198,0,OW,2025,1
CGKDPS,DOM,198,0,OW,2026,5
CGKDPS,DOM,199,0,OW,2026,3
CGKDPS,DOM,200,0,OW,2025,3
CGKDPS,DOM,200,0,OW,2026,6
CGKDPS,DOM,202,0,OW,2025,1
CGKDPS,DOM,202,0,OW,2026,2
CGKDPS,DOM,203,0,OW,2025,3
CGKDPS,DOM,204,0,OW,2025,1
CGKDPS,DOM,205,0,OW,2025,2
CGKDPS,DOM,206,0,OW,2025,1
CGKDPS,DOM,206,0,OW,2026,2
CGKDPS,DOM,210,0,OW,2026,2
CGKDPS,DOM,211,0,OW,2025,4
CGKDPS,DOM,212,0,OW,2025,4
CGKDPS,DOM,212,0,OW,2026,1
CGKDPS,DOM,213,0,OW,2025,7
CGKDPS,DOM,213,0,OW,2026,1
CGKDPS,DOM,215,0,OW,2025,7
CGKDPS,DOM,215,0,OW,2026,1
CGKDPS,DOM,216,0,OW,2025,2
CGKDPS,DOM,216,0,OW,2026,4
CGKDPS,DOM,219,0,OW,2025,2
CGKDPSCGK,DOM,0,1,RT,2025,10
CGKDPSCGK,DOM,0,1,RT,2026,7
CGKDPSCGK,DOM,0,2,RT,2025,3
CGKDPSCGK,DOM,0,2,RT,2026,16
CGKDPSCGK,DOM,0,3,RT,2025,20
CGKDPSCGK,DOM,0,3,RT,2026,20
CGKDPSCGK,DOM,0,4,RT,2025,16
CGKDPSCGK,DOM,0,4,RT,2026,7
CGKDPSCGK,DOM,0,5,RT,2025,7
CGKDPSCGK,DOM,0,5,RT,2026,6
CGKDPSCGK,DOM,0,6,RT,2025,5
CGKDPSCGK,DOM,0,6,RT,2026,6
CGKDPSCGK,DOM,0,7,RT,2025,5
CGKDPSCGK,DOM,0,7,RT,2026,8
CGKDPSCGK,DOM,0,8,RT,2025,1
CGKDPSCGK,DOM,0,8,RT,2026,3
CGKDPSCGK,DOM,0,10,RT,2025,5
CGKDPSCGK,DOM,0,10,RT,2026,11
CGKDPSCGK,DOM,0,12,RT,2025,7
CGKDPSCGK,DOM,0,12,RT,2026,6
CGKDPSCGK,DOM,0,14,RT,2025,11
CGKDPSCGK,DOM,0,14,RT,2026,10
CGKDPSCGK,DOM,0,18,RT,2025,2
CGKDPSCGK,DOM,0,18,RT,2026,2
CGKDPSCGK,DOM,0,25,RT,2025,6
CGKDPSCGK,DOM,0,25,RT,2026,5
CGKDPSCGK,DOM,0,40,RT,2025,3
CGKDPSCGK,DOM,0,40,RT,2026,2
CGKDPSCGK,DOM,1,1,RT,2025,25
CGKDPSCGK,DOM,1,1,RT,2026,6
CGKDPSCGK,DOM,1,2,RT,2025,7
CGKDPSCGK,DOM,1,2,RT,2026,9
CGKDPSCGK,DOM,1,3,RT,2026,14
CGKDPSCGK,DOM,1,4,RT,2025,2
CGKDPSCGK,DOM,1,4,RT,2026,10
CGKDPSCGK,DOM,1,5,RT,2025,9
CGKDPSCGK,DOM,1,5,RT,2026,7
CGKDPSCGK,DOM,1,6,RT,2025,11
CGKDPSCGK,DOM,1,6,RT,2026,2
CGKDPSCGK,DOM,1,7,RT,2025,14
CGKDPSCGK,DOM,1,7,RT,2026,11
CGKDPSCGK,DOM,1,8,RT,2025,2
CGKDPSCGK,DOM,1,10,RT,2025,3
CGKDPSCGK,DOM,1,10,RT,2026,6
CGKDPSCGK,DOM,1,12,RT,2025,3
CGKDPSCGK,DOM,1,12,RT,2026,7
CGKDPSCGK,DOM,1,14,RT,2025,2
CGKDPSCGK,DOM,1,14,RT,2026,5
CGKDPSCGK,DOM,1,18,RT,2025,10
CGKDPSCGK,DOM,1,18,RT,2026,10
CGKDPSCGK,DOM,1,25,RT,2025,7
CGKDPSCGK,DOM,1,25,RT,2026,7
CGKDPSCGK,DOM,1,40,RT,2025,4
CGKDPSCGK,DOM,1,40,RT,2026,4
CGKDPSCGK,DOM,2,1,RT,2025,5
CGKDPSCGK,DOM,2,1,RT,2026,13
CGKDPSCGK,DOM,2,2,RT,2025,8
CGKDPSCGK,DOM,2,2,RT,2026,8
CGKDPSCGK,DOM,2,3,RT,2025,12
CGKDPSCGK,DOM,2,3,RT,2026,6
CGKDPSCGK,DOM,2,4,RT,2025,7
CGKDPSCGK,DOM,2,4,RT,2026,4
CGKDPSCGK,DOM,2,5,RT,2025,12
CGKDPSCGK,DOM,2,5,RT,2026,1
CGKDPSCGK,DOM,2,6,RT,2025,6
CGKDPSCGK,DOM,2,6,RT,2026,1
CGKDPSCGK,DOM,2,7,RT,2026,2
CGKDPSCGK,DOM,2,8,RT,2025,2
CGKDPSCGK,DOM,2,8,RT,2026,2
CGKDPSCGK,DOM,2,10,RT,2025,6
CGKDPSCGK,DOM,2,10,RT,2026,6
CGKDPSCGK,DOM,2,12,RT,2025,7
CGKDPSCGK,DOM,2,14,RT,2025,1
CGKDPSCGK,DOM,2,18,RT,2025,6
CGKDPSCGK,DOM,2,18,RT,2026,8
CGKDPSCGK,DOM,2,25,RT,2025,28
CGKDPSCGK,DOM,2,25,RT,2026,4
CGKDPSCGK,DOM,2,40,RT,2025,5
CGKDPSCGK,DOM,2,40,RT,2026,1
CGKDPSCGK,DOM,3,1,RT,2025,15
CGKDPSCGK,DOM,3,1,RT,2026,6
CGKDPSCGK,DOM,3,2,RT,2025,16
CGKDPSCGK,DOM,3,2,RT,2026,12
CGKDPSCGK,DOM,3,3,RT,2025,20
CGKDPSCGK,DOM,3,3,RT,2026,9
CGKDPSCGK,DOM,3,4,RT,2025,9
CGKDPSCGK,DOM,3,4,RT,2026,5
CGKDPSCGK,DOM,3,5,RT,2025,5
CGKDPSCGK,DOM,3,5,RT,2026,4
CGKDPSCGK,DOM,3,6,RT,2026,9
CGKDPSCGK,DOM,3,7,RT,2026,1
CGKDPSCGK,DOM,3,8,RT,2025,7
CGKDPSCGK,DOM,3,8,RT,2026,6
CGKDPSCGK,DOM,3,10,RT,2026,8
CGKDPSCGK,DOM,3,12,RT,2025,8
CGKDPSCGK,DOM,3,12,RT,2026,5
CGKDPSCGK,DOM,3,14,RT,2025,8
CGKDPSCGK,DOM,3,14,RT,2026,1
CGKDPSCGK,DOM,3,18,RT,2025,13
CGKDPSCGK,DOM,3,18,RT,2026,1
CGKDPSCGK,DOM,3,25,RT,2025,3
CGKDPSCGK,DOM,3,25,RT,2026,5
CGKDPSCGK,DOM,3,40,RT,2025,25
CGKDPSCGK,DOM,3,40,RT,2026,1
CGKDPSCGK,DOM,4,1,RT,2025,14
CGKDPSCGK,DOM,4,1,RT,2026,14
CGKDPSCGK,DOM,4,2,RT,2025,16
CGKDPSCGK,DOM,4,2,RT,2026,22
CGKDPSCGK,DOM,4,3,RT,2025,13
CGKDPSCGK,DOM,4,3,RT,2026,1
CGKDPSCGK,DOM,4,4,RT,2025,9
CGKDPSCGK,DOM,4,4,RT,2026,1
CGKDPSCGK,DOM,4,5,RT,2025,5
CGKDPSCGK,DOM,4,5,RT,2026,7
CGKDPSCGK,DOM,4,6,RT,2025,5
CGKDPSCGK,DOM,4,7,RT,2025,3
CGKDPSCGK,DOM,4,7,RT,2026,3
CGKDPSCGK,DOM,4,8,RT,2025,12
CGKDPSCGK,DOM,4,8,RT,2026,9
CGKDPSCGK,DOM,4,10,RT,2025,10
CGKDPSCGK,DOM,4,10,RT,2026,6
CGKDPSCGK,DOM,4,12,RT,2025,21
CGKDPSCGK,DOM,4,12,RT,2026,1
CGKDPSCGK,DOM,4,14,RT,2025,6
CGKDPSCGK,DOM,4,14,RT,2026,1
CGKDPSCGK,DOM,4,18,RT,2025,2
CGKDPSCGK,DOM,4,18,RT,2026,2
CGKDPSCGK,DOM,4,25,RT,2025,2
CGKDPSCGK,DOM,4,25,RT,2026,3
CGKDPSCGK,DOM,4,40,RT,2025,6
CGKDPSCGK,DOM,4,40,RT,2026,4
CGKDPSCGK,DOM,5,1,RT,2025,9
CGKDPSCGK,DOM,5,1,RT,2026,12
CGKDPSCGK,DOM,5,2,RT,2025,14
CGKDPSCGK,DOM,5,2,RT,2026,16
CGKDPSCGK,DOM,5,3,RT,2025,10
CGKDPSCGK,DOM,5,3,RT,2026,12
CGKDPSCGK,DOM,5,4,RT,2026,7
CGKDPSCGK,DOM,5,5,RT,2025,4
CGKDPSCGK,DOM,5,5,RT,2026,3
CGKDPSCGK,DOM,5,6,RT,2025,10
CGKDPSCGK,DOM,5,6,RT,2026,5
CGKDPSCGK,DOM,5,8,RT,2025,17
CGKDPSCGK,DOM,5,8,RT,2026,6
CGKDPSCGK,DOM,5,10,RT,2025,7
CGKDPSCGK,DOM,5,10,RT,2026,3
CGKDPSCGK,DOM,5,12,RT,2026,10
CGKDPSCGK,DOM,5,14,RT,2025,16
CGKDPSCGK,DOM,5,18,RT,2025,14
CGKDPSCGK,DOM,5,18,RT,2026,5
CGKDPSCGK,DOM,5,25,RT,2025,1
CGKDPSCGK,DOM,5,25,RT,2026,9
CGKDPSCGK,DOM,5,40,RT,2025,4
CGKDPSCGK,DOM,6,1,RT,2025,21
CGKDPSCGK,DOM,6,1,RT,2026,13
CGKDPSCGK,DOM,6,2,RT,2025,6
CGKDPSCGK,DOM,6,2,RT,2026,18
CGKDPSCGK,DOM,6,3,RT,2025,9
CGKDPSCGK,DOM,6,3,RT,2026,9
CGKDPSCGK,DOM,6,4,RT,2025,13
CGKDPSCGK,DOM,6,4,RT,2026,4
CGKDPSCGK,DOM,6,5,RT,2025,8
CGKDPSCGK,DOM,6,5,RT,2026,3
CGKDPSCGK,DOM,6,6,RT,2025,12
CGKDPSCGK,DOM,6,7,RT,2025,3
CGKDPSCGK,DOM,6,8,RT,2025,7
CGKDPSCGK,DOM,6,8,RT,2026,1
CGKDPSCGK,DOM,6,10,RT,2025,7
CGKDPSCGK,DOM,6,10,RT,2026,5
CGKDPSCGK,DOM,6,12,RT,2025,20
CGKDPSCGK,DOM,6,12,RT,2026,15
CGKDPSCGK,DOM,6,14,RT,2025,9
CGKDPSCGK,DOM,6,14,RT,2026,6
CGKDPSCGK,DOM,6,18,RT,2025,3
CGKDPSCGK,DOM,6,18,RT,2026,9
CGKDPSCGK,DOM,6,25,RT,2025,7
CGKDPSCGK,DOM,6,25,RT,2026,1
CGKDPSCGK,DOM,6,40,RT,2025,3
CGKDPSCGK,DOM,6,40,RT,2026,1
CGKDPSCGK,DOM,7,1,RT,2025,5
CGKDPSCGK,DOM,7,1,RT,2026,6
CGKDPSCGK,DOM,7,2,RT,2025,17
CGKDPSCGK,DOM,7,2,RT,2026,12
CGKDPSCGK,DOM,7,3,RT,2025,12
CGKDPSCGK,DOM,7,3,RT,2026,5
CGKDPSCGK,DOM,7,4,RT,2025,5
CGKDPSCGK,DOM,7,4,RT,2026,6
CGKDPSCGK,DOM,7,5,RT,2025,4
CGKDPSCGK,DOM,7,5,RT,2026,2
CGKDPSCGK,DOM,7,6,RT,2025,2
CGKDPSCGK,DOM,7,6,RT,2026,5
CGKDPSCGK,DOM,7,7,RT,2025,3
CGKDPSCGK,DOM,7,7,RT,2026,3
CGKDPSCGK,DOM,7,8,RT,2025,1
CGKDPSCGK,DOM,7,8,RT,2026,1
CGKDPSCGK,DOM,7,10,RT,2025,2
CGKDPSCGK,DOM,7,10,RT,2026,3
CGKDPSCGK,DOM,7,12,RT,2025,12
CGKDPSCGK,DOM,7,12,RT,2026,6
CGKDPSCGK,DOM,7,14,RT,2025,14
CGKDPSCGK,DOM,7,14,RT,2026,3
CGKDPSCGK,DOM,7,18,RT,2025,10
CGKDPSCGK,DOM,7,18,RT,2026,3
CGKDPSCGK,DOM,7,25,RT,2025,3
CGKDPSCGK,DOM,7,25,RT,2026,6
CGKDPSCGK,DOM,7,40,RT,2025,16
CGKDPSCGK,DOM,7,40,RT,2026,1
CGKDPSCGK,DOM,8,1,RT,2025,6
CGKDPSCGK,DOM,8,1,RT,2026,6
CGKDPSCGK,DOM,8,2,RT,2025,28
CGKDPSCGK,DOM,8,2,RT,2026,2
CGKDPSCGK,DOM,8,3,RT,2025,9
CGKDPSCGK,DOM,8,3,RT,2026,2
CGKDPSCGK,DOM,8,4,RT,2025,2
CGKDPSCGK,DOM,8,4,RT,2026,5
CGKDPSCGK,DOM,8,5,RT,2026,8
CGKDPSCGK,DOM,8,6,RT,2025,3
CGKDPSCGK,DOM,8,6,RT,2026,6
CGKDPSCGK,DOM,8,7,RT,2026,7
CGKDPSCGK,DOM,8,8,RT,2025,3
CGKDPSCGK,DOM,8,8,RT,2026,3
CGKDPSCGK,DOM,8,10,RT,2025,2
CGKDPSCGK,DOM,8,10,RT,2026,1
CGKDPSCGK,DOM,8,12,RT,2025,1
CGKDPSCGK,DOM,8,12,RT,2026,4
CGKDPSCGK,DOM,8,14,RT,2025,1
CGKDPSCGK,DOM,8,18,RT,2025,11
CGKDPSCGK,DOM,8,18,RT,2026,3
CGKDPSCGK,DOM,8,25,RT,2025,1
CGKDPSCGK,DOM,8,40,RT,2026,3
CGKDPSCGK,DOM,9,1,RT,2025,2
CGKDPSCGK,DOM,9,1,RT,2026,12
CGKDPSCGK,DOM,9,2,RT,2025,12
CGKDPSCGK,DOM,9,3,RT,2025,16
CGKDPSCGK,DOM,9,3,RT,2026,9
CGKDPSCGK,DOM,9,4,RT,2025,6
CGKDPSCGK,DOM,9,4,RT,2026,4
CGKDPSCGK,DOM,9,5,RT,2025,9
CGKDPSCGK,DOM,9,6,RT,2025,2
CGKDPSCGK,DOM,9,6,RT,2026,3
CGKDPSCGK,DOM,9,7,RT,2025,5
CGKDPSCGK,DOM,9,7,RT,2026,2
CGKDPSCGK,DOM,9,8,RT,2026,11
CGKDPSCGK,DOM,9,10,RT,2025,15
CGKDPSCGK,DOM,9,12,RT,2025,3
CGKDPSCGK,DOM,9,12,RT,2026,3
CGKDPSCGK,DOM,9,14,RT,2025,5
CGKDPSCGK,DOM,9,14,RT,2026,4
CGKDPSCGK,DOM,9,18,RT,2025,8
CGKDPSCGK,DOM,9,18,RT,2026,11
CGKDPSCGK,DOM,9,25,RT,2026,4
CGKDPSCGK,DOM,9,40,RT,2025,8
CGKDPSCGK,DOM,10,1,RT,2025,8
CGKDPSCGK,DOM,10,1,RT,2026,6
CGKDPSCGK,DOM,10,2,RT,2026,2
CGKDPSCGK,DOM,10,3,RT,2025,14
CGKDPSCGK,DOM,10,3,RT,2026,16
CGKDPSCGK,DOM,10,4,RT,2025,1
CGKDPSCGK,DOM,10,5,RT,2025,21
CGKDPSCGK,DOM,10,5,RT,2026,3
CGKDPSCGK,DOM,10,6,RT,2025,13
CGKDPSCGK,DOM,10,6,RT,2026,2
CGKDPSCGK,DOM,10,7,RT,2025,13
CGKDPSCGK,DOM,10,7,RT,2026,4
CGKDPSCGK,DOM,10,8,RT,2025,14
CGKDPSCGK,DOM,10,10,RT,2026,7
CGKDPSCGK,DOM,10,12,RT,2025,2
CGKDPSCGK,DOM,10,14,RT,2026,2
CGKDPSCGK,DOM,10,18,RT,2025,5
CGKDPSCGK,DOM,10,18,RT,2026,2
CGKDPSCGK,DOM,10,25,RT,2025,4
CGKDPSCGK,DOM,10,25,RT,2026,6
CGKDPSCGK,DOM,10,40,RT,2025,1
CGKDPSCGK,DOM,10,40,RT,2026,6
CGKDPSCGK,DOM,11,1,RT,2025,13
CGKDPSCGK,DOM,11,1,RT,2026,1
CGKDPSCGK,DOM,11,2,RT,2025,9
CGKDPSCGK,DOM,11,2,RT,2026,10
CGKDPSCGK,DOM,11,3,RT,2025,14
CGKDPSCGK,DOM,11,4,RT,2025,4
CGKDPSCGK,DOM,11,5,RT,2025,1
CGKDPSCGK,DOM,11,5,RT,2026,1
CGKDPSCGK,DOM,11,6,RT,2025,6
CGKDPSCGK,DOM,11,6,RT,2026,2
CGKDPSCGK,DOM,11,7,RT,2026,6
CGKDPSCGK,DOM,11,8,RT,2025,11
CGKDPSCGK,DOM,11,10,RT,2025,4
CGKDPSCGK,DOM,11,12,RT,2025,3
CGKDPSCGK,DOM,11,12,RT,2026,2
CGKDPSCGK,DOM,11,14,RT,2025,5
CGKDPSCGK,DOM,11,14,RT,2026,6
CGKDPSCGK,DOM,11,18,RT,2026,1
CGKDPSCGK,DOM,11,25,RT,2025,9
CGKDPSCGK,DOM,11,40,RT,2025,1
CGKDPSCGK,DOM,11,40,RT,2026,1
CGKDPSCGK,DOM,12,1,RT,2025,3
CGKDPSCGK,DOM,12,1,RT,2026,3
CGKDPSCGK,DOM,12,2,RT,2025,12
CGKDPSCGK,DOM,12,2,RT,2026,17
CGKDPSCGK,DOM,12,3,RT,2025,13
CGKDPSCGK,DOM,12,4,RT,2025,3
CGKDPSCGK,DOM,12,5,RT,2026,1
CGKDPSCGK,DOM,12,7,RT,2025,2
CGKDPSCGK,DOM,12,7,RT,2026,8
CGKDPSCGK,DOM,12,8,RT,2025,14
CGKDPSCGK,DOM,12,10,RT,2025,2
CGKDPSCGK,DOM,12,10,RT,2026,6
CGKDPSCGK,DOM,12,12,RT,2025,1
CGKDPSCGK,DOM,12,12,RT,2026,3
CGKDPSCGK,DOM,12,14,RT,2025,5
CGKDPSCGK,DOM,12,14,RT,2026,2
CGKDPSCGK,DOM,12,18,RT,2025,2
CGKDPSCGK,DOM,12,18,RT,2026,5
CGKDPSCGK,DOM,12,25,RT,2025,1
CGKDPSCGK,DOM,12,25,RT,2026,5
CGKDPSCGK,DOM,12,40,RT,2025,5
CGKDPSCGK,DOM,12,40,RT,2026,5
CGKDPSCGK,DOM,13,1,RT,2025,6
CGKDPSCGK,DOM,13,1,RT,2026,1
CGKDPSCGK,DOM,13,2,RT,2025,14
CGKDPSCGK,DOM,13,2,RT,2026,5
CGKDPSCGK,DOM,13,3,RT,2025,7
CGKDPSCGK,DOM,13,3,RT,2026,1
CGKDPSCGK,DOM,13,4,RT,2025,7
CGKDPSCGK,DOM,13,4,RT,2026,2
CGKDPSCGK,DOM,13,5,RT,2025,5
CGKDPSCGK,DOM,13,5,RT,2026,3
CGKDPSCGK,DOM,13,8,RT,2025,6
CGKDPSCGK,DOM,13,10,RT,2026,2
CGKDPSCGK,DOM,13,12,RT,2025,2
CGKDPSCGK,DOM,13,12,RT,2026,4
CGKDPSCGK,DOM,13,14,RT,2025,6
CGKDPSCGK,DOM,13,14,RT,2026,1
CGKDPSCGK,DOM,13,18,RT,2025,5
CGKDPSCGK,DOM,13,18,RT,2026,2
CGKDPSCGK,DOM,13,25,RT,2025,3
CGKDPSCGK,DOM,13,40,RT,2025,3
CGKDPSCGK,DOM,14,1,RT,2026,5
CGKDPSCGK,DOM,14,2,RT,2025,1
CGKDPSCGK,DOM,14,2,RT,2026,8
CGKDPSCGK,DOM,14,3,RT,2025,8
CGKDPSCGK,DOM,14,3,RT,2026,5
CGKDPSCGK,DOM,14,6,RT,2025,6
CGKDPSCGK,DOM,14,7,RT,2025,7
CGKDPSCGK,DOM,14,8,RT,2026,4
CGKDPSCGK,DOM,14,10,RT,2026,1
CGKDPSCGK,DOM,14,12,RT,2025,3
CGKDPSCGK,DOM,14,12,RT,2026,2
CGKDPSCGK,DOM,14,14,RT,2025,4
CGKDPSCGK,DOM,14,25,RT,2025,3
CGKDPSCGK,DOM,14,25,RT,2026,6
CGKDPSCGK,DOM,14,40,RT,2025,1
CGKDPSCGK,DOM,15,1,RT,2025,5
CGKDPSCGK,DOM,15,1,RT,2026,9
CGKDPSCGK,DOM,15,2,RT,2025,2
CGKDPSCGK,DOM,15,3,RT,2025,4
CGKDPSCGK,DOM,15,3,RT,2026,8
CGKDPSCGK,DOM,15,5,RT,2025,1
CGKDPSCGK,DOM,15,5,RT,2026,2
CGKDPSCGK,DOM,15,6,RT,2025,1
CGKDPSCGK,DOM,15,6,RT,2026,4
CGKDPSCGK,DOM,15,7,RT,2025,1
CGKDPSCGK,DOM,15,7,RT,2026,3
CGKDPSCGK,DOM,15,10,RT,2025,2
CGKDPSCGK,DOM,15,10,RT,2026,6
CGKDPSCGK,DOM,15,12,RT,2025,1
CGKDPSCGK,DOM,15,18,RT,2025,9
CGKDPSCGK,DOM,15,25,RT,2025,3
CGKDPSCGK,DOM,15,40,RT,2025,8
CGKDPSCGK,DOM,16,1,RT,2025,8
CGKDPSCGK,DOM,16,1,RT,2026,2
CGKDPSCGK,DOM,16,2,RT,2025,7
CGKDPSCGK,DOM,16,2,RT,2026,4
CGKDPSCGK,DOM,16,3,RT,2025,4
CGKDPSCGK,DOM,16,3,RT,2026,9
CGKDPSCGK,DOM,16,4,RT,2025,10
CGKDPSCGK,DOM,16,4,RT,2026,6
CGKDPSCGK,DOM,16,5,RT,2025,2
CGKDPSCGK,DOM,16,6,RT,2026,13
CGKDPSCGK,DOM,16,8,RT,2026,6
CGKDPSCGK,DOM,16,10,RT,2025,1
CGKDPSCGK,DOM,16,14,RT,2025,9
CGKDPSCGK,DOM,16,14,RT,2026,1
CGKDPSCGK,DOM,16,18,RT,2025,2
CGKDPSCGK,DOM,16,25,RT,2025,5
CGKDPSCGK,DOM,16,40,RT,2025,3
CGKDPSCGK,DOM,16,40,RT,2026,4
CGKDPSCGK,DOM,17,1,RT,2025,5
CGKDPSCGK,DOM,17,1,RT,2026,8
CGKDPSCGK,DOM,17,2,RT,2025,3
CGKDPSCGK,DOM,17,2,RT,2026,7
CGKDPSCGK,DOM,17,3,RT,2025,7
CGKDPSCGK,DOM,17,3,RT,2026,1
CGKDPSCGK,DOM,17,5,RT,2025,7
CGKDPSCGK,DOM,17,5,RT,2026,2
CGKDPSCGK,DOM,17,6,RT,2025,7
CGKDPSCGK,DOM,17,6,RT,2026,1
CGKDPSCGK,DOM,17,7,RT,2025,3
CGKDPSCGK,DOM,17,7,RT,2026,7
CGKDPSCGK,DOM,17,8,RT,2025,5
CGKDPSCGK,DOM,17,8,RT,2026,3
CGKDPSCGK,DOM,17,12,RT,2025,8
CGKDPSCGK,DOM,17,12,RT,2026,1
CGKDPSCGK,DOM,17,14,RT,2025,2
CGKDPSCGK,DOM,17,14,RT,2026,2
CGKDPSCGK,DOM,17,18,RT,2025,14
CGKDPSCGK,DOM,17,18,RT,2026,3
CGKDPSCGK,DOM,17,25,RT,2025,8
CGKDPSCGK,DOM,17,25,RT,2026,3
CGKDPSCGK,DOM,17,40,RT,2025,8
CGKDPSCGK,DOM,18,1,RT,2025,10
CGKDPSCGK,DOM,18,1,RT,2026,8
CGKDPSCGK,DOM,18,2,RT,2025,8
CGKDPSCGK,DOM,18,2,RT,2026,2
CGKDPSCGK,DOM,18,3,RT,2025,7
CGKDPSCGK,DOM,18,3,RT,2026,7
CGKDPSCGK,DOM,18,4,RT,2025,4
CGKDPSCGK,DOM,18,4,RT,2026,6
CGKDPSCGK,DOM,18,5,RT,2025,6
CGKDPSCGK,DOM,18,6,RT,2026,15
CGKDPSCGK,DOM,18,7,RT,2026,3
CGKDPSCGK,DOM,18,8,RT,2025,6
CGKDPSCGK,DOM,18,8,RT,2026,1
CGKDPSCGK,DOM,18,10,RT,2025,1
CGKDPSCGK,DOM,18,10,RT,2026,3
CGKDPSCGK,DOM,18,12,RT,2025,4
CGKDPSCGK,DOM,18,12,RT,2026,2
CGKDPSCGK,DOM,18,14,RT,2025,1
CGKDPSCGK,DOM,18,14,RT,2026,5
CGKDPSCGK,DOM,18,18,RT,2025,9
CGKDPSCGK,DOM,18,18,RT,2026,3
CGKDPSCGK,DOM,18,25,RT,2025,2
CGKDPSCGK,DOM,18,25,RT,2026,4
CGKDPSCGK,DOM,18,40,RT,2025,1
CGKDPSCGK,DOM,18,40,RT,2026,5
CGKDPSCGK,DOM,19,1,RT,2026,3
CGKDPSCGK,DOM,19,2,RT,2025,2
CGKDPSCGK,DOM,19,2,RT,2026,1
CGKDPSCGK,DOM,19,3,RT,2025,2
CGKDPSCGK,DOM,19,3,RT,2026,1
CGKDPSCGK,DOM,19,4,RT,2025,2
CGKDPSCGK,DOM,19,4,RT,2026,2
CGKDPSCGK,DOM,19,5,RT,2025,1
CGKDPSCGK,DOM,19,5,RT,2026,10
CGKDPSCGK,DOM,19,6,RT,2026,1
CGKDPSCGK,DOM,19,7,RT,2026,9
CGKDPSCGK,DOM,19,8,RT,2025,10
CGKDPSCGK,DOM,19,8,RT,2026,2
CGKDPSCGK,DOM,19,10,RT,2025,2
CGKDPSCGK,DOM,19,10,RT,2026,5
CGKDPSCGK,DOM,19,12,RT,2025,2
CGKDPSCGK,DOM,19,12,RT,2026,8
CGKDPSCGK,DOM,19,14,RT,2025,1
CGKDPSCGK,DOM,19,18,RT,2025,2
CGKDPSCGK,DOM,19,25,RT,2025,4
CGKDPSCGK,DOM,19,25,RT,2026,6
CGKDPSCGK,DOM,19,40,RT,2025,3
CGKDPSCGK,DOM,19,40,RT,2026,4
CGKDPSCGK,DOM,20,1,RT,2025,1
CGKDPSCGK,DOM,20,1,RT,2026,1
CGKDPSCGK,DOM,20,2,RT,2025,4
CGKDPSCGK,DOM,20,2,RT,2026,8
CGKDPSCGK,DOM,20,3,RT,2025,12
CGKDPSCGK,DOM,20,3,RT,2026,6
CGKDPSCGK,DOM,20,5,RT,2025,2
CGKDPSCGK,DOM,20,5,RT,2026,4
CGKDPSCGK,DOM,20,6,RT,2026,4
CGKDPSCGK,DOM,20,7,RT,2025,6
CGKDPSCGK,DOM,20,8,RT,2025,3
CGKDPSCGK,DOM,20,10,RT,2025,1
CGKDPSCGK,DOM,20,10,RT,2026,3
CGKDPSCGK,DOM,20,14,RT,2025,4
CGKDPSCGK,DOM,20,18,RT,2025,1
CGKDPSCGK,DOM,20,18,RT,2026,8
CGKDPSCGK,DOM,20,25,RT,2025,2
CGKDPSCGK,DOM,20,25,RT,2026,12
CGKDPSCGK,DOM,21,1,RT,2025,10
CGKDPSCGK,DOM,21,1,RT,2026,18
CGKDPSCGK,DOM,21,2,RT,2025,7
CGKDPSCGK,DOM,21,2,RT,2026,2
CGKDPSCGK,DOM,21,3,RT,2025,9
CGKDPSCGK,DOM,21,4,RT,2025,1
CGKDPSCGK,DOM,21,4,RT,2026,9
CGKDPSCGK,DOM,21,5,RT,2025,1
CGKDPSCGK,DOM,21,5,RT,2026,7
CGKDPSCGK,DOM,21,6,RT,2025,2
CGKDPSCGK,DOM,21,7,RT,2025,3
CGKDPSCGK,DOM,21,7,RT,2026,2
CGKDPSCGK,DOM,21,8,RT,2025,4
CGKDPSCGK,DOM,21,8,RT,2026,7
CGKDPSCGK,DOM,21,10,RT,2025,1
CGKDPSCGK,DOM,21,10,RT,2026,1
CGKDPSCGK,DOM,21,12,RT,2025,3
CGKDPSCGK,DOM,21,14,RT,2026,5
CGKDPSCGK,DOM,21,18,RT,2025,3
CGKDPSCGK,DOM,21,18,RT,2026,3
CGKDPSCGK,DOM,21,25,RT,2025,2
CGKDPSCGK,DOM,21,25,RT,2026,1
CGKDPSCGK,DOM,21,40,RT,2025,3
CGKDPSCGK,DOM,22,1,RT,2025,7
CGKDPSCGK,DOM,22,1,RT,2026,4
CGKDPSCGK,DOM,22,2,RT,2025,5
CGKDPSCGK,DOM,22,3,RT,2025,5
CGKDPSCGK,DOM,22,4,RT,2025,12
CGKDPSCGK,DOM,22,4,RT,2026,4
CGKDPSCGK,DOM,22,5,RT,2025,9
CGKDPSCGK,DOM,22,6,RT,2025,3
CGKDPSCGK,DOM,22,6,RT,2026,1
CGKDPSCGK,DOM,22,7,RT,2025,3
CGKDPSCGK,DOM,22,7,RT,2026,4
CGKDPSCGK,DOM,22,8,RT,2025,3
CGKDPSCGK,DOM,22,10,RT,2025,4
CGKDPSCGK,DOM,22,14,RT,2025,1
CGKDPSCGK,DOM,22,14,RT,2026,2
CGKDPSCGK,DOM,22,18,RT,2025,1
CGKDPSCGK,DOM,22,25,RT,2025,1
CGKDPSCGK,DOM,22,25,RT,2026,7
CGKDPSCGK,DOM,23,1,RT,2025,10
CGKDPSCGK,DOM,23,2,RT,2025,20
CGKDPSCGK,DOM,23,2,RT,2026,2
CGKDPSCGK,DOM,23,3,RT,2025,12
CGKDPSCGK,DOM,23,3,RT,2026,2
CGKDPSCGK,DOM,23,4,RT,2025,3
CGKDPSCGK,DOM,23,4,RT,2026,8
CGKDPSCGK,DOM,23,5,RT,2025,2
CGKDPSCGK,DOM,23,5,RT,2026,2
CGKDPSCGK,DOM,23,6,RT,2025,2
CGKDPSCGK,DOM,23,6,RT,2026,2
CGKDPSCGK,DOM,23,8,RT,2025,7
CGKDPSCGK,DOM,23,8,RT,2026,3
CGKDPSCGK,DOM,23,10,RT,2025,11
CGKDPSCGK,DOM,23,10,RT,2026,2
CGKDPSCGK,DOM,23,12,RT,2025,1
CGKDPSCGK,DOM,23,12,RT,2026,2
CGKDPSCGK,DOM,23,14,RT,2025,3
CGKDPSCGK,DOM,23,14,RT,2026,11
CGKDPSCGK,DOM,23,18,RT,2025,4
CGKDPSCGK,DOM,23,25,RT,2026,7
CGKDPSCGK,DOM,23,40,RT,2025,5
CGKDPSCGK,DOM,23,40,RT,2026,2
CGKDPSCGK,DOM,24,1,RT,2025,2
CGKDPSCGK,DOM,24,1,RT,2026,7
CGKDPSCGK,DOM,24,2,RT,2026,13
CGKDPSCGK,DOM,24,3,RT,2025,10
CGKDPSCGK,DOM,24,3,RT,2026,6
CGKDPSCGK,DOM,24,4,RT,2025,3
CGKDPSCGK,DOM,24,4,RT,2026,1
CGKDPSCGK,DOM,24,5,RT,2025,1
CGKDPSCGK,DOM,24,5,RT,2026,1
CGKDPSCGK,DOM,24,6,RT,2025,7
CGKDPSCGK,DOM,24,7,RT,2025,1
CGKDPSCGK,DOM,24,7,RT,2026,5
CGKDPSCGK,DOM,24,8,RT,2025,6
CGKDPSCGK,DOM,24,8,RT,2026,1
CGKDPSCGK,DOM,24,10,RT,2026,4
CGKDPSCGK,DOM,24,12,RT,2025,6
CGKDPSCGK,DOM,24,14,RT,2025,8
CGKDPSCGK,DOM,24,14,RT,2026,2
CGKDPSCGK,DOM,24,18,RT,2025,2
CGKDPSCGK,DOM,24,25,RT,2025,6
CGKDPSCGK,DOM,24,40,RT,2025,7
CGKDPSCGK,DOM,25,1,RT,2025,15
CGKDPSCGK,DOM,25,1,RT,2026,12
CGKDPSCGK,DOM,25,2,RT,2025,13
CGKDPSCGK,DOM,25,3,RT,2026,6
CGKDPSCGK,DOM,25,5,RT,2026,1
CGKDPSCGK,DOM,25,6,RT,2026,1
CGKDPSCGK,DOM,25,7,RT,2025,3
CGKDPSCGK,DOM,25,7,RT,2026,6
CGKDPSCGK,DOM,25,8,RT,2025,1
CGKDPSCGK,DOM,25,8,RT,2026,2
CGKDPSCGK,DOM,25,10,RT,2026,2
CGKDPSCGK,DOM,25,12,RT,2026,3
CGKDPSCGK,DOM,25,14,RT,2025,1
CGKDPSCGK,DOM,25,18,RT,2025,4
CGKDPSCGK,DOM,25,18,RT,2026,1
CGKDPSCGK,DOM,25,25,RT,2025,1
CGKDPSCGK,DOM,25,25,RT,2026,4
CGKDPSCGK,DOM,25,40,RT,2026,5
CGKDPSCGK,DOM,26,1,RT,2026,1
CGKDPSCGK,DOM,26,2,RT,2025,18
CGKDPSCGK,DOM,26,2,RT,2026,3
CGKDPSCGK,DOM,26,3,RT,2025,20
CGKDPSCGK,DOM,26,3,RT,2026,8
CGKDPSCGK,DOM,26,4,RT,2025,8
CGKDPSCGK,DOM,26,4,RT,2026,10
CGKDPSCGK,DOM,26,5,RT,2025,1
CGKDPSCGK,DOM,26,5,RT,2026,3
CGKDPSCGK,DOM,26,6,RT,2025,5
CGKDPSCGK,DOM,26,6,RT,2026,2
CGKDPSCGK,DOM,26,7,RT,2025,5
CGKDPSCGK,DOM,26,12,RT,2025,2
CGKDPSCGK,DOM,26,12,RT,2026,13
CGKDPSCGK,DOM,26,14,RT,2025,5
CGKDPSCGK,DOM,26,14,RT,2026,1
CGKDPSCGK,DOM,26,25,RT,2025,3
CGKDPSCGK,DOM,26,40,RT,2025,3
CGKDPSCGK,DOM,27,1,RT,2026,4
CGKDPSCGK,DOM,27,2,RT,2025,4
CGKDPSCGK,DOM,27,2,RT,2026,3
CGKDPSCGK,DOM,27,3,RT,2025,13
CGKDPSCGK,DOM,27,4,RT,2026,2
CGKDPSCGK,DOM,27,5,RT,2025,6
CGKDPSCGK,DOM,27,6,RT,2026,6
CGKDPSCGK,DOM,27,7,RT,2025,1
CGKDPSCGK,DOM,27,8,RT,2025,11
CGKDPSCGK,DOM,27,8,RT,2026,9
CGKDPSCGK,DOM,27,10,RT,2025,3
CGKDPSCGK,DOM,27,10,RT,2026,3
CGKDPSCGK,DOM,27,12,RT,2025,6
CGKDPSCGK,DOM,27,12,RT,2026,1
CGKDPSCGK,DOM,27,14,RT,2025,2
CGKDPSCGK,DOM,27,14,RT,2026,1
CGKDPSCGK,DOM,27,25,RT,2025,3
CGKDPSCGK,DOM,27,25,RT,2026,2
CGKDPSCGK,DOM,27,40,RT,2026,1
CGKDPSCGK,DOM,28,1,RT,2025,8
CGKDPSCGK,DOM,28,1,RT,2026,6
CGKDPSCGK,DOM,28,2,RT,2025,8
CGKDPSCGK,DOM,28,2,RT,2026,7
CGKDPSCGK,DOM,28,3,RT,2025,10
CGKDPSCGK,DOM,28,3,RT,2026,1
CGKDPSCGK,DOM,28,4,RT,2025,1
CGKDPSCGK,DOM,28,4,RT,2026,13
CGKDPSCGK,DOM,28,5,RT,2025,8
CGKDPSCGK,DOM,28,5,RT,2026,1
CGKDPSCGK,DOM,28,6,RT,2026,1
CGKDPSCGK,DOM,28,7,RT,2025,5
CGKDPSCGK,DOM,28,7,RT,2026,5
CGKDPSCGK,DOM,28,8,RT,2026,6
CGKDPSCGK,DOM,28,10,RT,2025,8
CGKDPSCGK,DOM,28,12,RT,2025,4
CGKDPSCGK,DOM,28,12,RT,2026,12
CGKDPSCGK,DOM,28,14,RT,2025,8
CGKDPSCGK,DOM,28,18,RT,2026,1
CGKDPSCGK,DOM,28,40,RT,2025,9
CGKDPSCGK,DOM,28,40,RT,2026,1
CGKDPSCGK,DOM,29,1,RT,2025,17
CGKDPSCGK,DOM,29,1,RT,2026,2
CGKDPSCGK,DOM,29,2,RT,2025,4
CGKDPSCGK,DOM,29,2,RT,2026,10
CGKDPSCGK,DOM,29,3,RT,2025,9
CGKDPSCGK,DOM,29,3,RT,2026,13
CGKDPSCGK,DOM,29,4,RT,2025,2
CGKDPSCGK,DOM,29,4,RT,2026,5
CGKDPSCGK,DOM,29,5,RT,2025,1
CGKDPSCGK,DOM,29,5,RT,2026,3
CGKDPSCGK,DOM,29,6,RT,2025,1
CGKDPSCGK,DOM,29,6,RT,2026,1
CGKDPSCGK,DOM,29,7,RT,2025,2
CGKDPSCGK,DOM,29,7,RT,2026,4
CGKDPSCGK,DOM,29,8,RT,2025,11
CGKDPSCGK,DOM,29,8,RT,2026,3
CGKDPSCGK,DOM,29,10,RT,2025,4
CGKDPSCGK,DOM,29,10,RT,2026,3
CGKDPSCGK,DOM,29,12,RT,2025,3
CGKDPSCGK,DOM,29,12,RT,2026,2
CGKDPSCGK,DOM,29,14,RT,2025,3
CGKDPSCGK,DOM,29,14,RT,2026,5
CGKDPSCGK,DOM,29,18,RT,2026,4
CGKDPSCGK,DOM,29,25,RT,2026,3
CGKDPSCGK,DOM,29,40,RT,2026,3
CGKDPSCGK,DOM,30,1,RT,2025,2
CGKDPSCGK,DOM,30,1,RT,2026,12
CGKDPSCGK,DOM,30,2,RT,2025,9
CGKDPSCGK,DOM,30,3,RT,2025,11
CGKDPSCGK,DOM,30,3,RT,2026,3
CGKDPSCGK,DOM,30,4,RT,2025,2
CGKDPSCGK,DOM,30,4,RT,2026,8
CGKDPSCGK,DOM,30,7,RT,2025,6
CGKDPSCGK,DOM,30,7,RT,2026,6
CGKDPSCGK,DOM,30,8,RT,2025,3
CGKDPSCGK,DOM,30,10,RT,2026,8
CGKDPSCGK,DOM,30,12,RT,2025,1
CGKDPSCGK,DOM,30,12,RT,2026,1
CGKDPSCGK,DOM,30,14,RT,2025,3
CGKDPSCGK,DOM,30,14,RT,2026,7
CGKDPSCGK,DOM,30,18,RT,2025,1
CGKDPSCGK,DOM,30,18,RT,2026,3
CGKDPSCGK,DOM,30,25,RT,2025,12
CGKDPSCGK,DOM,30,25,RT,2026,15
CGKDPSCGK,DOM,30,40,RT,2025,4
CGKDPSCGK,DOM,30,40,RT,2026,1
CGKDPSCGK,DOM,31,1,RT,2025,8
CGKDPSCGK,DOM,31,2,RT,2026,7
CGKDPSCGK,DOM,31,3,RT,2026,2
CGKDPSCGK,DOM,31,6,RT,2025,3
CGKDPSCGK,DOM,31,6,RT,2026,3
CGKDPSCGK,DOM,31,8,RT,2025,9
CGKDPSCGK,DOM,31,14,RT,2025,2
CGKDPSCGK,DOM,31,40,RT,2025,5
CGKDPSCGK,DOM,32,1,RT,2025,1
CGKDPSCGK,DOM,32,2,RT,2025,5
CGKDPSCGK,DOM,32,3,RT,2026,2
CGKDPSCGK,DOM,33,2,RT,2026,4
CGKDPSCGK,DOM,33,5,RT,2025,4
CGKDPSCGK,DOM,33,5,RT,2026,6
CGKDPSCGK,DOM,33,6,RT,2025,2
CGKDPSCGK,DOM,33,7,RT,2025,2
CGKDPSCGK,DOM,33,8,RT,2025,6
CGKDPSCGK,DOM,33,10,RT,2025,2
CGKDPSCGK,DOM,33,10,RT,2026,2
CGKDPSCGK,DOM,33,12,RT,2025,3
CGKDPSCGK,DOM,33,12,RT,2026,8
CGKDPSCGK,DOM,34,2,RT,2025,4
CGKDPSCGK,DOM,34,2,RT,2026,1
CGKDPSCGK,DOM,34,6,RT,2025,14
CGKDPSCGK,DOM,34,25,RT,2026,6
CGKDPSCGK,DOM,34,40,RT,2025,1
CGKDPSCGK,DOM,35,2,RT,2025,1
CGKDPSCGK,DOM,35,3,RT,2026,4
CGKDPSCGK,DOM,35,4,RT,2025,1
CGKDPSCGK,DOM,35,6,RT,2025,4
CGKDPSCGK,DOM,35,6,RT,2026,1
CGKDPSCGK,DOM,35,12,RT,2025,2
CGKDPSCGK,DOM,35,12,RT,2026,4
CGKDPSCGK,DOM,35,14,RT,2025,2
CGKDPSCGK,DOM,35,25,RT,2025,4
CGKDPSCGK,DOM,36,2,RT,2025,4
CGKDPSCGK,DOM,36,2,RT,2026,4
CGKDPSCGK,DOM,36,3,RT,2025,1
CGKDPSCGK,DOM,36,7,RT,2026,1
CGKDPSCGK,DOM,36,8,RT,2026,1
CGKDPSCGK,DOM,36,10,RT,2025,3
CGKDPSCGK,DOM,36,10,RT,2026,6
CGKDPSCGK,DOM,36,14,RT,2025,1
CGKDPSCGK,DOM,36,18,RT,2026,2
CGKDPSCGK,DOM,36,25,RT,2025,2
CGKDPSCGK,DOM,36,40,RT,2026,5
CGKDPSCGK,DOM,37,1,RT,2025,2
CGKDPSCGK,DOM,37,1,RT,2026,4
CGKDPSCGK,DOM,37,2,RT,2026,3
CGKDPSCGK,DOM,37,3,RT,2025,3
CGKDPSCGK,DOM,37,3,RT,2026,2
CGKDPSCGK,DOM,37,5,RT,2025,4
CGKDPSCGK,DOM,37,7,RT,2025,1
CGKDPSCGK,DOM,37,8,RT,2025,1
CGKDPSCGK,DOM,37,14,RT,2026,1
CGKDPSCGK,DOM,37,18,RT,2025,5
CGKDPSCGK,DOM,37,40,RT,2026,1
CGKDPSCGK,DOM,38,1,RT,2026,4
CGKDPSCGK,DOM,38,3,RT,2025,1
CGKDPSCGK,DOM,38,3,RT,2026,4
CGKDPSCGK,DOM,38,4,RT,2025,1
CGKDPSCGK,DOM,38,6,RT,2025,2
CGKDPSCGK,DOM,38,8,RT,2025,2
CGKDPSCGK,DOM,38,12,RT,2025,2
CGKDPSCGK,DOM,38,12,RT,2026,1
CGKDPSCGK,DOM,39,4,RT,2025,1
CGKDPSCGK,DOM,39,6,RT,2025,4
CGKDPSCGK,DOM,39,7,RT,2025,1
CGKDPSCGK,DOM,39,25,RT,2026,2
CGKDPSCGK,DOM,39,40,RT,2025,1
CGKDPSCGK,DOM,40,2,RT,2025,1
CGKDPSCGK,DOM,40,2,RT,2026,4
CGKDPSCGK,DOM,40,3,RT,2026,3
CGKDPSCGK,DOM,40,6,RT,2025,7
CGKDPSCGK,DOM,40,7,RT,2026,1
CGKDPSCGK,DOM,40,8,RT,2025,2
CGKDPSCGK,DOM,40,12,RT,2025,3
CGKDPSCGK,DOM,40,14,RT,2025,1
CGKDPSCGK,DOM,41,2,RT,2026,4
CGKDPSCGK,DOM,41,5,RT,2025,1
CGKDPSCGK,DOM,41,7,RT,2025,4
CGKDPSCGK,DOM,42,3,RT,2025,4
CGKDPSCGK,DOM,42,5,RT,2025,1
CGKDPSCGK,DOM,42,8,RT,2025,3
CGKDPSCGK,DOM,42,12,RT,2026,5
CGKDPSCGK,DOM,42,40,RT,2026,1
CGKDPSCGK,DOM,43,4,RT,2025,2
CGKDPSCGK,DOM,43,8,RT,2025,2
CGKDPSCGK,DOM,43,18,RT,2025,1
CGKDPSCGK,DOM,44,4,RT,2026,2
CGKDPSCGK,DOM,44,5,RT,2026,4
CGKDPSCGK,DOM,44,10,RT,2025,4
CGKDPSCGK,DOM,44,25,RT,2026,3
CGKDPSCGK,DOM,44,40,RT,2026,1
CGKDPSCGK,DOM,45,2,RT,2025,1
CGKDPSCGK,DOM,45,7,RT,2025,1
CGKDPSCGK,DOM,45,10,RT,2026,4
CGKDPSCGK,DOM,45,12,RT,2025,1
CGKDPSCGK,DOM,45,12,RT,2026,1
CGKDPSCGK,DOM,45,14,RT,2025,1
CGKDPSCGK,DOM,45,25,RT,2025,3
CGKDPSCGK,DOM,45,40,RT,2025,3
CGKDPSCGK,DOM,46,1,RT,2025,2
CGKDPSCGK,DOM,46,2,RT,2026,1
CGKDPSCGK,DOM,46,3,RT,2026,1
CGKDPSCGK,DOM,46,10,RT,2025,4
CGKDPSCGK,DOM,46,12,RT,2025,3
CGKDPSCGK,DOM,46,18,RT,2025,3
CGKDPSCGK,DOM,46,18,RT,2026,1
CGKDPSCGK,DOM,46,25,RT,2026,3
CGKDPSCGK,DOM,47,1,RT,2026,1
CGKDPSCGK,DOM,47,3,RT,2025,3
CGKDPSCGK,DOM,47,4,RT,2025,1
CGKDPSCGK,DOM,47,5,RT,2026,3
CGKDPSCGK,DOM,47,6,RT,2025,3
CGKDPSCGK,DOM,47,8,RT,2025,3
CGKDPSCGK,DOM,47,12,RT,2025,1
CGKDPSCGK,DOM,47,25,RT,2025,2
CGKDPSCGK,DOM,48,1,RT,2026,4
CGKDPSCGK,DOM,48,2,RT,2025,11
CGKDPSCGK,DOM,48,3,RT,2026,5
CGKDPSCGK,DOM,48,4,RT,2025,1
CGKDPSCGK,DOM,48,5,RT,2025,3
CGKDPSCGK,DOM,48,6,RT,2025,1
CGKDPSCGK,DOM,48,6,RT,2026,1
CGKDPSCGK,DOM,48,7,RT,2025,2
CGKDPSCGK,DOM,48,8,RT,2026,3
CGKDPSCGK,DOM,48,12,RT,2025,6
CGKDPSCGK,DOM,48,14,RT,2025,1
CGKDPSCGK,DOM,48,18,RT,2026,2
CGKDPSCGK,DOM,48,25,RT,2025,4
CGKDPSCGK,DOM,48,25,RT,2026,6
CGKDPSCGK,DOM,49,3,RT,2025,4
CGKDPSCGK,DOM,49,14,RT,2025,1
CGKDPSCGK,DOM,49,40,RT,2025,2
CGKDPSCGK,DOM,49,40,RT,2026,6
CGKDPSCGK,DOM,50,1,RT,2025,3
CGKDPSCGK,DOM,50,1,RT,2026,6
CGKDPSCGK,DOM,50,2,RT,2026,1
CGKDPSCGK,DOM,50,3,RT,2025,1
CGKDPSCGK,DOM,50,4,RT,2025,1
CGKDPSCGK,DOM,50,5,RT,2025,1
CGKDPSCGK,DOM,50,8,RT,2025,2
CGKDPSCGK,DOM,50,12,RT,2025,4
CGKDPSCGK,DOM,50,12,RT,2026,4
CGKDPSCGK,DOM,50,18,RT,2025,4
CGKDPSCGK,DOM,50,25,RT,2026,1
CGKDPSCGK,DOM,51,1,RT,2026,2
CGKDPSCGK,DOM,51,2,RT,2025,1
CGKDPSCGK,DOM,51,3,RT,2025,2
CGKDPSCGK,DOM,51,3,RT,2026,6
CGKDPSCGK,DOM,51,4,RT,2026,2
CGKDPSCGK,DOM,51,6,RT,2026,1
CGKDPSCGK,DOM,51,7,RT,2026,3
CGKDPSCGK,DOM,51,8,RT,2025,6
CGKDPSCGK,DOM,51,10,RT,2025,1
CGKDPSCGK,DOM,51,18,RT,2025,3
CGKDPSCGK,DOM,51,25,RT,2025,2
CGKDPSCGK,DOM,52,1,RT,2026,1
CGKDPSCGK,DOM,52,2,RT,2026,6
CGKDPSCGK,DOM,52,4,RT,2025,1
CGKDPSCGK,DOM,52,8,RT,2025,1
CGKDPSCGK,DOM,52,10,RT,2026,1
CGKDPSCGK,DOM,52,12,RT,2026,1
CGKDPSCGK,DOM,53,1,RT,2025,4
CGKDPSCGK,DOM,53,2,RT,2025,3
CGKDPSCGK,DOM,53,5,RT,2025,6
CGKDPSCGK,DOM,53,7,RT,2026,3
CGKDPSCGK,DOM,53,18,RT,2025,1
CGKDPSCGK,DOM,54,1,RT,2025,1
CGKDPSCGK,DOM,54,4,RT,2025,2
CGKDPSCGK,DOM,54,7,RT,2025,10
CGKDPSCGK,DOM,54,7,RT,2026,3
CGKDPSCGK,DOM,54,12,RT,2026,4
CGKDPSCGK,DOM,54,18,RT,2026,3
CGKDPSCGK,DOM,54,40,RT,2026,2
CGKDPSCGK,DOM,55,2,RT,2025,3
CGKDPSCGK,DOM,55,3,RT,2026,5
CGKDPSCGK,DOM,55,5,RT,2025,3
CGKDPSCGK,DOM,55,8,RT,2025,5
CGKDPSCGK,DOM,55,18,RT,2025,1
CGKDPSCGK,DOM,55,40,RT,2025,3
CGKDPSCGK,DOM,55,40,RT,2026,2
CGKDPSCGK,DOM,56,1,RT,2026,1
CGKDPSCGK,DOM,56,2,RT,2026,4
CGKDPSCGK,DOM,56,3,RT,2025,1
CGKDPSCGK,DOM,56,4,RT,2026,3
CGKDPSCGK,DOM,56,5,RT,2026,3
CGKDPSCGK,DOM,56,10,RT,2026,2
CGKDPSCGK,DOM,56,12,RT,2026,10
CGKDPSCGK,DOM,56,14,RT,2025,1
CGKDPSCGK,DOM,56,14,RT,2026,4
CGKDPSCGK,DOM,57,3,RT,2025,6
CGKDPSCGK,DOM,57,6,RT,2026,1
CGKDPSCGK,DOM,57,7,RT,2025,1
CGKDPSCGK,DOM,57,25,RT,2026,1
CGKDPSCGK,DOM,58,2,RT,2026,3
CGKDPSCGK,DOM,58,3,RT,2025,9
CGKDPSCGK,DOM,58,7,RT,2026,4
CGKDPSCGK,DOM,58,8,RT,2025,4
CGKDPSCGK,DOM,58,10,RT,2025,4
CGKDPSCGK,DOM,58,10,RT,2026,4
CGKDPSCGK,DOM,58,18,RT,2025,4
CGKDPSCGK,DOM,58,40,RT,2025,2
CGKDPSCGK,DOM,59,2,RT,2025,4
CGKDPSCGK,DOM,59,3,RT,2025,1
CGKDPSCGK,DOM,59,5,RT,2025,1
CGKDPSCGK,DOM,59,7,RT,2025,1
CGKDPSCGK,DOM,59,8,RT,2025,2
CGKDPSCGK,DOM,59,14,RT,2026,2
CGKDPSCGK,DOM,59,40,RT,2025,1
CGKDPSCGK,DOM,60,1,RT,2025,1
CGKDPSCGK,DOM,60,2,RT,2025,2
CGKDPSCGK,DOM,60,3,RT,2025,9
CGKDPSCGK,DOM,60,3,RT,2026,7
CGKDPSCGK,DOM,60,12,RT,2026,11
CGKDPSCGK,DOM,60,14,RT,2025,3
CGKDPSCGK,DOM,61,1,RT,2026,4
CGKDPSCGK,DOM,61,2,RT,2026,6
CGKDPSCGK,DOM,61,3,RT,2025,6
CGKDPSCGK,DOM,61,4,RT,2025,4
CGKDPSCGK,DOM,61,4,RT,2026,4
CGKDPSCGK,DOM,61,5,RT,2025,2
CGKDPSCGK,DOM,61,6,RT,2025,2
CGKDPSCGK,DOM,61,7,RT,2025,4
CGKDPSCGK,DOM,62,2,RT,2025,2
CGKDPSCGK,DOM,62,2,RT,2026,1
CGKDPSCGK,DOM,62,7,RT,2026,4
CGKDPSCGK,DOM,62,8,RT,2026,3
CGKDPSCGK,DOM,62,10,RT,2025,3
CGKDPSCGK,DOM,62,10,RT,2026,9
CGKDPSCGK,DOM,63,1,RT,2026,1
CGKDPSCGK,DOM,63,2,RT,2026,2
CGKDPSCGK,DOM,63,3,RT,2026,3
CGKDPSCGK,DOM,63,4,RT,2026,4
CGKDPSCGK,DOM,63,8,RT,2026,6
CGKDPSCGK,DOM,63,10,RT,2026,2
CGKDPSCGK,DOM,63,14,RT,2026,2
CGKDPSCGK,DOM,63,40,RT,2025,1
CGKDPSCGK,DOM,63,40,RT,2026,2
CGKDPSCGK,DOM,64,1,RT,2025,2
CGKDPSCGK,DOM,64,1,RT,2026,3
CGKDPSCGK,DOM,64,2,RT,2025,3
CGKDPSCGK,DOM,64,2,RT,2026,9
CGKDPSCGK,DOM,64,3,RT,2025,3
CGKDPSCGK,DOM,64,5,RT,2026,6
CGKDPSCGK,DOM,64,12,RT,2025,1
CGKDPSCGK,DOM,64,14,RT,2025,5
CGKDPSCGK,DOM,64,14,RT,2026,4
CGKDPSCGK,DOM,64,18,RT,2025,4
CGKDPSCGK,DOM,65,2,RT,2025,4
CGKDPSCGK,DOM,65,3,RT,2026,1
CGKDPSCGK,DOM,65,4,RT,2025,1
CGKDPSCGK,DOM,65,8,RT,2026,1
CGKDPSCGK,DOM,65,18,RT,2025,9
CGKDPSCGK,DOM,65,40,RT,2025,4
CGKDPSCGK,DOM,66,1,RT,2025,2
CGKDPSCGK,DOM,66,2,RT,2026,2
CGKDPSCGK,DOM,66,8,RT,2025,1
CGKDPSCGK,DOM,66,10,RT,2025,2
CGKDPSCGK,DOM,66,40,RT,2025,6
CGKDPSCGK,DOM,67,1,RT,2025,1
CGKDPSCGK,DOM,67,1,RT,2026,6
CGKDPSCGK,DOM,67,3,RT,2026,3
CGKDPSCGK,DOM,67,7,RT,2025,4
CGKDPSCGK,DOM,67,8,RT,2025,3
CGKDPSCGK,DOM,67,10,RT,2025,1
CGKDPSCGK,DOM,67,25,RT,2025,4
CGKDPSCGK,DOM,68,1,RT,2026,4
CGKDPSCGK,DOM,68,3,RT,2025,5
CGKDPSCGK,DOM,68,6,RT,2025,3
CGKDPSCGK,DOM,68,8,RT,2025,6
CGKDPSCGK,DOM,68,10,RT,2025,1
CGKDPSCGK,DOM,68,14,RT,2025,2
CGKDPSCGK,DOM,68,14,RT,2026,6
CGKDPSCGK,DOM,68,18,RT,2025,1
CGKDPSCGK,DOM,68,18,RT,2026,3
CGKDPSCGK,DOM,68,40,RT,2026,1
CGKDPSCGK,DOM,69,2,RT,2026,1
CGKDPSCGK,DOM,69,3,RT,2025,1
CGKDPSCGK,DOM,69,4,RT,2025,1
CGKDPSCGK,DOM,69,6,RT,2026,3
CGKDPSCGK,DOM,69,7,RT,2025,1
CGKDPSCGK,DOM,69,8,RT,2025,1
CGKDPSCGK,DOM,69,12,RT,2025,1
CGKDPSCGK,DOM,69,40,RT,2025,1
CGKDPSCGK,DOM,70,1,RT,2026,2
CGKDPSCGK,DOM,70,3,RT,2025,1
CGKDPSCGK,DOM,70,3,RT,2026,2
CGKDPSCGK,DOM,70,4,RT,2025,1
CGKDPSCGK,DOM,70,4,RT,2026,2
CGKDPSCGK,DOM,70,14,RT,2025,2
CGKDPSCGK,DOM,70,25,RT,2025,1
CGKDPSCGK,DOM,71,1,RT,2025,6
CGKDPSCGK,DOM,71,2,RT,2025,1
CGKDPSCGK,DOM,71,5,RT,2025,4
CGKDPSCGK,DOM,71,5,RT,2026,2
CGKDPSCGK,DOM,71,10,RT,2026,6
CGKDPSCGK,DOM,71,14,RT,2025,1
CGKDPSCGK,DOM,71,18,RT,2025,3
CGKDPSCGK,DOM,72,1,RT,2025,5
CGKDPSCGK,DOM,72,2,RT,2026,2
CGKDPSCGK,DOM,72,5,RT,2025,2
CGKDPSCGK,DOM,72,8,RT,2026,2
CGKDPSCGK,DOM,72,14,RT,2026,4
CGKDPSCGK,DOM,72,18,RT,2025,3
CGKDPSCGK,DOM,72,40,RT,2026,5
CGKDPSCGK,DOM,73,1,RT,2026,5
CGKDPSCGK,DOM,73,6,RT,2026,2
CGKDPSCGK,DOM,73,7,RT,2026,1
CGKDPSCGK,DOM,73,8,RT,2025,3
CGKDPSCGK,DOM,73,10,RT,2025,1
CGKDPSCGK,DOM,73,12,RT,2025,4
CGKDPSCGK,DOM,74,1,RT,2025,3
CGKDPSCGK,DOM,74,2,RT,2025,2
CGKDPSCGK,DOM,74,4,RT,2026,4
CGKDPSCGK,DOM,74,10,RT,2026,2
CGKDPSCGK,DOM,74,14,RT,2025,2
CGKDPSCGK,DOM,74,14,RT,2026,7
CGKDPSCGK,DOM,74,18,RT,2025,3
CGKDPSCGK,DOM,74,25,RT,2025,6
CGKDPSCGK,DOM,74,25,RT,2026,2
CGKDPSCGK,DOM,74,40,RT,2025,6
CGKDPSCGK,DOM,75,2,RT,2025,3
CGKDPSCGK,DOM,75,5,RT,2025,6
CGKDPSCGK,DOM,75,6,RT,2026,2
CGKDPSCGK,DOM,75,7,RT,2026,6
CGKDPSCGK,DOM,75,10,RT,2025,1
CGKDPSCGK,DOM,75,12,RT,2025,2
CGKDPSCGK,DOM,75,12,RT,2026,2
CGKDPSCGK,DOM,75,14,RT,2026,1
CGKDPSCGK,DOM,75,18,RT,2025,6
CGKDPSCGK,DOM,75,25,RT,2026,4
CGKDPSCGK,DOM,76,1,RT,2025,3
CGKDPSCGK,DOM,76,1,RT,2026,1
CGKDPSCGK,DOM,76,3,RT,2025,3
CGKDPSCGK,DOM,76,5,RT,2026,5
CGKDPSCGK,DOM,76,6,RT,2025,2
CGKDPSCGK,DOM,76,12,RT,2025,2
CGKDPSCGK,DOM,76,14,RT,2025,3
CGKDPSCGK,DOM,76,14,RT,2026,1
CGKDPSCGK,DOM,76,18,RT,2025,3
CGKDPSCGK,DOM,77,1,RT,2025,6
CGKDPSCGK,DOM,77,2,RT,2025,2
CGKDPSCGK,DOM,77,3,RT,2025,1
CGKDPSCGK,DOM,77,4,RT,2026,1
CGKDPSCGK,DOM,77,6,RT,2026,2
CGKDPSCGK,DOM,77,14,RT,2025,4
CGKDPSCGK,DOM,77,18,RT,2025,3
CGKDPSCGK,DOM,77,18,RT,2026,3
CGKDPSCGK,DOM,78,2,RT,2025,1
CGKDPSCGK,DOM,78,3,RT,2025,1
CGKDPSCGK,DOM,78,7,RT,2025,1
CGKDPSCGK,DOM,78,7,RT,2026,4
CGKDPSCGK,DOM,78,8,RT,2025,3
CGKDPSCGK,DOM,78,14,RT,2025,2
CGKDPSCGK,DOM,78,18,RT,2025,2
CGKDPSCGK,DOM,78,40,RT,2026,2
CGKDPSCGK,DOM,79,1,RT,2025,2
CGKDPSCGK,DOM,79,1,RT,2026,4
CGKDPSCGK,DOM,79,4,RT,2026,5
CGKDPSCGK,DOM,79,5,RT,2025,1
CGKDPSCGK,DOM,79,5,RT,2026,3
CGKDPSCGK,DOM,79,6,RT,2026,2
CGKDPSCGK,DOM,79,12,RT,2025,1
CGKDPSCGK,DOM,79,25,RT,2026,3
CGKDPSCGK,DOM,79,40,RT,2026,1
CGKDPSCGK,DOM,80,1,RT,2025,6
CGKDPSCGK,DOM,80,1,RT,2026,1
CGKDPSCGK,DOM,80,3,RT,2025,1
CGKDPSCGK,DOM,80,3,RT,2026,2
CGKDPSCGK,DOM,80,6,RT,2026,3
CGKDPSCGK,DOM,80,12,RT,2026,3
CGKDPSCGK,DOM,80,25,RT,2025,3
CGKDPSCGK,DOM,81,1,RT,2025,3
CGKDPSCGK,DOM,81,2,RT,2025,7
CGKDPSCGK,DOM,81,6,RT,2026,1
CGKDPSCGK,DOM,81,8,RT,2026,1
CGKDPSCGK,DOM,81,10,RT,2026,1
CGKDPSCGK,DOM,81,14,RT,2025,10
CGKDPSCGK,DOM,81,14,RT,2026,4
CGKDPSCGK,DOM,82,3,RT,2025,5
CGKDPSCGK,DOM,82,6,RT,2025,1
CGKDPSCGK,DOM,82,10,RT,2026,1
CGKDPSCGK,DOM,82,25,RT,2025,4
CGKDPSCGK,DOM,83,2,RT,2025,6
CGKDPSCGK,DOM,83,2,RT,2026,3
CGKDPSCGK,DOM,83,3,RT,2025,1
CGKDPSCGK,DOM,83,5,RT,2025,2
CGKDPSCGK,DOM,83,5,RT,2026,1
CGKDPSCGK,DOM,83,10,RT,2025,3
CGKDPSCGK,DOM,83,12,RT,2026,2
CGKDPSCGK,DOM,83,40,RT,2025,6
CGKDPSCGK,DOM,84,3,RT,2026,2
CGKDPSCGK,DOM,84,5,RT,2026,4
CGKDPSCGK,DOM,84,6,RT,2025,2
CGKDPSCGK,DOM,84,7,RT,2025,6
CGKDPSCGK,DOM,84,7,RT,2026,2
CGKDPSCGK,DOM,84,10,RT,2025,5
CGKDPSCGK,DOM,85,2,RT,2026,2
CGKDPSCGK,DOM,85,3,RT,2026,3
CGKDPSCGK,DOM,85,8,RT,2025,3
CGKDPSCGK,DOM,85,25,RT,2026,5
CGKDPSCGK,DOM,85,40,RT,2025,1
CGKDPSCGK,DOM,86,7,RT,2025,8
CGKDPSCGK,DOM,86,8,RT,2025,1
CGKDPSCGK,DOM,86,12,RT,2026,3
CGKDPSCGK,DOM,86,14,RT,2025,1
CGKDPSCGK,DOM,86,18,RT,2025,6
CGKDPSCGK,DOM,87,1,RT,2025,1
CGKDPSCGK,DOM,87,1,RT,2026,5
CGKDPSCGK,DOM,87,2,RT,2025,4
CGKDPSCGK,DOM,87,2,RT,2026,1
CGKDPSCGK,DOM,87,3,RT,2026,1
CGKDPSCGK,DOM,87,6,RT,2025,2
CGKDPSCGK,DOM,87,12,RT,2026,2
CGKDPSCGK,DOM,87,14,RT,2025,2
CGKDPSCGK,DOM,87,18,RT,2025,7
CGKDPSCGK,DOM,87,18,RT,2026,2
CGKDPSCGK,DOM,87,25,RT,2025,2
CGKDPSCGK,DOM,87,40,RT,2025,1
CGKDPSCGK,DOM,88,1,RT,2025,2
CGKDPSCGK,DOM,88,2,RT,2025,5
CGKDPSCGK,DOM,88,2,RT,2026,2
CGKDPSCGK,DOM,88,5,RT,2025,1
CGKDPSCGK,DOM,88,5,RT,2026,1
CGKDPSCGK,DOM,88,8,RT,2026,3
CGKDPSCGK,DOM,88,40,RT,2025,6
CGKDPSCGK,DOM,89,1,RT,2025,6
CGKDPSCGK,DOM,89,1,RT,2026,3
CGKDPSCGK,DOM,89,2,RT,2025,1
CGKDPSCGK,DOM,89,6,RT,2026,1
CGKDPSCGK,DOM,89,12,RT,2025,4
CGKDPSCGK,DOM,89,25,RT,2025,5
CGKDPSCGK,DOM,90,1,RT,2026,2
CGKDPSCGK,DOM,90,2,RT,2025,6
CGKDPSCGK,DOM,90,7,RT,2025,4
CGKDPSCGK,DOM,90,12,RT,2025,1
CGKDPSCGK,DOM,90,12,RT,2026,1
CGKDPSCGK,DOM,90,14,RT,2025,6
CGKDPSCGK,DOM,90,18,RT,2025,1
CGKDPSCGK,DOM,90,40,RT,2026,3
CGKDPSCGK,DOM,91,1,RT,2025,1
CGKDPSCGK,DOM,91,6,RT,2026,5
CGKDPSCGK,DOM,92,1,RT,2025,5
CGKDPSCGK,DOM,92,3,RT,2025,2
CGKDPSCGK,DOM,92,3,RT,2026,2
CGKDPSCGK,DOM,92,7,RT,2025,3
CGKDPSCGK,DOM,92,40,RT,2025,3
CGKDPSCGK,DOM,93,6,RT,2026,6
CGKDPSCGK,DOM,93,25,RT,2025,2
CGKDPSCGK,DOM,94,2,RT,2025,2
CGKDPSCGK,DOM,94,6,RT,2025,1
CGKDPSCGK,DOM,95,14,RT,2026,2
CGKDPSCGK,DOM,95,25,RT,2026,3
CGKDPSCGK,DOM,97,7,RT,2026,6
CGKDPSCGK,DOM,99,6,RT,2026,6
CGKDPSCGK,DOM,99,25,RT,2025,4
CGKDPSCGK,DOM,100,12,RT,2026,4
CGKDPSCGK,DOM,100,14,RT,2026,2
CGKDPSCGK,DOM,100,18,RT,2025,2
CGKDPSCGK,DOM,101,18,RT,2026,4
CGKDPSCGK,DOM,102,4,RT,2025,2
CGKDPSCGK,DOM,102,18,RT,2025,1
CGKDPSCGK,DOM,104,2,RT,2025,3
CGKDPSCGK,DOM,104,7,RT,2026,2
CGKDPSCGK,DOM,105,14,RT,2026,6
CGKDPSCGK,DOM,105,40,RT,2025,5
CGKDPSCGK,DOM,107,1,RT,2026,3
CGKDPSCGK,DOM,107,3,RT,2026,2
CGKDPSCGK,DOM,107,7,RT,2025,1
CGKDPSCGK,DOM,108,2,RT,2025,4
CGKDPSCGK,DOM,108,10,RT,2025,1
CGKDPSCGK,DOM,108,14,RT,2025,2
CGKDPSCGK,DOM,108,40,RT,2026,1
CGKDPSCGK,DOM,109,1,RT,2025,2
CGKDPSCGK,DOM,109,2,RT,2025,5
CGKDPSCGK,DOM,110,8,RT,2026,1
CGKDPSCGK,DOM,110,14,RT,2026,1
CGKDPSCGK,DOM,112,2,RT,2026,2
CGKDPSCGK,DOM,112,25,RT,2026,4
CGKDPSCGK,DOM,113,1,RT,2026,1
CGKDPSCGK,DOM,113,2,RT,2026,1
CGKDPSCGK,DOM,113,3,RT,2026,2
CGKDPSCGK,DOM,113,5,RT,2025,2
CGKDPSCGK,DOM,113,14,RT,2026,1
CGKDPSCGK,DOM,113,40,RT,2025,2
CGKDPSCGK,DOM,114,5,RT,2025,3
CGKDPSCGK,DOM,114,14,RT,2025,3
CGKDPSCGK,DOM,114,40,RT,2026,3
CGKDPSCGK,DOM,115,8,RT,2025,6
CGKDPSCGK,DOM,115,40,RT,2026,3
CGKDPSCGK,DOM,116,4,RT,2025,2
CGKDPSCGK,DOM,116,5,RT,2025,2
CGKDPSCGK,DOM,116,7,RT,2025,1
CGKDPSCGK,DOM,116,25,RT,2026,6
CGKDPSCGK,DOM,116,40,RT,2025,4
CGKDPSCGK,DOM,117,25,RT,2025,2
CGKDPSCGK,DOM,117,40,RT,2025,5
CGKDPSCGK,DOM,118,1,RT,2026,6
CGKDPSCGK,DOM,118,2,RT,2026,1
CGKDPSCGK,DOM,118,8,RT,2026,5
CGKDPSCGK,DOM,120,3,RT,2025,1
CGKDPSCGK,DOM,120,40,RT,2025,1
CGKDPSCGK,DOM,121,25,RT,2026,1
CGKDPSCGK,DOM,122,3,RT,2026,6
CGKDPSCGK,DOM,124,7,RT,2026,5
CGKDPSCGK,DOM,124,25,RT,2026,1
CGKDPSCGK,DOM,125,2,RT,2026,2
CGKDPSCGK,DOM,125,5,RT,2026,2
CGKDPSCGK,DOM,126,8,RT,2026,1
CGKDPSCGK,DOM,127,14,RT,2026,1
CGKDPSCGK,DOM,128,8,RT,2026,2
CGKDPSCGK,DOM,128,14,RT,2026,2
CGKDPSCGK,DOM,128,25,RT,2025,2
CGKDPSCGK,DOM,129,10,RT,2025,1
CGKDPSCGK,DOM,130,6,RT,2026,6
CGKDPSCGK,DOM,130,12,RT,2026,1
CGKDPSCGK,DOM,130,25,RT,2026,1
CGKDPSCGK,DOM,132,1,RT,2026,1
CGKDPSCGK,DOM,132,2,RT,2026,2
CGKDPSCGK,DOM,132,3,RT,2026,4
CGKDPSCGK,DOM,132,40,RT,2026,3
CGKDPSCGK,DOM,133,6,RT,2025,1
CGKDPSCGK,DOM,135,3,RT,2025,6
CGKDPSCGK,DOM,135,3,RT,2026,7
CGKDPSCGK,DOM,136,4,RT,2025,6
CGKDPSCGK,DOM,137,1,RT,2026,4
CGKDPSCGK,DOM,138,8,RT,2025,2
CGKDPSCGK,DOM,138,12,RT,2026,2
CGKDPSCGK,DOM,139,3,RT,2026,1
CGKDPSCGK,DOM,139,12,RT,2025,3
CGKDPSCGK,DOM,140,2,RT,2025,3
CGKDPSCGK,DOM,140,4,RT,2026,1
CGKDPSCGK,DOM,140,10,RT,2025,4
CGKDPSCGK,DOM,140,18,RT,2026,1
CGKDPSCGK,DOM,141,7,RT,2025,1
CGKDPSCGK,DOM,141,18,RT,2026,2
CGKDPSCGK,DOM,141,25,RT,2026,1
CGKDPSCGK,DOM,143,6,RT,2025,1
CGKDPSCGK,DOM,143,6,RT,2026,1
CGKDPSCGK,DOM,143,10,RT,2025,1
CGKDPSCGK,DOM,144,1,RT,2026,1
CGKDPSCGK,DOM,144,7,RT,2025,2
CGKDPSCGK,DOM,144,14,RT,2026,4
CGKDPSCGK,DOM,146,3,RT,2026,2
CGKDPSCGK,DOM,146,8,RT,2025,3
CGKDPSCGK,DOM,146,18,RT,2025,2
CGKDPSCGK,DOM,147,3,RT,2025,4
CGKDPSCGK,DOM,147,6,RT,2026,2
CGKDPSCGK,DOM,148,3,RT,2025,5
CGKDPSCGK,DOM,148,8,RT,2026,1
CGKDPSCGK,DOM,148,12,RT,2025,3
CGKDPSCGK,DOM,150,12,RT,2026,6
CGKDPSCGK,DOM,151,40,RT,2025,2
CGKDPSCGK,DOM,151,40,RT,2026,3
CGKDPSCGK,DOM,152,1,RT,2026,1
CGKDPSCGK,DOM,152,5,RT,2025,2
CGKDPSCGK,DOM,152,7,RT,2025,2
CGKDPSCGK,DOM,152,12,RT,2026,1
CGKDPSCGK,DOM,153,12,RT,2025,2
CGKDPSCGK,DOM,154,7,RT,2025,1
CGKDPSCGK,DOM,154,18,RT,2026,3
CGKDPSCGK,DOM,154,25,RT,2025,2
CGKDPSCGK,DOM,154,25,RT,2026,2
CGKDPSCGK,DOM,155,3,RT,2025,2
CGKDPSCGK,DOM,155,10,RT,2026,1
CGKDPSCGK,DOM,155,12,RT,2025,3
CGKDPSCGK,DOM,156,25,RT,2025,6
CGKDPSCGK,DOM,156,25,RT,2026,2
CGKDPSCGK,DOM,157,1,RT,2026,3
CGKDPSCGK,DOM,157,4,RT,2026,1
CGKDPSCGK,DOM,158,2,RT,2026,3
CGKDPSCGK,DOM,158,6,RT,2025,4
CGKDPSCGK,DOM,158,14,RT,2026,4
CGKDPSCGK,DOM,159,4,RT,2025,1
CGKDPSCGK,DOM,159,7,RT,2026,2
CGKDPSCGK,DOM,159,10,RT,2026,2
CGKDPSCGK,DOM,159,14,RT,2025,4
CGKDPSCGK,DOM,160,2,RT,2026,2
CGKDPSCGK,DOM,161,25,RT,2025,2
CGKDPSCGK,DOM,162,1,RT,2026,5
CGKDPSCGK,DOM,162,3,RT,2025,3
CGKDPSCGK,DOM,162,18,RT,2025,2
CGKDPSCGK,DOM,162,18,RT,2026,3
CGKDPSCGK,DOM,162,25,RT,2025,2
CGKDPSCGK,DOM,162,25,RT,2026,1
CGKDPSCGK,DOM,162,40,RT,2026,1
CGKDPSCGK,DOM,163,1,RT,2026,1
CGKDPSCGK,DOM,163,8,RT,2026,1
CGKDPSCGK,DOM,164,6,RT,2026,1
CGKDPSCGK,DOM,166,2,RT,2026,1
CGKDPSCGK,DOM,167,1,RT,2026,1
CGKDPSCGK,DOM,167,3,RT,2025,2
CGKDPSCGK,DOM,167,4,RT,2025,4
CGKDPSCGK,DOM,167,7,RT,2025,2
CGKDPSCGK,DOM,167,10,RT,2025,1
CGKDPSCGK,DOM,168,5,RT,2025,6
CGKDPSCGK,DOM,169,1,RT,2025,6
CGKDPSCGK,DOM,169,14,RT,2026,3
CGKDPSCGK,DOM,171,1,RT,2026,3
CGKDPSCGK,DOM,171,6,RT,2026,5
CGKDPSCGK,DOM,171,12,RT,2025,2
CGKDPSCGK,DOM,173,2,RT,2026,2
CGKDPSCGK,DOM,174,2,RT,2025,1
CGKDPSCGK,DOM,174,3,RT,2025,2
CGKDPSCGK,DOM,174,40,RT,2026,3
CGKDPSCGK,DOM,175,3,RT,2025,2
CGKDPSCGK,DOM,175,5,RT,2026,2
CGKDPSCGK,DOM,176,40,RT,2025,4
CGKDPSCGK,DOM,177,4,RT,2025,1
CGKDPSCGK,DOM,177,8,RT,2026,2
CGKDPSCGK,DOM,178,10,RT,2026,1
CGKDPSCGK,DOM,178,14,RT,2026,1
CGKDPSCGK,DOM,179,1,RT,2026,2
CGKDPSCGK,DOM,180,1,RT,2026,1
CGKDPSCGK,DOM,180,2,RT,2025,5
CGKDPSCGK,DOM,180,14,RT,2025,1
CGKDPSCGK,DOM,180,25,RT,2025,2
CGKDPSCGK,DOM,181,3,RT,2025,2
CGKDPSCGK,DOM,182,25,RT,2025,2
CGKDPSCGK,DOM,189,3,RT,2025,2
CGKDPSCGK,DOM,190,2,RT,2026,6
CGKDPSCGK,DOM,191,2,RT,2025,2
CGKDPSCGK,DOM,191,10,RT,2025,2
CGKDPSCGK,DOM,192,2,RT,2025,6
CGKDPSCGK,DOM,193,8,RT,2025,1
CGKDPSCGK,DOM,194,3,RT,2025,1
CGKDPSCGK,DOM,194,25,RT,2025,2
CGKDPSCGK,DOM,195,3,RT,2026,5
CGKDPSCGK,DOM,195,14,RT,2025,3
CGKDPSCGK,DOM,196,3,RT,2026,3
CGKDPSCGK,DOM,196,7,RT,2026,1
CGKDPSCGK,DOM,196,40,RT,2026,2
CGKDPSCGK,DOM,197,1,RT,2025,3
CGKDPSCGK,DOM,197,2,RT,2025,3
CGKDPSCGK,DOM,197,7,RT,2025,2
CGKDPSCGK,DOM,197,40,RT,2025,3
CGKDPSCGK,DOM,198,7,RT,2025,2
CGKDPSCGK,DOM,199,10,RT,2025,1
CGKDPSCGK,DOM,199,18,RT,2026,1
CGKDPSCGK,DOM,200,5,RT,2025,2
CGKDPSCGK,DOM,200,10,RT,2025,3
CGKDPSCGK,DOM,201,18,RT,2026,3
CGKDPSCGK,DOM,205,5,RT,2025,2
CGKDPSCGK,DOM,206,1,RT,2025,1
CGKDPSCGK,DOM,206,1,RT,2026,1
CGKDPSCGK,DOM,206,2,RT,2025,3
CGKDPSCGK,DOM,206,3,RT,2025,2
CGKDPSCGK,DOM,207,8,RT,2026,1
CGKDPSCGK,DOM,208,10,RT,2025,2
CGKDPSCGK,DOM,208,40,RT,2025,2
CGKDPSCGK,DOM,209,18,RT,2025,1
CGKDPSCGK,DOM,210,14,RT,2025,1
CGKDPSCGK,DOM,210,18,RT,2025,4
CGKDPSCGK,DOM,210,25,RT,2026,3
CGKDPSCGK,DOM,212,1,RT,2025,3
CGKDPSCGK,DOM,212,12,RT,2025,6
CGKDPSCGK,DOM,212,25,RT,2025,1
CGKDPSCGK,DOM,212,40,RT,2025,4
CGKDPSCGK,DOM,213,6,RT,2025,3
CGKDPSCGK,DOM,213,7,RT,2025,3
CGKDPSCGK,DOM,214,1,RT,2025,1
CGKDPSCGK,DOM,214,12,RT,2025,1
CGKDPSCGK,DOM,214,25,RT,2025,1
CGKDPSCGK,DOM,214,40,RT,2025,1
CGKDPSCGK,DOM,215,10,RT,2026,6
CGKDPSCGK,DOM,215,12,RT,2026,3
CGKDPSCGK,DOM,216,1,RT,2026,1
CGKDPSCGK,DOM,216,25,RT,2026,2
CGKDPSCGK,DOM,217,2,RT,2025,3
CGKDPSCGK,DOM,217,6,RT,2025,2
CGKDPSCGK,DOM,218,2,RT,2026,2
CGKDPSCGK,DOM,218,3,RT,2025,1
CGKDPSCGK,DOM,218,18,RT,2025,1
CGKDPSCGK,DOM,219,1,RT,2026,3
CGKDPSCGK,DOM,219,6,RT,2025,1
CGKHKG,INT,0,0,OW,2025,12
CGKHKG,INT,0,0,OW,2026,5
CGKHKG,INT,1,0,OW,2025,1
CGKHKG,INT,1,0,OW,2026,9
CGKHKG,INT,2,0,OW,2025,12
CGKHKG,INT,2,0,OW,2026,7
CGKHKG,INT,3,0,OW,2025,9
CGKHKG,INT,3,0,OW,2026,12
CGKHKG,INT,4,0,OW,2025,10
CGKHKG,INT,4,0,OW,2026,16
CGKHKG,INT,5,0,OW,2025,19
CGKHKG,INT,5,0,OW,2026,9
CGKHKG,INT,6,0,OW,2025,12
CGKHKG,INT,6,0,OW,2026,3
CGKHKG,INT,7,0,OW,2025,6
CGKHKG,INT,8,0,OW,2025,13
CGKHKG,INT,8,0,OW,2026,11
CGKHKG,INT,9,0,OW,2025,6
CGKHKG,INT,9,0,OW,2026,4
CGKHKG,INT,10,0,OW,2025,11
CGKHKG,INT,10,0,OW,2026,3
CGKHKG,INT,11,0,OW,2025,7
CGKHKG,INT,11,0,OW,2026,7
CGKHKG,INT,12,0,OW,2025,8
CGKHKG,INT,12,0,OW,2026,1
CGKHKG,INT,13,0,OW,2025,11
CGKHKG,INT,13,0,OW,2026,2
CGKHKG,INT,14,0,OW,2025,3
CGKHKG,INT,14,0,OW,2026,5
CGKHKG,INT,16,0,OW,2025,8
CGKHKG,INT,16,0,OW,2026,3
CGKHKG,INT,17,0,OW,2025,1
CGKHKG,INT,18,0,OW,2025,7
CGKHKG,INT,18,0,OW,2026,5
CGKHKG,INT,20,0,OW,2025,12
CGKHKG,INT,20,0,OW,2026,3
CGKHKG,INT,21,0,OW,2025,9
CGKHKG,INT,21,0,OW,2026,12
CGKHKG,INT,22,0,OW,2025,10
CGKHKG,INT,22,0,OW,2026,3
CGKHKG,INT,23,0,OW,2025,5
CGKHKG,INT,23,0,OW,2026,2
CGKHKG,INT,24,0,OW,2026,11
CGKHKG,INT,25,0,OW,2025,8
CGKHKG,INT,25,0,OW,2026,4
CGKHKG,INT,26,0,OW,2025,2
CGKHKG,INT,26,0,OW,2026,4
CGKHKG,INT,27,0,OW,2025,3
CGKHKG,INT,27,0,OW,2026,4
CGKHKG,INT,28,0,OW,2025,3
CGKHKG,INT,28,0,OW,2026,8
CGKHKG,INT,29,0,OW,2025,8
CGKHKG,INT,29,0,OW,2026,2
CGKHKG,INT,30,0,OW,2025,4
CGKHKG,INT,30,0,OW,2026,3
CGKHKG,INT,31,0,OW,2026,4
CGKHKG,INT,32,0,OW,2025,2
CGKHKG,INT,32,0,OW,2026,3
CGKHKG,INT,33,0,OW,2025,2
CGKHKG,INT,36,0,OW,2025,6
CGKHKG,INT,38,0,OW,2025,1
CGKHKG,INT,39,0,OW,2026,3
CGKHKG,INT,42,0,OW,2026,9
CGKHKG,INT,46,0,OW,2025,1
CGKHKG,INT,46,0,OW,2026,2
CGKHKG,INT,47,0,OW,2026,1
CGKHKG,INT,48,0,OW,2025,2
CGKHKG,INT,48,0,OW,2026,6
CGKHKG,INT,49,0,OW,2025,5
CGKHKG,INT,49,0,OW,2026,1
CGKHKG,INT,50,0,OW,2025,6
CGKHKG,INT,53,0,OW,2026,5
CGKHKG,INT,54,0,OW,2025,4
CGKHKG,INT,54,0,OW,2026,14
CGKHKG,INT,56,0,OW,2025,1
CGKHKG,INT,57,0,OW,2025,1
CGKHKG,INT,58,0,OW,2025,1
CGKHKG,INT,58,0,OW,2026,7
CGKHKG,INT,61,0,OW,2026,1
CGKHKG,INT,62,0,OW,2026,1
CGKHKG,INT,63,0,OW,2026,2
CGKHKG,INT,64,0,OW,2026,2
CGKHKG,INT,65,0,OW,2025,2
CGKHKG,INT,67,0,OW,2025,1
CGKHKG,INT,69,0,OW,2025,6
CGKHKG,INT,71,0,OW,2025,3
CGKHKG,INT,72,0,OW,2025,6
CGKHKG,INT,73,0,OW,2025,2
CGKHKG,INT,74,0,OW,2025,6
CGKHKG,INT,75,0,OW,2026,1
CGKHKG,INT,76,0,OW,2025,3
CGKHKG,INT,77,0,OW,2026,1
CGKHKG,INT,79,0,OW,2025,1
CGKHKG,INT,79,0,OW,2026,2
CGKHKG,INT,80,0,OW,2026,5
CGKHKG,INT,82,0,OW,2025,4
CGKHKG,INT,83,0,OW,2025,4
CGKHKG,INT,83,0,OW,2026,5
CGKHKG,INT,87,0,OW,2026,2
CGKHKG,INT,88,0,OW,2026,1
CGKHKG,INT,89,0,OW,2025,3
CGKHKG,INT,89,0,OW,2026,1
CGKHKG,INT,90,0,OW,2026,1
CGKHKG,INT,91,0,OW,2026,6
CGKHKG,INT,94,0,OW,2025,3
CGKHKG,INT,104,0,OW,2026,1
CGKHKG,INT,114,0,OW,2025,5
CGKHKG,INT,118,0,OW,2025,1
CGKHKG,INT,119,0,OW,2025,2
CGKHKG,INT,120,0,OW,2025,1
CGKHKG,INT,121,0,OW,2025,1
CGKHKG,INT,123,0,OW,2026,1
CGKHKG,INT,124,0,OW,2025,1
CGKHKG,INT,125,0,OW,2026,2
CGKHKG,INT,126,0,OW,2025,7
CGKHKG,INT,130,0,OW,2025,6
CGKHKG,INT,131,0,OW,2026,1
CGKHKG,INT,136,0,OW,2025,1
CGKHKG,INT,137,0,OW,2026,6
CGKHKG,INT,142,0,OW,2025,10
CGKHKG,INT,145,0,OW,2025,4
CGKHKG,INT,147,0,OW,2025,4
CGKHKG,INT,152,0,OW,2025,1
CGKHKG,INT,164,0,OW,2026,1
CGKHKG,INT,190,0,OW,2025,1
CGKHKG,INT,193,0,OW,2026,4
CGKHKG,INT,196,0,OW,2025,1
CGKHKG,INT,196,0,OW,2026,6
CGKHKG,INT,202,0,OW,2025,2
CGKHKG,INT,208,0,OW,2026,4
CGKHKG,INT,210,0,OW,2025,2
CGKHKG,INT,211,0,OW,2025,1
CGKHKGCGK,INT,0,1,RT,2025,1
CGKHKGCGK,INT,0,1,RT,2026,1
CGKHKGCGK,INT,0,2,RT,2025,6
CGKHKGCGK,INT,0,2,RT,2026,3
CGKHKGCGK,INT,0,3,RT,2025,10
CGKHKGCGK,INT,0,4,RT,2026,3
CGKHKGCGK,INT,0,8,RT,2025,1
CGKHKGCGK,INT,0,8,RT,2026,1
CGKHKGCGK,INT,0,12,RT,2026,6
CGKHKGCGK,INT,0,14,RT,2025,3
CGKHKGCGK,INT,0,18,RT,2025,1
CGKHKGCGK,INT,0,40,RT,2025,3
CGKHKGCGK,INT,1,1,RT,2025,1
CGKHKGCGK,INT,1,5,RT,2025,1
CGKHKGCGK,INT,1,8,RT,2026,1
CGKHKGCGK,INT,1,14,RT,2025,7
CGKHKGCGK,INT,1,40,RT,2025,2
CGKHKGCGK,INT,2,1,RT,2025,1
CGKHKGCGK,INT,2,4,RT,2026,1
CGKHKGCGK,INT,2,5,RT,2025,1
CGKHKGCGK,INT,2,8,RT,2026,4
CGKHKGCGK,INT,2,18,RT,2025,4
CGKHKGCGK,INT,3,2,RT,2025,2
CGKHKGCGK,INT,3,3,RT,2025,4
CGKHKGCGK,INT,3,3,RT,2026,1
CGKHKGCGK,INT,3,4,RT,2025,3
CGKHKGCGK,INT,3,8,RT,2026,1
CGKHKGCGK,INT,3,10,RT,2025,6
CGKHKGCGK,INT,3,10,RT,2026,5
CGKHKGCGK,INT,3,18,RT,2025,2
CGKHKGCGK,INT,4,2,RT,2025,3
CGKHKGCGK,INT,4,3,RT,2025,2
CGKHKGCGK,INT,4,4,RT,2025,1
CGKHKGCGK,INT,4,5,RT,2025,1
CGKHKGCGK,INT,4,6,RT,2026,7
CGKHKGCGK,INT,4,7,RT,2025,1
CGKHKGCGK,INT,4,8,RT,2025,1
CGKHKGCGK,INT,4,8,RT,2026,2
CGKHKGCGK,INT,4,14,RT,2025,1
CGKHKGCGK,INT,4,40,RT,2026,7
CGKHKGCGK,INT,5,1,RT,2025,7
CGKHKGCGK,INT,5,1,RT,2026,3
CGKHKGCGK,INT,5,2,RT,2026,5
CGKHKGCGK,INT,5,7,RT,2025,1
CGKHKGCGK,INT,5,7,RT,2026,1
CGKHKGCGK,INT,5,8,RT,2026,2
CGKHKGCGK,INT,5,10,RT,2025,3
CGKHKGCGK,INT,5,12,RT,2025,1
CGKHKGCGK,INT,5,12,RT,2026,7
CGKHKGCGK,INT,5,18,RT,2025,2
CGKHKGCGK,INT,5,25,RT,2025,2
CGKHKGCGK,INT,6,1,RT,2025,1
CGKHKGCGK,INT,6,2,RT,2025,3
CGKHKGCGK,INT,6,7,RT,2026,1
CGKHKGCGK,INT,6,8,RT,2025,1
CGKHKGCGK,INT,6,8,RT,2026,3
CGKHKGCGK,INT,6,18,RT,2025,2
CGKHKGCGK,INT,6,18,RT,2026,5
CGKHKGCGK,INT,6,40,RT,2026,5
CGKHKGCGK,INT,7,1,RT,2025,2
CGKHKGCGK,INT,7,1,RT,2026,2
CGKHKGCGK,INT,7,2,RT,2026,3
CGKHKGCGK,INT,7,3,RT,2025,1
CGKHKGCGK,INT,7,4,RT,2025,1
CGKHKGCGK,INT,7,6,RT,2026,3
CGKHKGCGK,INT,7,7,RT,2025,4
CGKHKGCGK,INT,7,10,RT,2025,2
CGKHKGCGK,INT,7,14,RT,2025,1
CGKHKGCGK,INT,7,14,RT,2026,2
CGKHKGCGK,INT,7,18,RT,2026,1
CGKHKGCGK,INT,7,25,RT,2025,4
CGKHKGCGK,INT,7,40,RT,2026,2
CGKHKGCGK,INT,8,2,RT,2025,2
CGKHKGCGK,INT,8,2,RT,2026,1
CGKHKGCGK,INT,8,6,RT,2026,4
CGKHKGCGK,INT,8,40,RT,2025,3
CGKHKGCGK,INT,9,1,RT,2026,1
CGKHKGCGK,INT,9,6,RT,2026,6
CGKHKGCGK,INT,9,12,RT,2026,1
CGKHKGCGK,INT,9,14,RT,2026,2
CGKHKGCGK,INT,9,18,RT,2025,2
CGKHKGCGK,INT,10,1,RT,2026,6
CGKHKGCGK,INT,10,2,RT,2026,3
CGKHKGCGK,INT,10,5,RT,2025,1
CGKHKGCGK,INT,10,7,RT,2025,2
CGKHKGCGK,INT,10,8,RT,2025,1
CGKHKGCGK,INT,11,5,RT,2026,1
CGKHKGCGK,INT,11,10,RT,2025,1
CGKHKGCGK,INT,12,1,RT,2026,6
CGKHKGCGK,INT,12,2,RT,2026,5
CGKHKGCGK,INT,12,5,RT,2025,4
CGKHKGCGK,INT,12,5,RT,2026,4
CGKHKGCGK,INT,12,12,RT,2026,6
CGKHKGCGK,INT,12,14,RT,2026,5
CGKHKGCGK,INT,12,18,RT,2026,2
CGKHKGCGK,INT,13,1,RT,2025,1
CGKHKGCGK,INT,13,3,RT,2026,4
CGKHKGCGK,INT,13,8,RT,2026,7
CGKHKGCGK,INT,13,10,RT,2025,8
CGKHKGCGK,INT,13,12,RT,2026,1
CGKHKGCGK,INT,13,14,RT,2026,7
CGKHKGCGK,INT,13,18,RT,2025,2
CGKHKGCGK,INT,13,25,RT,2026,6
CGKHKGCGK,INT,14,3,RT,2025,4
CGKHKGCGK,INT,14,14,RT,2026,2
CGKHKGCGK,INT,14,40,RT,2025,1
CGKHKGCGK,INT,14,40,RT,2026,1
CGKHKGCGK,INT,15,3,RT,2025,1
CGKHKGCGK,INT,15,3,RT,2026,3
CGKHKGCGK,INT,15,5,RT,2026,1
CGKHKGCGK,INT,16,8,RT,2026,1
CGKHKGCGK,INT,16,10,RT,2026,1
CGKHKGCGK,INT,16,18,RT,2025,3
CGKHKGCGK,INT,16,25,RT,2025,1
CGKHKGCGK,INT,17,1,RT,2026,2
CGKHKGCGK,INT,17,2,RT,2026,2
CGKHKGCGK,INT,17,5,RT,2025,2
CGKHKGCGK,INT,17,5,RT,2026,2
CGKHKGCGK,INT,17,12,RT,2025,1
CGKHKGCGK,INT,18,3,RT,2025,7
CGKHKGCGK,INT,18,10,RT,2025,1
CGKHKGCGK,INT,18,40,RT,2026,3
CGKHKGCGK,INT,19,1,RT,2026,3
CGKHKGCGK,INT,19,2,RT,2025,4
CGKHKGCGK,INT,19,2,RT,2026,4
CGKHKGCGK,INT,19,6,RT,2025,2
CGKHKGCGK,INT,19,7,RT,2025,1
CGKHKGCGK,INT,19,14,RT,2025,5
CGKHKGCGK,INT,20,2,RT,2026,3
CGKHKGCGK,INT,20,4,RT,2025,1
CGKHKGCGK,INT,20,4,RT,2026,2
CGKHKGCGK,INT,20,8,RT,2026,1
CGKHKGCGK,INT,20,14,RT,2025,3
CGKHKGCGK,INT,20,18,RT,2026,1
CGKHKGCGK,INT,20,40,RT,2026,2
CGKHKGCGK,INT,21,1,RT,2026,6
CGKHKGCGK,INT,21,2,RT,2026,1
CGKHKGCGK,INT,21,4,RT,2026,2
CGKHKGCGK,INT,21,7,RT,2025,3
CGKHKGCGK,INT,21,10,RT,2025,2
CGKHKGCGK,INT,21,12,RT,2026,1
CGKHKGCGK,INT,21,18,RT,2025,2
CGKHKGCGK,INT,22,1,RT,2026,6
CGKHKGCGK,INT,22,3,RT,2025,2
CGKHKGCGK,INT,22,6,RT,2026,1
CGKHKGCGK,INT,22,7,RT,2026,1
CGKHKGCGK,INT,22,12,RT,2025,1
CGKHKGCGK,INT,22,14,RT,2025,3
CGKHKGCGK,INT,22,40,RT,2025,1
CGKHKGCGK,INT,23,3,RT,2025,1
CGKHKGCGK,INT,23,6,RT,2025,4
CGKHKGCGK,INT,23,10,RT,2025,5
CGKHKGCGK,INT,23,12,RT,2026,4
CGKHKGCGK,INT,23,14,RT,2025,5
CGKHKGCGK,INT,23,40,RT,2025,2
CGKHKGCGK,INT,24,5,RT,2025,6
CGKHKGCGK,INT,24,7,RT,2025,1
CGKHKGCGK,INT,24,8,RT,2026,2
CGKHKGCGK,INT,24,10,RT,2025,1
CGKHKGCGK,INT,24,14,RT,2025,3
CGKHKGCGK,INT,24,25,RT,2025,1
CGKHKGCGK,INT,26,1,RT,2025,4
CGKHKGCGK,INT,26,3,RT,2025,1
CGKHKGCGK,INT,26,4,RT,2025,1
CGKHKGCGK,INT,26,8,RT,2025,1
CGKHKGCGK,INT,26,25,RT,2025,1
CGKHKGCGK,INT,27,1,RT,2025,1
CGKHKGCGK,INT,27,1,RT,2026,1
CGKHKGCGK,INT,27,2,RT,2026,1
CGKHKGCGK,INT,27,4,RT,2025,6
CGKHKGCGK,INT,27,7,RT,2025,1
CGKHKGCGK,INT,27,8,RT,2026,2
CGKHKGCGK,INT,27,18,RT,2025,6
CGKHKGCGK,INT,28,1,RT,2025,2
CGKHKGCGK,INT,28,1,RT,2026,1
CGKHKGCGK,INT,28,3,RT,2025,2
CGKHKGCGK,INT,28,5,RT,2026,2
CGKHKGCGK,INT,28,7,RT,2025,2
CGKHKGCGK,INT,28,8,RT,2026,1
CGKHKGCGK,INT,28,12,RT,2025,6
CGKHKGCGK,INT,28,14,RT,2026,1
CGKHKGCGK,INT,28,40,RT,2025,1
CGKHKGCGK,INT,29,1,RT,2025,2
CGKHKGCGK,INT,29,2,RT,2026,1
CGKHKGCGK,INT,29,5,RT,2026,2
CGKHKGCGK,INT,29,7,RT,2026,1
CGKHKGCGK,INT,29,10,RT,2026,2
CGKHKGCGK,INT,29,18,RT,2025,1
CGKHKGCGK,INT,30,4,RT,2025,2
CGKHKGCGK,INT,30,12,RT,2026,1
CGKHKGCGK,INT,30,18,RT,2026,1
CGKHKGCGK,INT,30,40,RT,2025,2
CGKHKGCGK,INT,31,2,RT,2025,6
CGKHKGCGK,INT,31,2,RT,2026,4
CGKHKGCGK,INT,31,6,RT,2026,4
CGKHKGCGK,INT,32,3,RT,2025,3
CGKHKGCGK,INT,33,1,RT,2025,1
CGKHKGCGK,INT,33,3,RT,2025,2
CGKHKGCGK,INT,34,18,RT,2025,1
CGKHKGCGK,INT,36,5,RT,2026,2
CGKHKGCGK,INT,36,12,RT,2025,3
CGKHKGCGK,INT,37,14,RT,2025,6
CGKHKGCGK,INT,38,1,RT,2026,1
CGKHKGCGK,INT,38,2,RT,2025,1
CGKHKGCGK,INT,38,14,RT,2025,1
CGKHKGCGK,INT,38,40,RT,2026,6
CGKHKGCGK,INT,39,1,RT,2026,1
CGKHKGCGK,INT,39,8,RT,2025,4
CGKHKGCGK,INT,41,3,RT,2026,1
CGKHKGCGK,INT,42,3,RT,2025,2
CGKHKGCGK,INT,42,14,RT,2025,1
CGKHKGCGK,INT,43,8,RT,2025,1
CGKHKGCGK,INT,49,12,RT,2025,6
CGKHKGCGK,INT,49,18,RT,2026,3
CGKHKGCGK,INT,50,14,RT,2026,2
CGKHKGCGK,INT,52,1,RT,2026,1
CGKHKGCGK,INT,53,1,RT,2026,6
CGKHKGCGK,INT,53,5,RT,2025,4
CGKHKGCGK,INT,53,7,RT,2026,2
CGKHKGCGK,INT,53,10,RT,2025,6
CGKHKGCGK,INT,54,5,RT,2026,2
CGKHKGCGK,INT,55,8,RT,2026,1
CGKHKGCGK,INT,55,14,RT,2025,1
CGKHKGCGK,INT,56,1,RT,2026,2
CGKHKGCGK,INT,56,3,RT,2026,4
CGKHKGCGK,INT,58,40,RT,2026,1
CGKHKGCGK,INT,60,2,RT,2026,1
CGKHKGCGK,INT,62,40,RT,2026,2
CGKHKGCGK,INT,64,7,RT,2025,2
CGKHKGCGK,INT,65,1,RT,2025,4
CGKHKGCGK,INT,67,7,RT,2026,3
CGKHKGCGK,INT,68,3,RT,2025,10
CGKHKGCGK,INT,71,6,RT,2025,1
CGKHKGCGK,INT,75,6,RT,2026,1
CGKHKGCGK,INT,75,18,RT,2026,1
CGKHKGCGK,INT,77,2,RT,2026,1
CGKHKGCGK,INT,77,3,RT,2026,2
CGKHKGCGK,INT,78,3,RT,2026,4
CGKHKGCGK,INT,79,3,RT,2026,2
CGKHKGCGK,INT,79,8,RT,2025,3
CGKHKGCGK,INT,80,7,RT,2026,1
CGKHKGCGK,INT,81,1,RT,2026,2
CGKHKGCGK,INT,81,3,RT,2025,5
CGKHKGCGK,INT,81,7,RT,2026,1
CGKHKGCGK,INT,81,8,RT,2026,3
CGKHKGCGK,INT,81,12,RT,2025,6
CGKHKGCGK,INT,84,7,RT,2025,4
CGKHKGCGK,INT,84,10,RT,2025,2
CGKHKGCGK,INT,86,8,RT,2025,1
CGKHKGCGK,INT,87,2,RT,2025,2
CGKHKGCGK,INT,87,6,RT,2026,1
CGKHKGCGK,INT,87,14,RT,2026,2
CGKHKGCGK,INT,89,18,RT,2026,2
CGKHKGCGK,INT,90,5,RT,2026,2
CGKHKGCGK,INT,93,14,RT,2026,1
CGKHKGCGK,INT,97,8,RT,2026,1
CGKHKGCGK,INT,98,7,RT,2026,3
CGKHKGCGK,INT,105,3,RT,2025,3
CGKHKGCGK,INT,106,10,RT,2025,4
CGKHKGCGK,INT,108,5,RT,2025,1
CGKHKGCGK,INT,118,40,RT,2025,1
CGKHKGCGK,INT,119,7,RT,2025,1
CGKHKGCGK,INT,119,25,RT,2025,2
CGKHKGCGK,INT,120,40,RT,2025,6
CGKHKGCGK,INT,122,2,RT,2026,2
CGKHKGCGK,INT,122,7,RT,2026,4
CGKHKGCGK,INT,125,3,RT,2026,3
CGKHKGCGK,INT,131,3,RT,2025,2
CGKHKGCGK,INT,133,8,RT,2025,1
CGKHKGCGK,INT,136,14,RT,2025,1
CGKHKGCGK,INT,137,5,RT,2026,1
CGKHKGCGK,INT,140,5,RT,2025,2
CGKHKGCGK,INT,142,3,RT,2026,2
CGKHKGCGK,INT,156,4,RT,2025,1
CGKHKGCGK,INT,191,1,RT,2025,4
CGKHKGCGK,INT,197,1,RT,2025,5
CGKHKGCGK,INT,201,18,RT,2025,1
CGKHKGCGK,INT,211,7,RT,2025,1
CGKHKGCGK,INT,218,8,RT,2026,6
CGKICN,INT,0,0,OW,2025,1
CGKICN,INT,0,0,OW,2026,9
CGKICN,INT,1,0,OW,2025,16
CGKICN,INT,1,0,OW,2026,22
CGKICN,INT,2,0,OW,2025,19
CGKICN,INT,2,0,OW,2026,3
CGKICN,INT,3,0,OW,2025,11
CGKICN,INT,3,0,OW,2026,15
CGKICN,INT,4,0,OW,2025,15
CGKICN,INT,4,0,OW,2026,9
CGKICN,INT,5,0,OW,2025,7
CGKICN,INT,5,0,OW,2026,9
CGKICN,INT,6,0,OW,2025,7
CGKICN,INT,6,0,OW,2026,6
CGKICN,INT,7,0,OW,2025,7
CGKICN,INT,7,0,OW,2026,9
CGKICN,INT,8,0,OW,2025,6
CGKICN,INT,8,0,OW,2026,7
CGKICN,INT,9,0,OW,2025,3
CGKICN,INT,9,0,OW,2026,2
CGKICN,INT,10,0,OW,2026,2
CGKICN,INT,11,0,OW,2025,3
CGKICN,INT,11,0,OW,2026,12
CGKICN,INT,12,0,OW,2025,10
CGKICN,INT,12,0,OW,2026,2
CGKICN,INT,13,0,OW,2025,4
CGKICN,INT,13,0,OW,2026,4
CGKICN,INT,14,0,OW,2025,6
CGKICN,INT,14,0,OW,2026,7
CGKICN,INT,15,0,OW,2025,12
CGKICN,INT,15,0,OW,2026,8
CGKICN,INT,16,0,OW,2025,2
CGKICN,INT,16,0,OW,2026,6
CGKICN,INT,17,0,OW,2025,8
CGKICN,INT,18,0,OW,2025,5
CGKICN,INT,18,0,OW,2026,7
CGKICN,INT,19,0,OW,2025,16
CGKICN,INT,19,0,OW,2026,13
CGKICN,INT,20,0,OW,2026,7
CGKICN,INT,21,0,OW,2026,10
CGKICN,INT,22,0,OW,2025,6
CGKICN,INT,22,0,OW,2026,4
CGKICN,INT,23,0,OW,2025,1
CGKICN,INT,23,0,OW,2026,7
CGKICN,INT,24,0,OW,2025,7
CGKICN,INT,24,0,OW,2026,7
CGKICN,INT,25,0,OW,2025,11
CGKICN,INT,25,0,OW,2026,6
CGKICN,INT,26,0,OW,2025,3
CGKICN,INT,26,0,OW,2026,7
CGKICN,INT,27,0,OW,2025,3
CGKICN,INT,27,0,OW,2026,12
CGKICN,INT,28,0,OW,2025,8
CGKICN,INT,28,0,OW,2026,7
CGKICN,INT,30,0,OW,2025,15
CGKICN,INT,30,0,OW,2026,12
CGKICN,INT,32,0,OW,2026,6
CGKICN,INT,33,0,OW,2025,3
CGKICN,INT,33,0,OW,2026,3
CGKICN,INT,34,0,OW,2025,2
CGKICN,INT,35,0,OW,2025,1
CGKICN,INT,36,0,OW,2025,3
CGKICN,INT,36,0,OW,2026,2
CGKICN,INT,38,0,OW,2025,1
CGKICN,INT,39,0,OW,2026,1
CGKICN,INT,40,0,OW,2026,1
CGKICN,INT,42,0,OW,2025,1
CGKICN,INT,43,0,OW,2026,1
CGKICN,INT,44,0,OW,2026,2
CGKICN,INT,46,0,OW,2025,2
CGKICN,INT,47,0,OW,2025,1
CGKICN,INT,48,0,OW,2025,2
CGKICN,INT,49,0,OW,2026,4
CGKICN,INT,50,0,OW,2026,6
CGKICN,INT,51,0,OW,2026,1
CGKICN,INT,52,0,OW,2026,3
CGKICN,INT,53,0,OW,2025,6
CGKICN,INT,54,0,OW,2025,2
CGKICN,INT,54,0,OW,2026,1
CGKICN,INT,55,0,OW,2026,4
CGKICN,INT,56,0,OW,2026,4
CGKICN,INT,57,0,OW,2026,3
CGKICN,INT,60,0,OW,2026,6
CGKICN,INT,61,0,OW,2025,2
CGKICN,INT,61,0,OW,2026,7
CGKICN,INT,62,0,OW,2025,1
CGKICN,INT,63,0,OW,2025,1
CGKICN,INT,63,0,OW,2026,4
CGKICN,INT,65,0,OW,2026,1
CGKICN,INT,66,0,OW,2026,2
CGKICN,INT,67,0,OW,2026,4
CGKICN,INT,68,0,OW,2026,3
CGKICN,INT,69,0,OW,2025,1
CGKICN,INT,69,0,OW,2026,3
CGKICN,INT,70,0,OW,2025,2
CGKICN,INT,71,0,OW,2025,1
CGKICN,INT,72,0,OW,2025,6
CGKICN,INT,72,0,OW,2026,3
CGKICN,INT,74,0,OW,2025,2
CGKICN,INT,74,0,OW,2026,1
CGKICN,INT,76,0,OW,2026,1
CGKICN,INT,78,0,OW,2025,2
CGKICN,INT,78,0,OW,2026,2
CGKICN,INT,79,0,OW,2025,1
CGKICN,INT,81,0,OW,2026,1
CGKICN,INT,82,0,OW,2026,3
CGKICN,INT,84,0,OW,2025,2
CGKICN,INT,86,0,OW,2025,3
CGKICN,INT,86,0,OW,2026,1
CGKICN,INT,88,0,OW,2025,3
CGKICN,INT,89,0,OW,2026,4
CGKICN,INT,90,0,OW,2025,6
CGKICN,INT,96,0,OW,2025,2
CGKICN,INT,105,0,OW,2026,2
CGKICN,INT,109,0,OW,2026,2
CGKICN,INT,111,0,OW,2026,4
CGKICN,INT,119,0,OW,2026,2
CGKICN,INT,122,0,OW,2025,1
CGKICN,INT,127,0,OW,2025,3
CGKICN,INT,129,0,OW,2026,4
CGKICN,INT,157,0,OW,2025,2
CGKICN,INT,158,0,OW,2025,1
CGKICN,INT,159,0,OW,2026,1
CGKICN,INT,162,0,OW,2025,6
CGKICN,INT,166,0,OW,2026,1
CGKICN,INT,168,0,OW,2026,5
CGKICN,INT,169,0,OW,2025,2
CGKICN,INT,170,0,OW,2026,1
CGKICN,INT,176,0,OW,2025,1
CGKICN,INT,180,0,OW,2026,2
CGKICN,INT,183,0,OW,2026,3
CGKICN,INT,199,0,OW,2026,1
CGKICN,INT,203,0,OW,2026,2
CGKICN,INT,207,0,OW,2026,4
CGKICN,INT,210,0,OW,2025,2
CGKICN,INT,213,0,OW,2025,1
CGKICNCGK,INT,0,1,RT,2026,7
CGKICNCGK,INT,0,2,RT,2025,9
CGKICNCGK,INT,0,3,RT,2025,6
CGKICNCGK,INT,0,3,RT,2026,4
CGKICNCGK,INT,0,5,RT,2025,1
CGKICNCGK,INT,0,8,RT,2025,6
CGKICNCGK,INT,0,14,RT,2025,3
CGKICNCGK,INT,0,25,RT,2025,1
CGKICNCGK,INT,0,25,RT,2026,1
CGKICNCGK,INT,1,2,RT,2025,3
CGKICNCGK,INT,1,2,RT,2026,2
CGKICNCGK,INT,1,3,RT,2025,3
CGKICNCGK,INT,1,4,RT,2025,1
CGKICNCGK,INT,1,4,RT,2026,5
CGKICNCGK,INT,2,1,RT,2025,5
CGKICNCGK,INT,2,2,RT,2025,7
CGKICNCGK,INT,2,6,RT,2025,1
CGKICNCGK,INT,2,6,RT,2026,2
CGKICNCGK,INT,2,12,RT,2025,3
CGKICNCGK,INT,2,14,RT,2026,1
CGKICNCGK,INT,2,18,RT,2025,4
CGKICNCGK,INT,2,18,RT,2026,1
CGKICNCGK,INT,2,25,RT,2025,5
CGKICNCGK,INT,2,25,RT,2026,1
CGKICNCGK,INT,3,1,RT,2025,2
CGKICNCGK,INT,3,1,RT,2026,2
CGKICNCGK,INT,3,3,RT,2025,3
CGKICNCGK,INT,3,4,RT,2025,4
CGKICNCGK,INT,3,7,RT,2026,4
CGKICNCGK,INT,3,14,RT,2026,4
CGKICNCGK,INT,3,18,RT,2025,5
CGKICNCGK,INT,3,25,RT,2025,1
CGKICNCGK,INT,4,1,RT,2025,2
CGKICNCGK,INT,4,3,RT,2025,4
CGKICNCGK,INT,4,3,RT,2026,3
CGKICNCGK,INT,4,7,RT,2025,1
CGKICNCGK,INT,4,7,RT,2026,2
CGKICNCGK,INT,4,10,RT,2025,1
CGKICNCGK,INT,4,40,RT,2026,4
CGKICNCGK,INT,5,1,RT,2025,4
CGKICNCGK,INT,5,2,RT,2026,2
CGKICNCGK,INT,5,3,RT,2025,15
CGKICNCGK,INT,5,5,RT,2026,6
CGKICNCGK,INT,5,7,RT,2025,1
CGKICNCGK,INT,5,10,RT,2026,2
CGKICNCGK,INT,5,14,RT,2025,1
CGKICNCGK,INT,5,14,RT,2026,3
CGKICNCGK,INT,5,40,RT,2025,2
CGKICNCGK,INT,5,40,RT,2026,2
CGKICNCGK,INT,6,2,RT,2025,4
CGKICNCGK,INT,6,6,RT,2025,3
CGKICNCGK,INT,6,7,RT,2025,1
CGKICNCGK,INT,6,7,RT,2026,5
CGKICNCGK,INT,6,8,RT,2025,5
CGKICNCGK,INT,6,12,RT,2026,3
CGKICNCGK,INT,7,2,RT,2025,5
CGKICNCGK,INT,7,3,RT,2026,7
CGKICNCGK,INT,7,5,RT,2025,1
CGKICNCGK,INT,7,5,RT,2026,7
CGKICNCGK,INT,7,7,RT,2025,4
CGKICNCGK,INT,7,8,RT,2026,2
CGKICNCGK,INT,7,10,RT,2026,4
CGKICNCGK,INT,7,25,RT,2026,5
CGKICNCGK,INT,8,1,RT,2025,3
CGKICNCGK,INT,8,2,RT,2025,2
CGKICNCGK,INT,8,3,RT,2025,5
CGKICNCGK,INT,8,3,RT,2026,5
CGKICNCGK,INT,8,14,RT,2025,2
CGKICNCGK,INT,8,18,RT,2026,3
CGKICNCGK,INT,8,40,RT,2026,1
CGKICNCGK,INT,9,1,RT,2025,4
CGKICNCGK,INT,9,3,RT,2026,1
CGKICNCGK,INT,9,5,RT,2025,4
CGKICNCGK,INT,9,10,RT,2025,6
CGKICNCGK,INT,9,12,RT,2026,2
CGKICNCGK,INT,10,4,RT,2026,2
CGKICNCGK,INT,10,6,RT,2026,5
CGKICNCGK,INT,10,12,RT,2026,1
CGKICNCGK,INT,10,18,RT,2025,3
CGKICNCGK,INT,11,1,RT,2026,3
CGKICNCGK,INT,11,4,RT,2026,6
CGKICNCGK,INT,11,6,RT,2026,6
CGKICNCGK,INT,11,7,RT,2026,2
CGKICNCGK,INT,11,12,RT,2025,1
CGKICNCGK,INT,11,40,RT,2025,1
CGKICNCGK,INT,12,1,RT,2025,2
CGKICNCGK,INT,12,1,RT,2026,1
CGKICNCGK,INT,12,4,RT,2026,2
CGKICNCGK,INT,12,5,RT,2025,1
CGKICNCGK,INT,12,6,RT,2026,2
CGKICNCGK,INT,12,7,RT,2025,2
CGKICNCGK,INT,12,40,RT,2026,2
CGKICNCGK,INT,13,1,RT,2026,5
CGKICNCGK,INT,13,6,RT,2025,3
CGKICNCGK,INT,13,7,RT,2025,1
CGKICNCGK,INT,13,7,RT,2026,3
CGKICNCGK,INT,13,14,RT,2026,1
CGKICNCGK,INT,13,18,RT,2026,3
CGKICNCGK,INT,14,3,RT,2025,6
CGKICNCGK,INT,14,3,RT,2026,3
CGKICNCGK,INT,14,6,RT,2026,1
CGKICNCGK,INT,14,7,RT,2025,1
CGKICNCGK,INT,14,7,RT,2026,1
CGKICNCGK,INT,14,18,RT,2025,3
CGKICNCGK,INT,15,3,RT,2026,4
CGKICNCGK,INT,16,4,RT,2026,1
CGKICNCGK,INT,16,5,RT,2026,1
CGKICNCGK,INT,16,8,RT,2025,1
CGKICNCGK,INT,16,40,RT,2025,4
CGKICNCGK,INT,16,40,RT,2026,6
CGKICNCGK,INT,17,1,RT,2026,3
CGKICNCGK,INT,17,6,RT,2025,1
CGKICNCGK,INT,17,8,RT,2026,1
CGKICNCGK,INT,17,10,RT,2026,1
CGKICNCGK,INT,17,18,RT,2025,3
CGKICNCGK,INT,18,1,RT,2025,1
CGKICNCGK,INT,18,2,RT,2025,6
CGKICNCGK,INT,18,6,RT,2026,2
CGKICNCGK,INT,18,8,RT,2025,6
CGKICNCGK,INT,18,25,RT,2026,3
CGKICNCGK,INT,19,2,RT,2025,1
CGKICNCGK,INT,19,3,RT,2026,7
CGKICNCGK,INT,19,5,RT,2026,7
CGKICNCGK,INT,19,12,RT,2025,7
CGKICNCGK,INT,19,40,RT,2026,3
CGKICNCGK,INT,20,4,RT,2026,1
CGKICNCGK,INT,20,6,RT,2025,4
CGKICNCGK,INT,20,7,RT,2025,1
CGKICNCGK,INT,20,8,RT,2025,2
CGKICNCGK,INT,20,12,RT,2026,3
CGKICNCGK,INT,20,18,RT,2026,1
CGKICNCGK,INT,21,1,RT,2025,1
CGKICNCGK,INT,21,2,RT,2025,3
CGKICNCGK,INT,21,8,RT,2025,6
CGKICNCGK,INT,21,10,RT,2025,3
CGKICNCGK,INT,21,40,RT,2026,1
CGKICNCGK,INT,22,2,RT,2026,10
CGKICNCGK,INT,22,4,RT,2025,3
CGKICNCGK,INT,22,5,RT,2025,1
CGKICNCGK,INT,22,6,RT,2025,1
CGKICNCGK,INT,22,6,RT,2026,1
CGKICNCGK,INT,23,8,RT,2025,6
CGKICNCGK,INT,23,12,RT,2025,2
CGKICNCGK,INT,23,12,RT,2026,4
CGKICNCGK,INT,23,14,RT,2025,1
CGKICNCGK,INT,23,14,RT,2026,3
CGKICNCGK,INT,24,1,RT,2025,1
CGKICNCGK,INT,24,1,RT,2026,2
CGKICNCGK,INT,24,2,RT,2025,2
CGKICNCGK,INT,24,2,RT,2026,3
CGKICNCGK,INT,24,3,RT,2025,4
CGKICNCGK,INT,24,4,RT,2026,3
CGKICNCGK,INT,24,5,RT,2025,6
CGKICNCGK,INT,24,5,RT,2026,1
CGKICNCGK,INT,24,7,RT,2026,2
CGKICNCGK,INT,24,8,RT,2026,5
CGKICNCGK,INT,24,18,RT,2025,2
CGKICNCGK,INT,25,1,RT,2025,1
CGKICNCGK,INT,25,3,RT,2025,2
CGKICNCGK,INT,25,5,RT,2025,5
CGKICNCGK,INT,25,12,RT,2026,2
CGKICNCGK,INT,25,18,RT,2025,3
CGKICNCGK,INT,26,3,RT,2026,2
CGKICNCGK,INT,26,4,RT,2026,2
CGKICNCGK,INT,26,10,RT,2025,2
CGKICNCGK,INT,26,25,RT,2025,1
CGKICNCGK,INT,27,1,RT,2026,5
CGKICNCGK,INT,27,3,RT,2026,3
CGKICNCGK,INT,27,4,RT,2026,4
CGKICNCGK,INT,27,5,RT,2026,3
CGKICNCGK,INT,27,12,RT,2025,2
CGKICNCGK,INT,28,7,RT,2025,8
CGKICNCGK,INT,28,25,RT,2025,4
CGKICNCGK,INT,28,40,RT,2025,3
CGKICNCGK,INT,29,7,RT,2025,2
CGKICNCGK,INT,30,1,RT,2025,3
CGKICNCGK,INT,30,1,RT,2026,3
CGKICNCGK,INT,30,3,RT,2026,7
CGKICNCGK,INT,30,6,RT,2025,4
CGKICNCGK,INT,30,18,RT,2025,3
CGKICNCGK,INT,31,6,RT,2026,1
CGKICNCGK,INT,31,12,RT,2025,6
CGKICNCGK,INT,32,14,RT,2026,2
CGKICNCGK,INT,32,25,RT,2025,1
CGKICNCGK,INT,33,2,RT,2026,1
CGKICNCGK,INT,36,1,RT,2025,5
CGKICNCGK,INT,37,2,RT,2025,5
CGKICNCGK,INT,37,7,RT,2025,1
CGKICNCGK,INT,40,1,RT,2026,2
CGKICNCGK,INT,40,8,RT,2025,2
CGKICNCGK,INT,41,2,RT,2025,6
CGKICNCGK,INT,43,7,RT,2025,4
CGKICNCGK,INT,47,4,RT,2025,3
CGKICNCGK,INT,50,3,RT,2026,2
CGKICNCGK,INT,50,14,RT,2026,2
CGKICNCGK,INT,51,18,RT,2025,1
CGKICNCGK,INT,52,1,RT,2026,6
CGKICNCGK,INT,52,3,RT,2026,1
CGKICNCGK,INT,54,3,RT,2026,2
CGKICNCGK,INT,55,3,RT,2026,2
CGKICNCGK,INT,56,3,RT,2025,1
CGKICNCGK,INT,56,6,RT,2025,6
CGKICNCGK,INT,57,1,RT,2026,2
CGKICNCGK,INT,57,25,RT,2026,1
CGKICNCGK,INT,58,3,RT,2026,1
CGKICNCGK,INT,58,5,RT,2026,1
CGKICNCGK,INT,59,1,RT,2025,6
CGKICNCGK,INT,61,12,RT,2025,2
CGKICNCGK,INT,61,14,RT,2025,3
CGKICNCGK,INT,62,1,RT,2025,1
CGKICNCGK,INT,63,2,RT,2026,2
CGKICNCGK,INT,63,4,RT,2025,6
CGKICNCGK,INT,64,18,RT,2026,3
CGKICNCGK,INT,65,2,RT,2025,4
CGKICNCGK,INT,65,3,RT,2026,1
CGKICNCGK,INT,65,10,RT,2026,2
CGKICNCGK,INT,66,3,RT,2026,3
CGKICNCGK,INT,66,4,RT,2025,6
CGKICNCGK,INT,66,8,RT,2026,3
CGKICNCGK,INT,67,1,RT,2025,1
CGKICNCGK,INT,67,2,RT,2025,1
CGKICNCGK,INT,67,18,RT,2026,6
CGKICNCGK,INT,68,40,RT,2025,2
CGKICNCGK,INT,68,40,RT,2026,1
CGKICNCGK,INT,70,3,RT,2026,6
CGKICNCGK,INT,70,7,RT,2026,1
CGKICNCGK,INT,71,2,RT,2025,2
CGKICNCGK,INT,71,4,RT,2025,1
CGKICNCGK,INT,74,25,RT,2026,1
CGKICNCGK,INT,75,5,RT,2025,3
CGKICNCGK,INT,75,25,RT,2025,4
CGKICNCGK,INT,76,8,RT,2026,3
CGKICNCGK,INT,77,2,RT,2025,1
CGKICNCGK,INT,77,4,RT,2026,3
CGKICNCGK,INT,77,12,RT,2025,5
CGKICNCGK,INT,79,3,RT,2025,1
CGKICNCGK,INT,79,4,RT,2026,2
CGKICNCGK,INT,79,6,RT,2025,1
CGKICNCGK,INT,79,12,RT,2026,4
CGKICNCGK,INT,80,4,RT,2025,6
CGKICNCGK,INT,82,2,RT,2026,1
CGKICNCGK,INT,83,2,RT,2026,4
CGKICNCGK,INT,83,4,RT,2025,5
CGKICNCGK,INT,83,7,RT,2025,1
CGKICNCGK,INT,83,12,RT,2025,5
CGKICNCGK,INT,85,2,RT,2026,5
CGKICNCGK,INT,85,3,RT,2025,3
CGKICNCGK,INT,85,14,RT,2025,1
CGKICNCGK,INT,86,2,RT,2025,5
CGKICNCGK,INT,86,8,RT,2025,3
CGKICNCGK,INT,88,7,RT,2025,6
CGKICNCGK,INT,88,7,RT,2026,8
CGKICNCGK,INT,88,10,RT,2025,4
CGKICNCGK,INT,89,3,RT,2025,2
CGKICNCGK,INT,90,1,RT,2025,3
CGKICNCGK,INT,103,4,RT,2026,2
CGKICNCGK,INT,110,1,RT,2025,4
CGKICNCGK,INT,114,4,RT,2026,3
CGKICNCGK,INT,119,7,RT,2026,2
CGKICNCGK,INT,120,8,RT,2026,2
CGKICNCGK,INT,122,14,RT,2025,1
CGKICNCGK,INT,124,6,RT,2026,1
CGKICNCGK,INT,125,3,RT,2025,1
CGKICNCGK,INT,126,12,RT,2025,1
CGKICNCGK,INT,132,1,RT,2025,1
CGKICNCGK,INT,134,25,RT,2025,1
CGKICNCGK,INT,136,1,RT,2026,4
CGKICNCGK,INT,140,4,RT,2025,4
CGKICNCGK,INT,142,8,RT,2025,3
CGKICNCGK,INT,143,2,RT,2026,6
CGKICNCGK,INT,150,8,RT,2026,1
CGKICNCGK,INT,164,1,RT,2025,1
CGKICNCGK,INT,171,1,RT,2025,3
CGKICNCGK,INT,171,12,RT,2026,3
CGKICNCGK,INT,177,8,RT,2026,3
CGKICNCGK,INT,181,8,RT,2025,1
CGKICNCGK,INT,195,1,RT,2025,1
CGKICNCGK,INT,196,10,RT,2025,3
CGKICNCGK,INT,201,25,RT,2026,2
CGKICNCGK,INT,202,12,RT,2026,1
CGKICNCGK,INT,208,1,RT,2025,1
CGKICNCGK,INT,209,18,RT,2026,1
CGKICNCGK,INT,211,6,RT,2026,2
CGKICNCGK,INT,212,6,RT,2025,1
CGKICNCGK,INT,214,40,RT,2025,1
CGKICNCGK,INT,215,1,RT,2025,2
CGKICNCGK,INT,216,3,RT,2025,1
CGKICNCGK,INT,216,4,RT,2026,5
CGKICNCGK,INT,219,1,RT,2025,3
CGKICNCGK,INT,219,40,RT,2026,5
CGKJED,INT,0,0,OW,2025,31
CGKJED,INT,0,0,OW,2026,42
CGKJED,INT,1,0,OW,2025,22
CGKJED,INT,1,0,OW,2026,36
CGKJED,INT,2,0,OW,2025,17
CGKJED,INT,2,0,OW,2026,30
CGKJED,INT,3,0,OW,2025,29
CGKJED,INT,3,0,OW,2026,23
CGKJED,INT,4,0,OW,2025,24
CGKJED,INT,4,0,OW,2026,25
CGKJED,INT,5,0,OW,2025,25
CGKJED,INT,5,0,OW,2026,27
CGKJED,INT,6,0,OW,2025,49
CGKJED,INT,6,0,OW,2026,23
CGKJED,INT,7,0,OW,2025,42
CGKJED,INT,7,0,OW,2026,25
CGKJED,INT,8,0,OW,2025,10
CGKJED,INT,8,0,OW,2026,32
CGKJED,INT,9,0,OW,2025,18
CGKJED,INT,9,0,OW,2026,21
CGKJED,INT,10,0,OW,2025,20
CGKJED,INT,10,0,OW,2026,9
CGKJED,INT,11,0,OW,2025,14
CGKJED,INT,11,0,OW,2026,11
CGKJED,INT,12,0,OW,2025,5
CGKJED,INT,12,0,OW,2026,5
CGKJED,INT,13,0,OW,2025,21
CGKJED,INT,13,0,OW,2026,16
CGKJED,INT,14,0,OW,2025,7
CGKJED,INT,14,0,OW,2026,6
CGKJED,INT,15,0,OW,2025,14
CGKJED,INT,15,0,OW,2026,6
CGKJED,INT,16,0,OW,2025,15
CGKJED,INT,16,0,OW,2026,14
CGKJED,INT,17,0,OW,2025,14
CGKJED,INT,17,0,OW,2026,18
CGKJED,INT,18,0,OW,2025,16
CGKJED,INT,18,0,OW,2026,21
CGKJED,INT,19,0,OW,2025,23
CGKJED,INT,19,0,OW,2026,18
CGKJED,INT,20,0,OW,2025,32
CGKJED,INT,20,0,OW,2026,15
CGKJED,INT,21,0,OW,2025,14
CGKJED,INT,21,0,OW,2026,7
CGKJED,INT,22,0,OW,2025,22
CGKJED,INT,22,0,OW,2026,28
CGKJED,INT,23,0,OW,2025,13
CGKJED,INT,23,0,OW,2026,10
CGKJED,INT,24,0,OW,2025,30
CGKJED,INT,24,0,OW,2026,16
CGKJED,INT,25,0,OW,2025,15
CGKJED,INT,25,0,OW,2026,11
CGKJED,INT,26,0,OW,2025,21
CGKJED,INT,26,0,OW,2026,7
CGKJED,INT,27,0,OW,2025,13
CGKJED,INT,27,0,OW,2026,14
CGKJED,INT,28,0,OW,2025,9
CGKJED,INT,28,0,OW,2026,6
CGKJED,INT,29,0,OW,2025,21
CGKJED,INT,29,0,OW,2026,7
CGKJED,INT,30,0,OW,2025,4
CGKJED,INT,30,0,OW,2026,13
CGKJED,INT,32,0,OW,2025,10
CGKJED,INT,33,0,OW,2025,2
CGKJED,INT,33,0,OW,2026,1
CGKJED,INT,34,0,OW,2025,2
CGKJED,INT,34,0,OW,2026,7
CGKJED,INT,36,0,OW,2025,9
CGKJED,INT,36,0,OW,2026,3
CGKJED,INT,37,0,OW,2025,1
CGKJED,INT,37,0,OW,2026,2
CGKJED,INT,38,0,OW,2025,4
CGKJED,INT,38,0,OW,2026,3
CGKJED,INT,39,0,OW,2025,6
CGKJED,INT,39,0,OW,2026,1
CGKJED,INT,40,0,OW,2025,4
CGKJED,INT,40,0,OW,2026,2
CGKJED,INT,41,0,OW,2025,4
CGKJED,INT,41,0,OW,2026,11
CGKJED,INT,42,0,OW,2025,3
CGKJED,INT,42,0,OW,2026,4
CGKJED,INT,43,0,OW,2025,6
CGKJED,INT,44,0,OW,2025,3
CGKJED,INT,44,0,OW,2026,6
CGKJED,INT,45,0,OW,2025,2
CGKJED,INT,46,0,OW,2025,2
CGKJED,INT,46,0,OW,2026,5
CGKJED,INT,47,0,OW,2026,3
CGKJED,INT,48,0,OW,2025,1
CGKJED,INT,48,0,OW,2026,2
CGKJED,INT,49,0,OW,2025,4
CGKJED,INT,50,0,OW,2025,3
CGKJED,INT,50,0,OW,2026,2
CGKJED,INT,51,0,OW,2025,2
CGKJED,INT,52,0,OW,2025,5
CGKJED,INT,52,0,OW,2026,1
CGKJED,INT,53,0,OW,2025,2
CGKJED,INT,54,0,OW,2025,6
CGKJED,INT,54,0,OW,2026,8
CGKJED,INT,55,0,OW,2025,1
CGKJED,INT,55,0,OW,2026,1
CGKJED,INT,56,0,OW,2025,6
CGKJED,INT,58,0,OW,2025,1
CGKJED,INT,59,0,OW,2025,4
CGKJED,INT,60,0,OW,2025,6
CGKJED,INT,61,0,OW,2025,4
CGKJED,INT,62,0,OW,2025,1
CGKJED,INT,62,0,OW,2026,5
CGKJED,INT,63,0,OW,2026,1
CGKJED,INT,64,0,OW,2025,4
CGKJED,INT,64,0,OW,2026,10
CGKJED,INT,65,0,OW,2025,5
CGKJED,INT,65,0,OW,2026,13
CGKJED,INT,66,0,OW,2025,1
CGKJED,INT,66,0,OW,2026,2
CGKJED,INT,67,0,OW,2026,1
CGKJED,INT,69,0,OW,2025,2
CGKJED,INT,69,0,OW,2026,6
CGKJED,INT,70,0,OW,2026,2
CGKJED,INT,71,0,OW,2025,12
CGKJED,INT,72,0,OW,2026,8
CGKJED,INT,73,0,OW,2025,12
CGKJED,INT,73,0,OW,2026,6
CGKJED,INT,74,0,OW,2025,6
CGKJED,INT,75,0,OW,2025,4
CGKJED,INT,75,0,OW,2026,3
CGKJED,INT,76,0,OW,2025,7
CGKJED,INT,77,0,OW,2025,4
CGKJED,INT,77,0,OW,2026,10
CGKJED,INT,78,0,OW,2025,4
CGKJED,INT,79,0,OW,2026,5
CGKJED,INT,80,0,OW,2025,6
CGKJED,INT,80,0,OW,2026,3
CGKJED,INT,81,0,OW,2025,4
CGKJED,INT,81,0,OW,2026,2
CGKJED,INT,82,0,OW,2025,5
CGKJED,INT,82,0,OW,2026,4
CGKJED,INT,84,0,OW,2025,21
CGKJED,INT,85,0,OW,2026,17
CGKJED,INT,86,0,OW,2025,8
CGKJED,INT,86,0,OW,2026,5
CGKJED,INT,88,0,OW,2025,6
CGKJED,INT,88,0,OW,2026,3
CGKJED,INT,89,0,OW,2025,5
CGKJED,INT,89,0,OW,2026,8
CGKJED,INT,90,0,OW,2025,13
CGKJED,INT,90,0,OW,2026,3
CGKJED,INT,95,0,OW,2025,3
CGKJED,INT,95,0,OW,2026,1
CGKJED,INT,97,0,OW,2025,1
CGKJED,INT,98,0,OW,2025,3
CGKJED,INT,99,0,OW,2025,3
CGKJED,INT,99,0,OW,2026,2
CGKJED,INT,100,0,OW,2026,5
CGKJED,INT,103,0,OW,2026,4
CGKJED,INT,105,0,OW,2025,2
CGKJED,INT,107,0,OW,2025,1
CGKJED,INT,108,0,OW,2025,1
CGKJED,INT,109,0,OW,2026,1
CGKJED,INT,110,0,OW,2026,6
CGKJED,INT,111,0,OW,2025,1
CGKJED,INT,117,0,OW,2026,2
CGKJED,INT,118,0,OW,2026,1
CGKJED,INT,121,0,OW,2026,2
CGKJED,INT,122,0,OW,2025,4
CGKJED,INT,128,0,OW,2026,2
CGKJED,INT,133,0,OW,2025,1
CGKJED,INT,134,0,OW,2026,2
CGKJED,INT,137,0,OW,2025,1
CGKJED,INT,138,0,OW,2026,1
CGKJED,INT,142,0,OW,2025,7
CGKJED,INT,143,0,OW,2026,1
CGKJED,INT,144,0,OW,2026,2
CGKJED,INT,149,0,OW,2026,2
CGKJED,INT,156,0,OW,2025,2
CGKJED,INT,157,0,OW,2025,2
CGKJED,INT,159,0,OW,2025,2
CGKJED,INT,159,0,OW,2026,1
CGKJED,INT,160,0,OW,2025,1
CGKJED,INT,160,0,OW,2026,2
CGKJED,INT,163,0,OW,2025,4
CGKJED,INT,164,0,OW,2025,8
CGKJED,INT,165,0,OW,2025,2
CGKJED,INT,166,0,OW,2026,1
CGKJED,INT,169,0,OW,2025,6
CGKJED,INT,171,0,OW,2026,1
CGKJED,INT,179,0,OW,2025,1
CGKJED,INT,179,0,OW,2026,1
CGKJED,INT,180,0,OW,2025,1
CGKJED,INT,181,0,OW,2025,3
CGKJED,INT,182,0,OW,2025,3
CGKJED,INT,182,0,OW,2026,1
CGKJED,INT,183,0,OW,2026,4
CGKJED,INT,184,0,OW,2026,4
CGKJED,INT,186,0,OW,2025,5
CGKJED,INT,189,0,OW,2025,6
CGKJED,INT,191,0,OW,2026,2
CGKJED,INT,192,0,OW,2026,1
CGKJED,INT,193,0,OW,2026,3
CGKJED,INT,200,0,OW,2026,6
CGKJED,INT,202,0,OW,2026,2
CGKJED,INT,208,0,OW,2025,1
CGKJED,INT,208,0,OW,2026,5
CGKJED,INT,210,0,OW,2025,1
CGKJED,INT,213,0,OW,2025,4
CGKJEDCGK,INT,0,1,RT,2025,5
CGKJEDCGK,INT,0,1,RT,2026,6
CGKJEDCGK,INT,0,2,RT,2025,1
CGKJEDCGK,INT,0,2,RT,2026,5
CGKJEDCGK,INT,0,3,RT,2025,5
CGKJEDCGK,INT,0,3,RT,2026,4
CGKJEDCGK,INT,0,4,RT,2025,1
CGKJEDCGK,INT,0,5,RT,2025,4
CGKJEDCGK,INT,0,5,RT,2026,3
CGKJEDCGK,INT,0,6,RT,2025,3
CGKJEDCGK,INT,0,6,RT,2026,6
CGKJEDCGK,INT,0,7,RT,2025,1
CGKJEDCGK,INT,0,8,RT,2025,2
CGKJEDCGK,INT,0,10,RT,2025,3
CGKJEDCGK,INT,0,12,RT,2025,2
CGKJEDCGK,INT,0,12,RT,2026,1
CGKJEDCGK,INT,0,14,RT,2026,2
CGKJEDCGK,INT,0,25,RT,2026,3
CGKJEDCGK,INT,0,40,RT,2025,4
CGKJEDCGK,INT,1,1,RT,2025,10
CGKJEDCGK,INT,1,1,RT,2026,6
CGKJEDCGK,INT,1,2,RT,2025,5
CGKJEDCGK,INT,1,2,RT,2026,6
CGKJEDCGK,INT,1,3,RT,2025,2
CGKJEDCGK,INT,1,3,RT,2026,4
CGKJEDCGK,INT,1,4,RT,2025,9
CGKJEDCGK,INT,1,5,RT,2025,1
CGKJEDCGK,INT,1,5,RT,2026,1
CGKJEDCGK,INT,1,6,RT,2026,7
CGKJEDCGK,INT,1,7,RT,2025,10
CGKJEDCGK,INT,1,7,RT,2026,1
CGKJEDCGK,INT,1,10,RT,2025,4
CGKJEDCGK,INT,1,10,RT,2026,2
CGKJEDCGK,INT,1,14,RT,2026,9
CGKJEDCGK,INT,1,18,RT,2025,1
CGKJEDCGK,INT,1,18,RT,2026,5
CGKJEDCGK,INT,1,25,RT,2025,8
CGKJEDCGK,INT,1,40,RT,2026,7
CGKJEDCGK,INT,2,1,RT,2025,2
CGKJEDCGK,INT,2,1,RT,2026,4
CGKJEDCGK,INT,2,3,RT,2026,8
CGKJEDCGK,INT,2,4,RT,2026,4
CGKJEDCGK,INT,2,6,RT,2025,6
CGKJEDCGK,INT,2,6,RT,2026,2
CGKJEDCGK,INT,2,7,RT,2025,6
CGKJEDCGK,INT,2,7,RT,2026,3
CGKJEDCGK,INT,2,10,RT,2025,6
CGKJEDCGK,INT,2,14,RT,2025,2
CGKJEDCGK,INT,2,14,RT,2026,1
CGKJEDCGK,INT,2,18,RT,2026,2
CGKJEDCGK,INT,2,25,RT,2025,1
CGKJEDCGK,INT,2,40,RT,2025,4
CGKJEDCGK,INT,2,40,RT,2026,2
CGKJEDCGK,INT,3,1,RT,2025,7
CGKJEDCGK,INT,3,1,RT,2026,7
CGKJEDCGK,INT,3,2,RT,2025,3
CGKJEDCGK,INT,3,2,RT,2026,6
CGKJEDCGK,INT,3,3,RT,2026,8
CGKJEDCGK,INT,3,4,RT,2025,5
CGKJEDCGK,INT,3,5,RT,2025,7
CGKJEDCGK,INT,3,6,RT,2025,2
CGKJEDCGK,INT,3,6,RT,2026,2
CGKJEDCGK,INT,3,7,RT,2025,6
CGKJEDCGK,INT,3,8,RT,2025,1
CGKJEDCGK,INT,3,8,RT,2026,4
CGKJEDCGK,INT,3,10,RT,2025,5
CGKJEDCGK,INT,3,10,RT,2026,6
CGKJEDCGK,INT,3,12,RT,2025,3
CGKJEDCGK,INT,3,12,RT,2026,5
CGKJEDCGK,INT,3,14,RT,2025,2
CGKJEDCGK,INT,3,18,RT,2026,1
CGKJEDCGK,INT,3,25,RT,2025,2
CGKJEDCGK,INT,3,40,RT,2025,1
CGKJEDCGK,INT,3,40,RT,2026,5
CGKJEDCGK,INT,4,1,RT,2025,5
CGKJEDCGK,INT,4,1,RT,2026,2
CGKJEDCGK,INT,4,2,RT,2025,3
CGKJEDCGK,INT,4,3,RT,2025,12
CGKJEDCGK,INT,4,3,RT,2026,9
CGKJEDCGK,INT,4,4,RT,2026,6
CGKJEDCGK,INT,4,5,RT,2026,5
CGKJEDCGK,INT,4,6,RT,2025,2
CGKJEDCGK,INT,4,6,RT,2026,6
CGKJEDCGK,INT,4,7,RT,2025,4
CGKJEDCGK,INT,4,7,RT,2026,7
CGKJEDCGK,INT,4,8,RT,2025,6
CGKJEDCGK,INT,4,8,RT,2026,5
CGKJEDCGK,INT,4,10,RT,2026,2
CGKJEDCGK,INT,4,12,RT,2025,1
CGKJEDCGK,INT,4,14,RT,2026,4
CGKJEDCGK,INT,4,18,RT,2025,4
CGKJEDCGK,INT,4,25,RT,2026,2
CGKJEDCGK,INT,5,1,RT,2025,2
CGKJEDCGK,INT,5,1,RT,2026,1
CGKJEDCGK,INT,5,2,RT,2026,2
CGKJEDCGK,INT,5,3,RT,2025,5
CGKJEDCGK,INT,5,3,RT,2026,8
CGKJEDCGK,INT,5,4,RT,2026,2
CGKJEDCGK,INT,5,5,RT,2025,1
CGKJEDCGK,INT,5,6,RT,2025,5
CGKJEDCGK,INT,5,6,RT,2026,3
CGKJEDCGK,INT,5,7,RT,2026,1
CGKJEDCGK,INT,5,8,RT,2025,4
CGKJEDCGK,INT,5,10,RT,2025,1
CGKJEDCGK,INT,5,10,RT,2026,3
CGKJEDCGK,INT,5,12,RT,2025,1
CGKJEDCGK,INT,5,12,RT,2026,2
CGKJEDCGK,INT,5,14,RT,2026,1
CGKJEDCGK,INT,5,18,RT,2025,1
CGKJEDCGK,INT,5,25,RT,2026,4
CGKJEDCGK,INT,5,40,RT,2025,2
CGKJEDCGK,INT,6,1,RT,2026,6
CGKJEDCGK,INT,6,2,RT,2025,7
CGKJEDCGK,INT,6,2,RT,2026,3
CGKJEDCGK,INT,6,3,RT,2025,2
CGKJEDCGK,INT,6,4,RT,2025,1
CGKJEDCGK,INT,6,4,RT,2026,4
CGKJEDCGK,INT,6,5,RT,2025,1
CGKJEDCGK,INT,6,5,RT,2026,9
CGKJEDCGK,INT,6,6,RT,2025,3
CGKJEDCGK,INT,6,6,RT,2026,1
CGKJEDCGK,INT,6,8,RT,2025,4
CGKJEDCGK,INT,6,8,RT,2026,3
CGKJEDCGK,INT,6,10,RT,2025,3
CGKJEDCGK,INT,6,10,RT,2026,1
CGKJEDCGK,INT,6,12,RT,2025,8
CGKJEDCGK,INT,6,12,RT,2026,1
CGKJEDCGK,INT,6,14,RT,2025,1
CGKJEDCGK,INT,6,14,RT,2026,1
CGKJEDCGK,INT,6,18,RT,2025,4
CGKJEDCGK,INT,6,40,RT,2025,2
CGKJEDCGK,INT,6,40,RT,2026,3
CGKJEDCGK,INT,7,1,RT,2025,10
CGKJEDCGK,INT,7,1,RT,2026,1
CGKJEDCGK,INT,7,2,RT,2025,2
CGKJEDCGK,INT,7,2,RT,2026,17
CGKJEDCGK,INT,7,3,RT,2025,3
CGKJEDCGK,INT,7,4,RT,2025,1
CGKJEDCGK,INT,7,5,RT,2025,8
CGKJEDCGK,INT,7,5,RT,2026,2
CGKJEDCGK,INT,7,6,RT,2025,2
CGKJEDCGK,INT,7,6,RT,2026,6
CGKJEDCGK,INT,7,7,RT,2026,4
CGKJEDCGK,INT,7,8,RT,2026,12
CGKJEDCGK,INT,7,10,RT,2025,1
CGKJEDCGK,INT,7,10,RT,2026,4
CGKJEDCGK,INT,7,12,RT,2025,12
CGKJEDCGK,INT,7,12,RT,2026,1
CGKJEDCGK,INT,7,14,RT,2026,1
CGKJEDCGK,INT,7,18,RT,2025,6
CGKJEDCGK,INT,7,18,RT,2026,4
CGKJEDCGK,INT,7,25,RT,2025,9
CGKJEDCGK,INT,7,25,RT,2026,2
CGKJEDCGK,INT,7,40,RT,2025,2
CGKJEDCGK,INT,7,40,RT,2026,1
CGKJEDCGK,INT,8,1,RT,2025,7
CGKJEDCGK,INT,8,1,RT,2026,2
CGKJEDCGK,INT,8,3,RT,2025,3
CGKJEDCGK,INT,8,3,RT,2026,5
CGKJEDCGK,INT,8,4,RT,2026,2
CGKJEDCGK,INT,8,5,RT,2025,4
CGKJEDCGK,INT,8,6,RT,2026,8
CGKJEDCGK,INT,8,7,RT,2025,3
CGKJEDCGK,INT,8,7,RT,2026,8
CGKJEDCGK,INT,8,12,RT,2025,2
CGKJEDCGK,INT,8,14,RT,2026,1
CGKJEDCGK,INT,8,25,RT,2025,1
CGKJEDCGK,INT,9,1,RT,2026,1
CGKJEDCGK,INT,9,2,RT,2026,4
CGKJEDCGK,INT,9,3,RT,2026,2
CGKJEDCGK,INT,9,4,RT,2025,9
CGKJEDCGK,INT,9,4,RT,2026,3
CGKJEDCGK,INT,9,8,RT,2025,6
CGKJEDCGK,INT,9,8,RT,2026,1
CGKJEDCGK,INT,9,12,RT,2025,5
CGKJEDCGK,INT,9,25,RT,2026,3
CGKJEDCGK,INT,9,40,RT,2025,4
CGKJEDCGK,INT,10,1,RT,2025,4
CGKJEDCGK,INT,10,1,RT,2026,2
CGKJEDCGK,INT,10,3,RT,2025,6
CGKJEDCGK,INT,10,3,RT,2026,3
CGKJEDCGK,INT,10,5,RT,2025,4
CGKJEDCGK,INT,10,5,RT,2026,6
CGKJEDCGK,INT,10,6,RT,2025,2
CGKJEDCGK,INT,10,6,RT,2026,1
CGKJEDCGK,INT,10,7,RT,2026,1
CGKJEDCGK,INT,10,8,RT,2025,5
CGKJEDCGK,INT,10,8,RT,2026,2
CGKJEDCGK,INT,10,10,RT,2025,3
CGKJEDCGK,INT,10,12,RT,2025,2
CGKJEDCGK,INT,10,14,RT,2025,7
CGKJEDCGK,INT,10,14,RT,2026,1
CGKJEDCGK,INT,10,18,RT,2025,3
CGKJEDCGK,INT,10,25,RT,2026,2
CGKJEDCGK,INT,10,40,RT,2026,4
CGKJEDCGK,INT,11,1,RT,2026,5
CGKJEDCGK,INT,11,2,RT,2026,1
CGKJEDCGK,INT,11,3,RT,2026,2
CGKJEDCGK,INT,11,4,RT,2026,1
CGKJEDCGK,INT,11,7,RT,2025,5
CGKJEDCGK,INT,11,8,RT,2025,1
CGKJEDCGK,INT,11,10,RT,2025,2
CGKJEDCGK,INT,11,18,RT,2025,4
CGKJEDCGK,INT,11,25,RT,2026,7
CGKJEDCGK,INT,12,1,RT,2025,2
CGKJEDCGK,INT,12,2,RT,2025,1
CGKJEDCGK,INT,12,2,RT,2026,6
CGKJEDCGK,INT,12,3,RT,2025,6
CGKJEDCGK,INT,12,4,RT,2026,2
CGKJEDCGK,INT,12,5,RT,2025,4
CGKJEDCGK,INT,12,8,RT,2025,5
CGKJEDCGK,INT,12,10,RT,2026,5
CGKJEDCGK,INT,12,14,RT,2026,1
CGKJEDCGK,INT,12,18,RT,2025,2
CGKJEDCGK,INT,12,18,RT,2026,3
CGKJEDCGK,INT,12,40,RT,2025,4
CGKJEDCGK,INT,13,3,RT,2026,1
CGKJEDCGK,INT,13,4,RT,2026,2
CGKJEDCGK,INT,13,5,RT,2025,2
CGKJEDCGK,INT,13,6,RT,2025,9
CGKJEDCGK,INT,13,6,RT,2026,2
CGKJEDCGK,INT,13,8,RT,2026,2
CGKJEDCGK,INT,13,12,RT,2025,1
CGKJEDCGK,INT,13,18,RT,2026,1
CGKJEDCGK,INT,13,25,RT,2025,5
CGKJEDCGK,INT,13,40,RT,2025,2
CGKJEDCGK,INT,14,1,RT,2026,6
CGKJEDCGK,INT,14,2,RT,2026,6
CGKJEDCGK,INT,14,3,RT,2025,1
CGKJEDCGK,INT,14,5,RT,2025,4
CGKJEDCGK,INT,14,6,RT,2025,4
CGKJEDCGK,INT,14,10,RT,2025,1
CGKJEDCGK,INT,14,14,RT,2026,1
CGKJEDCGK,INT,14,40,RT,2026,1
CGKJEDCGK,INT,15,1,RT,2025,2
CGKJEDCGK,INT,15,1,RT,2026,1
CGKJEDCGK,INT,15,2,RT,2025,11
CGKJEDCGK,INT,15,3,RT,2025,7
CGKJEDCGK,INT,15,4,RT,2025,2
CGKJEDCGK,INT,15,6,RT,2025,2
CGKJEDCGK,INT,15,7,RT,2025,1
CGKJEDCGK,INT,15,8,RT,2025,1
CGKJEDCGK,INT,15,8,RT,2026,8
CGKJEDCGK,INT,15,14,RT,2025,3
CGKJEDCGK,INT,15,25,RT,2026,4
CGKJEDCGK,INT,16,1,RT,2025,1
CGKJEDCGK,INT,16,1,RT,2026,7
CGKJEDCGK,INT,16,2,RT,2025,4
CGKJEDCGK,INT,16,2,RT,2026,6
CGKJEDCGK,INT,16,3,RT,2025,2
CGKJEDCGK,INT,16,5,RT,2025,1
CGKJEDCGK,INT,16,5,RT,2026,4
CGKJEDCGK,INT,16,7,RT,2025,2
CGKJEDCGK,INT,16,7,RT,2026,4
CGKJEDCGK,INT,16,10,RT,2025,1
CGKJEDCGK,INT,16,12,RT,2025,2
CGKJEDCGK,INT,16,12,RT,2026,1
CGKJEDCGK,INT,16,14,RT,2025,4
CGKJEDCGK,INT,16,18,RT,2026,2
CGKJEDCGK,INT,16,40,RT,2025,3
CGKJEDCGK,INT,16,40,RT,2026,1
CGKJEDCGK,INT,17,1,RT,2025,8
CGKJEDCGK,INT,17,1,RT,2026,7
CGKJEDCGK,INT,17,2,RT,2025,1
CGKJEDCGK,INT,17,2,RT,2026,2
CGKJEDCGK,INT,17,3,RT,2026,1
CGKJEDCGK,INT,17,4,RT,2025,4
CGKJEDCGK,INT,17,7,RT,2025,3
CGKJEDCGK,INT,17,7,RT,2026,1
CGKJEDCGK,INT,17,8,RT,2025,1
CGKJEDCGK,INT,17,8,RT,2026,1
CGKJEDCGK,INT,17,10,RT,2025,3
CGKJEDCGK,INT,17,12,RT,2025,1
CGKJEDCGK,INT,17,14,RT,2026,2
CGKJEDCGK,INT,17,25,RT,2025,4
CGKJEDCGK,INT,17,25,RT,2026,1
CGKJEDCGK,INT,17,40,RT,2025,3
CGKJEDCGK,INT,17,40,RT,2026,3
CGKJEDCGK,INT,18,1,RT,2025,4
CGKJEDCGK,INT,18,2,RT,2025,1
CGKJEDCGK,INT,18,4,RT,2026,4
CGKJEDCGK,INT,18,6,RT,2025,2
CGKJEDCGK,INT,18,6,RT,2026,5
CGKJEDCGK,INT,18,7,RT,2026,2
CGKJEDCGK,INT,18,25,RT,2025,4
CGKJEDCGK,INT,18,40,RT,2026,3
CGKJEDCGK,INT,19,1,RT,2025,14
CGKJEDCGK,INT,19,1,RT,2026,1
CGKJEDCGK,INT,19,2,RT,2026,5
CGKJEDCGK,INT,19,3,RT,2025,1
CGKJEDCGK,INT,19,3,RT,2026,1
CGKJEDCGK,INT,19,5,RT,2025,2
CGKJEDCGK,INT,19,5,RT,2026,1
CGKJEDCGK,INT,19,7,RT,2026,4
CGKJEDCGK,INT,19,8,RT,2025,1
CGKJEDCGK,INT,19,14,RT,2025,1
CGKJEDCGK,INT,19,14,RT,2026,2
CGKJEDCGK,INT,19,25,RT,2025,3
CGKJEDCGK,INT,19,40,RT,2026,2
CGKJEDCGK,INT,20,1,RT,2025,5
CGKJEDCGK,INT,20,2,RT,2025,3
CGKJEDCGK,INT,20,2,RT,2026,2
CGKJEDCGK,INT,20,3,RT,2026,2
CGKJEDCGK,INT,20,4,RT,2025,3
CGKJEDCGK,INT,20,5,RT,2026,2
CGKJEDCGK,INT,20,7,RT,2025,4
CGKJEDCGK,INT,20,10,RT,2026,4
CGKJEDCGK,INT,20,12,RT,2026,3
CGKJEDCGK,INT,20,18,RT,2026,1
CGKJEDCGK,INT,20,40,RT,2025,6
CGKJEDCGK,INT,20,40,RT,2026,1
CGKJEDCGK,INT,21,1,RT,2026,5
CGKJEDCGK,INT,21,3,RT,2025,12
CGKJEDCGK,INT,21,4,RT,2025,7
CGKJEDCGK,INT,21,5,RT,2025,1
CGKJEDCGK,INT,21,7,RT,2026,4
CGKJEDCGK,INT,21,12,RT,2026,6
CGKJEDCGK,INT,21,14,RT,2026,2
CGKJEDCGK,INT,21,40,RT,2026,2
CGKJEDCGK,INT,22,1,RT,2025,3
CGKJEDCGK,INT,22,1,RT,2026,2
CGKJEDCGK,INT,22,2,RT,2025,1
CGKJEDCGK,INT,22,3,RT,2025,3
CGKJEDCGK,INT,22,4,RT,2026,4
CGKJEDCGK,INT,22,6,RT,2025,1
CGKJEDCGK,INT,22,7,RT,2026,5
CGKJEDCGK,INT,22,10,RT,2026,3
CGKJEDCGK,INT,22,12,RT,2026,1
CGKJEDCGK,INT,22,14,RT,2025,1
CGKJEDCGK,INT,22,14,RT,2026,2
CGKJEDCGK,INT,22,40,RT,2026,6
CGKJEDCGK,INT,23,1,RT,2025,3
CGKJEDCGK,INT,23,1,RT,2026,7
CGKJEDCGK,INT,23,2,RT,2025,4
CGKJEDCGK,INT,23,3,RT,2025,6
CGKJEDCGK,INT,23,3,RT,2026,2
CGKJEDCGK,INT,23,4,RT,2026,1
CGKJEDCGK,INT,23,6,RT,2025,3
CGKJEDCGK,INT,23,6,RT,2026,1
CGKJEDCGK,INT,23,7,RT,2025,4
CGKJEDCGK,INT,23,8,RT,2025,1
CGKJEDCGK,INT,23,10,RT,2026,4
CGKJEDCGK,INT,23,12,RT,2025,1
CGKJEDCGK,INT,24,1,RT,2025,1
CGKJEDCGK,INT,24,2,RT,2026,3
CGKJEDCGK,INT,24,3,RT,2025,2
CGKJEDCGK,INT,24,3,RT,2026,4
CGKJEDCGK,INT,24,7,RT,2025,6
CGKJEDCGK,INT,24,7,RT,2026,4
CGKJEDCGK,INT,24,8,RT,2025,3
CGKJEDCGK,INT,24,8,RT,2026,1
CGKJEDCGK,INT,24,10,RT,2025,5
CGKJEDCGK,INT,24,25,RT,2025,4
CGKJEDCGK,INT,24,25,RT,2026,4
CGKJEDCGK,INT,24,40,RT,2026,1
CGKJEDCGK,INT,25,2,RT,2025,3
CGKJEDCGK,INT,25,2,RT,2026,2
CGKJEDCGK,INT,25,3,RT,2025,2
CGKJEDCGK,INT,25,5,RT,2025,1
CGKJEDCGK,INT,25,10,RT,2026,1
CGKJEDCGK,INT,25,12,RT,2026,3
CGKJEDCGK,INT,26,1,RT,2025,5
CGKJEDCGK,INT,26,2,RT,2025,5
CGKJEDCGK,INT,26,2,RT,2026,4
CGKJEDCGK,INT,26,10,RT,2025,2
CGKJEDCGK,INT,26,10,RT,2026,2
CGKJEDCGK,INT,26,12,RT,2025,8
CGKJEDCGK,INT,26,18,RT,2026,5
CGKJEDCGK,INT,26,25,RT,2026,6
CGKJEDCGK,INT,27,1,RT,2025,1
CGKJEDCGK,INT,27,1,RT,2026,13
CGKJEDCGK,INT,27,2,RT,2025,2
CGKJEDCGK,INT,27,3,RT,2026,11
CGKJEDCGK,INT,27,5,RT,2026,3
CGKJEDCGK,INT,27,6,RT,2026,1
CGKJEDCGK,INT,27,7,RT,2025,4
CGKJEDCGK,INT,27,10,RT,2026,8
CGKJEDCGK,INT,27,12,RT,2026,2
CGKJEDCGK,INT,27,14,RT,2025,5
CGKJEDCGK,INT,27,14,RT,2026,2
CGKJEDCGK,INT,27,18,RT,2025,4
CGKJEDCGK,INT,28,1,RT,2025,4
CGKJEDCGK,INT,28,2,RT,2026,1
CGKJEDCGK,INT,28,3,RT,2025,1
CGKJEDCGK,INT,28,4,RT,2025,3
CGKJEDCGK,INT,28,4,RT,2026,4
CGKJEDCGK,INT,28,7,RT,2025,3
CGKJEDCGK,INT,28,8,RT,2026,4
CGKJEDCGK,INT,28,18,RT,2026,1
CGKJEDCGK,INT,28,40,RT,2025,3
CGKJEDCGK,INT,28,40,RT,2026,1
CGKJEDCGK,INT,29,1,RT,2025,4
CGKJEDCGK,INT,29,1,RT,2026,2
CGKJEDCGK,INT,29,2,RT,2025,6
CGKJEDCGK,INT,29,2,RT,2026,7
CGKJEDCGK,INT,29,3,RT,2026,5
CGKJEDCGK,INT,29,4,RT,2026,5
CGKJEDCGK,INT,29,5,RT,2026,5
CGKJEDCGK,INT,29,6,RT,2025,1
CGKJEDCGK,INT,29,7,RT,2025,4
CGKJEDCGK,INT,29,12,RT,2026,1
CGKJEDCGK,INT,29,40,RT,2025,3
CGKJEDCGK,INT,30,2,RT,2025,3
CGKJEDCGK,INT,30,2,RT,2026,4
CGKJEDCGK,INT,30,3,RT,2025,1
CGKJEDCGK,INT,30,3,RT,2026,2
CGKJEDCGK,INT,30,7,RT,2025,1
CGKJEDCGK,INT,30,7,RT,2026,2
CGKJEDCGK,INT,30,8,RT,2026,1
CGKJEDCGK,INT,30,10,RT,2025,5
CGKJEDCGK,INT,30,12,RT,2025,1
CGKJEDCGK,INT,30,18,RT,2025,1
CGKJEDCGK,INT,30,40,RT,2026,2
CGKJEDCGK,INT,31,8,RT,2026,1
CGKJEDCGK,INT,32,1,RT,2026,3
CGKJEDCGK,INT,32,5,RT,2026,1
CGKJEDCGK,INT,32,40,RT,2025,1
CGKJEDCGK,INT,33,5,RT,2025,3
CGKJEDCGK,INT,33,8,RT,2025,4
CGKJEDCGK,INT,33,18,RT,2025,1
CGKJEDCGK,INT,34,1,RT,2025,1
CGKJEDCGK,INT,34,2,RT,2026,3
CGKJEDCGK,INT,34,40,RT,2026,4
CGKJEDCGK,INT,35,1,RT,2025,3
CGKJEDCGK,INT,35,3,RT,2025,1
CGKJEDCGK,INT,35,3,RT,2026,5
CGKJEDCGK,INT,35,5,RT,2025,2
CGKJEDCGK,INT,35,40,RT,2026,1
CGKJEDCGK,INT,36,3,RT,2026,1
CGKJEDCGK,INT,37,6,RT,2025,1
CGKJEDCGK,INT,37,25,RT,2026,2
CGKJEDCGK,INT,38,1,RT,2025,1
CGKJEDCGK,INT,38,1,RT,2026,1
CGKJEDCGK,INT,38,5,RT,2025,2
CGKJEDCGK,INT,38,7,RT,2026,6
CGKJEDCGK,INT,38,40,RT,2025,1
CGKJEDCGK,INT,39,1,RT,2025,1
CGKJEDCGK,INT,39,2,RT,2025,2
CGKJEDCGK,INT,39,10,RT,2025,2
CGKJEDCGK,INT,40,2,RT,2025,1
CGKJEDCGK,INT,40,5,RT,2025,6
CGKJEDCGK,INT,40,8,RT,2025,1
CGKJEDCGK,INT,40,12,RT,2026,4
CGKJEDCGK,INT,40,18,RT,2025,6
CGKJEDCGK,INT,40,18,RT,2026,1
CGKJEDCGK,INT,40,40,RT,2026,4
CGKJEDCGK,INT,41,2,RT,2026,4
CGKJEDCGK,INT,41,3,RT,2026,4
CGKJEDCGK,INT,41,5,RT,2025,3
CGKJEDCGK,INT,41,14,RT,2026,1
CGKJEDCGK,INT,42,25,RT,2025,1
CGKJEDCGK,INT,43,3,RT,2026,6
CGKJEDCGK,INT,44,2,RT,2025,2
CGKJEDCGK,INT,44,7,RT,2026,2
CGKJEDCGK,INT,44,10,RT,2026,2
CGKJEDCGK,INT,45,1,RT,2026,1
CGKJEDCGK,INT,45,2,RT,2026,2
CGKJEDCGK,INT,45,3,RT,2026,4
CGKJEDCGK,INT,45,8,RT,2026,3
CGKJEDCGK,INT,45,25,RT,2026,5
CGKJEDCGK,INT,46,3,RT,2025,6
CGKJEDCGK,INT,46,40,RT,2025,1
CGKJEDCGK,INT,47,5,RT,2025,1
CGKJEDCGK,INT,47,5,RT,2026,3
CGKJEDCGK,INT,48,1,RT,2026,1
CGKJEDCGK,INT,48,7,RT,2025,4
CGKJEDCGK,INT,48,8,RT,2025,3
CGKJEDCGK,INT,49,8,RT,2026,1
CGKJEDCGK,INT,50,2,RT,2025,6
CGKJEDCGK,INT,51,7,RT,2025,2
CGKJEDCGK,INT,51,18,RT,2026,2
CGKJEDCGK,INT,52,3,RT,2025,1
CGKJEDCGK,INT,52,10,RT,2025,1
CGKJEDCGK,INT,53,2,RT,2025,1
CGKJEDCGK,INT,53,3,RT,2025,4
CGKJEDCGK,INT,53,7,RT,2026,1
CGKJEDCGK,INT,53,10,RT,2025,1
CGKJEDCGK,INT,53,12,RT,2025,2
CGKJEDCGK,INT,53,14,RT,2026,4
CGKJEDCGK,INT,55,5,RT,2025,4
CGKJEDCGK,INT,55,8,RT,2025,4
CGKJEDCGK,INT,56,4,RT,2026,1
CGKJEDCGK,INT,57,3,RT,2026,1
CGKJEDCGK,INT,57,5,RT,2026,2
CGKJEDCGK,INT,57,8,RT,2026,2
CGKJEDCGK,INT,58,7,RT,2025,1
CGKJEDCGK,INT,59,2,RT,2025,4
CGKJEDCGK,INT,59,6,RT,2025,2
CGKJEDCGK,INT,59,7,RT,2026,2
CGKJEDCGK,INT,60,2,RT,2025,2
CGKJEDCGK,INT,60,2,RT,2026,5
CGKJEDCGK,INT,60,3,RT,2026,1
CGKJEDCGK,INT,60,5,RT,2026,5
CGKJEDCGK,INT,60,10,RT,2025,1
CGKJEDCGK,INT,60,10,RT,2026,6
CGKJEDCGK,INT,60,18,RT,2026,6
CGKJEDCGK,INT,60,25,RT,2026,2
CGKJEDCGK,INT,61,1,RT,2025,3
CGKJEDCGK,INT,61,1,RT,2026,7
CGKJEDCGK,INT,61,4,RT,2025,3
CGKJEDCGK,INT,62,1,RT,2025,3
CGKJEDCGK,INT,62,2,RT,2025,1
CGKJEDCGK,INT,62,3,RT,2025,5
CGKJEDCGK,INT,62,6,RT,2025,4
CGKJEDCGK,INT,62,7,RT,2025,2
CGKJEDCGK,INT,62,14,RT,2026,3
CGKJEDCGK,INT,63,5,RT,2026,2
CGKJEDCGK,INT,64,3,RT,2025,2
CGKJEDCGK,INT,64,12,RT,2026,1
CGKJEDCGK,INT,64,14,RT,2026,2
CGKJEDCGK,INT,65,10,RT,2026,1
CGKJEDCGK,INT,65,14,RT,2025,4
CGKJEDCGK,INT,65,25,RT,2025,3
CGKJEDCGK,INT,66,14,RT,2026,1
CGKJEDCGK,INT,66,40,RT,2026,2
CGKJEDCGK,INT,67,3,RT,2025,2
CGKJEDCGK,INT,67,5,RT,2025,2
CGKJEDCGK,INT,67,10,RT,2025,6
CGKJEDCGK,INT,68,10,RT,2025,1
CGKJEDCGK,INT,68,10,RT,2026,2
CGKJEDCGK,INT,69,1,RT,2025,3
CGKJEDCGK,INT,69,1,RT,2026,6
CGKJEDCGK,INT,69,3,RT,2026,3
CGKJEDCGK,INT,69,6,RT,2025,4
CGKJEDCGK,INT,70,7,RT,2025,6
CGKJEDCGK,INT,70,8,RT,2026,1
CGKJEDCGK,INT,70,40,RT,2025,1
CGKJEDCGK,INT,71,3,RT,2026,1
CGKJEDCGK,INT,71,8,RT,2026,2
CGKJEDCGK,INT,71,14,RT,2025,3
CGKJEDCGK,INT,72,1,RT,2025,1
CGKJEDCGK,INT,72,1,RT,2026,3
CGKJEDCGK,INT,72,5,RT,2025,2
CGKJEDCGK,INT,72,6,RT,2025,4
CGKJEDCGK,INT,72,12,RT,2025,1
CGKJEDCGK,INT,72,18,RT,2026,3
CGKJEDCGK,INT,72,40,RT,2026,4
CGKJEDCGK,INT,73,40,RT,2026,5
CGKJEDCGK,INT,74,2,RT,2025,1
CGKJEDCGK,INT,74,2,RT,2026,3
CGKJEDCGK,INT,74,4,RT,2025,5
CGKJEDCGK,INT,75,1,RT,2026,2
CGKJEDCGK,INT,75,3,RT,2026,2
CGKJEDCGK,INT,75,14,RT,2026,4
CGKJEDCGK,INT,76,1,RT,2026,4
CGKJEDCGK,INT,76,3,RT,2025,1
CGKJEDCGK,INT,76,8,RT,2025,1
CGKJEDCGK,INT,77,2,RT,2026,1
CGKJEDCGK,INT,77,5,RT,2025,1
CGKJEDCGK,INT,77,8,RT,2026,1
CGKJEDCGK,INT,77,10,RT,2025,1
CGKJEDCGK,INT,77,10,RT,2026,2
CGKJEDCGK,INT,78,2,RT,2026,2
CGKJEDCGK,INT,78,3,RT,2025,1
CGKJEDCGK,INT,78,4,RT,2025,5
CGKJEDCGK,INT,78,6,RT,2026,2
CGKJEDCGK,INT,78,12,RT,2025,1
CGKJEDCGK,INT,79,4,RT,2025,1
CGKJEDCGK,INT,79,25,RT,2026,5
CGKJEDCGK,INT,80,12,RT,2025,3
CGKJEDCGK,INT,80,25,RT,2025,5
CGKJEDCGK,INT,81,2,RT,2025,5
CGKJEDCGK,INT,81,7,RT,2026,3
CGKJEDCGK,INT,81,12,RT,2025,1
CGKJEDCGK,INT,82,2,RT,2026,9
CGKJEDCGK,INT,82,8,RT,2026,2
CGKJEDCGK,INT,82,14,RT,2026,1
CGKJEDCGK,INT,82,25,RT,2026,1
CGKJEDCGK,INT,83,1,RT,2026,1
CGKJEDCGK,INT,84,1,RT,2025,1
CGKJEDCGK,INT,84,1,RT,2026,6
CGKJEDCGK,INT,84,5,RT,2026,1
CGKJEDCGK,INT,84,6,RT,2025,5
CGKJEDCGK,INT,85,7,RT,2026,6
CGKJEDCGK,INT,85,14,RT,2025,6
CGKJEDCGK,INT,86,3,RT,2025,3
CGKJEDCGK,INT,86,5,RT,2026,2
CGKJEDCGK,INT,87,1,RT,2026,2
CGKJEDCGK,INT,87,3,RT,2025,2
CGKJEDCGK,INT,87,4,RT,2025,3
CGKJEDCGK,INT,87,5,RT,2025,2
CGKJEDCGK,INT,87,6,RT,2025,2
CGKJEDCGK,INT,87,7,RT,2025,3
CGKJEDCGK,INT,87,7,RT,2026,1
CGKJEDCGK,INT,87,10,RT,2026,2
CGKJEDCGK,INT,87,18,RT,2026,4
CGKJEDCGK,INT,88,6,RT,2025,1
CGKJEDCGK,INT,88,8,RT,2026,6
CGKJEDCGK,INT,88,18,RT,2025,6
CGKJEDCGK,INT,88,18,RT,2026,1
CGKJEDCGK,INT,88,25,RT,2025,1
CGKJEDCGK,INT,88,40,RT,2025,3
CGKJEDCGK,INT,89,3,RT,2025,3
CGKJEDCGK,INT,89,3,RT,2026,2
CGKJEDCGK,INT,89,5,RT,2025,1
CGKJEDCGK,INT,89,7,RT,2025,6
CGKJEDCGK,INT,90,2,RT,2025,1
CGKJEDCGK,INT,90,8,RT,2026,5
CGKJEDCGK,INT,90,40,RT,2025,1
CGKJEDCGK,INT,92,2,RT,2026,6
CGKJEDCGK,INT,92,12,RT,2026,1
CGKJEDCGK,INT,92,25,RT,2026,1
CGKJEDCGK,INT,94,2,RT,2025,3
CGKJEDCGK,INT,95,2,RT,2025,1
CGKJEDCGK,INT,95,8,RT,2025,3
CGKJEDCGK,INT,95,40,RT,2025,1
CGKJEDCGK,INT,99,3,RT,2025,3
CGKJEDCGK,INT,101,1,RT,2025,3
CGKJEDCGK,INT,101,1,RT,2026,1
CGKJEDCGK,INT,101,12,RT,2026,2
CGKJEDCGK,INT,101,14,RT,2026,1
CGKJEDCGK,INT,103,12,RT,2026,2
CGKJEDCGK,INT,107,1,RT,2025,6
CGKJEDCGK,INT,108,2,RT,2025,3
CGKJEDCGK,INT,108,7,RT,2026,6
CGKJEDCGK,INT,108,25,RT,2026,1
CGKJEDCGK,INT,109,3,RT,2025,1
CGKJEDCGK,INT,109,4,RT,2025,4
CGKJEDCGK,INT,110,3,RT,2025,3
CGKJEDCGK,INT,111,2,RT,2026,1
CGKJEDCGK,INT,114,3,RT,2025,2
CGKJEDCGK,INT,114,7,RT,2026,3
CGKJEDCGK,INT,114,14,RT,2025,3
CGKJEDCGK,INT,115,2,RT,2025,2
CGKJEDCGK,INT,115,14,RT,2025,1
CGKJEDCGK,INT,119,6,RT,2025,1
CGKJEDCGK,INT,119,40,RT,2026,1
CGKJEDCGK,INT,122,2,RT,2026,6
CGKJEDCGK,INT,122,40,RT,2025,3
CGKJEDCGK,INT,123,1,RT,2026,1
CGKJEDCGK,INT,123,2,RT,2025,1
CGKJEDCGK,INT,123,3,RT,2025,2
CGKJEDCGK,INT,125,12,RT,2025,4
CGKJEDCGK,INT,136,5,RT,2026,3
CGKJEDCGK,INT,137,1,RT,2026,3
CGKJEDCGK,INT,140,14,RT,2026,5
CGKJEDCGK,INT,142,10,RT,2026,1
CGKJEDCGK,INT,143,3,RT,2026,2
CGKJEDCGK,INT,144,1,RT,2025,2
CGKJEDCGK,INT,144,12,RT,2025,2
CGKJEDCGK,INT,145,2,RT,2026,2
CGKJEDCGK,INT,145,18,RT,2026,6
CGKJEDCGK,INT,146,2,RT,2025,3
CGKJEDCGK,INT,146,5,RT,2025,1
CGKJEDCGK,INT,148,7,RT,2025,2
CGKJEDCGK,INT,149,4,RT,2025,1
CGKJEDCGK,INT,154,6,RT,2026,2
CGKJEDCGK,INT,155,4,RT,2025,1
CGKJEDCGK,INT,158,5,RT,2025,2
CGKJEDCGK,INT,159,3,RT,2026,2
CGKJEDCGK,INT,159,10,RT,2025,2
CGKJEDCGK,INT,160,12,RT,2026,1
CGKJEDCGK,INT,161,18,RT,2025,1
CGKJEDCGK,INT,163,12,RT,2025,2
CGKJEDCGK,INT,163,25,RT,2026,1
CGKJEDCGK,INT,164,2,RT,2026,2
CGKJEDCGK,INT,165,10,RT,2025,6
CGKJEDCGK,INT,165,18,RT,2025,1
CGKJEDCGK,INT,169,4,RT,2025,1
CGKJEDCGK,INT,174,1,RT,2025,5
CGKJEDCGK,INT,174,10,RT,2025,1
CGKJEDCGK,INT,175,1,RT,2025,1
CGKJEDCGK,INT,175,2,RT,2025,2
CGKJEDCGK,INT,176,1,RT,2026,1
CGKJEDCGK,INT,179,7,RT,2026,1
CGKJEDCGK,INT,181,2,RT,2025,1
CGKJEDCGK,INT,181,2,RT,2026,1
CGKJEDCGK,INT,188,4,RT,2026,1
CGKJEDCGK,INT,188,40,RT,2026,1
CGKJEDCGK,INT,195,14,RT,2026,1
CGKJEDCGK,INT,195,25,RT,2025,2
CGKJEDCGK,INT,195,40,RT,2025,1
CGKJEDCGK,INT,195,40,RT,2026,1
CGKJEDCGK,INT,197,5,RT,2025,2
CGKJEDCGK,INT,199,6,RT,2025,1
CGKJEDCGK,INT,202,12,RT,2025,2
CGKJEDCGK,INT,202,25,RT,2025,1
CGKJEDCGK,INT,204,5,RT,2025,1
CGKJEDCGK,INT,204,12,RT,2025,2
CGKJEDCGK,INT,206,6,RT,2026,1
CGKJEDCGK,INT,206,12,RT,2025,1
CGKJEDCGK,INT,207,5,RT,2025,4
CGKJEDCGK,INT,208,2,RT,2025,6
CGKJEDCGK,INT,209,3,RT,2025,2
CGKJEDCGK,INT,210,2,RT,2026,1
CGKJEDCGK,INT,211,2,RT,2026,1
CGKJEDCGK,INT,213,7,RT,2026,1
CGKJEDCGK,INT,213,14,RT,2026,2
CGKJEDCGK,INT,215,1,RT,2026,2
CGKJEDCGK,INT,216,1,RT,2026,2
CGKJEDCGK,INT,218,5,RT,2026,2
CGKJEDCGK,INT,218,8,RT,2025,5
CGKKNO,DOM,0,0,OW,2025,36
CGKKNO,DOM,0,0,OW,2026,48
CGKKNO,DOM,1,0,OW,2025,50
CGKKNO,DOM,1,0,OW,2026,42
CGKKNO,DOM,2,0,OW,2025,54
CGKKNO,DOM,2,0,OW,2026,41
CGKKNO,DOM,3,0,OW,2025,46
CGKKNO,DOM,3,0,OW,2026,45
CGKKNO,DOM,4,0,OW,2025,59
CGKKNO,DOM,4,0,OW,2026,42
CGKKNO,DOM,5,0,OW,2025,41
CGKKNO,DOM,5,0,OW,2026,32
CGKKNO,DOM,6,0,OW,2025,54
CGKKNO,DOM,6,0,OW,2026,42
CGKKNO,DOM,7,0,OW,2025,64
CGKKNO,DOM,7,0,OW,2026,38
CGKKNO,DOM,8,0,OW,2025,27
CGKKNO,DOM,8,0,OW,2026,25
CGKKNO,DOM,9,0,OW,2025,27
CGKKNO,DOM,9,0,OW,2026,19
CGKKNO,DOM,10,0,OW,2025,26
CGKKNO,DOM,10,0,OW,2026,30
CGKKNO,DOM,11,0,OW,2025,32
CGKKNO,DOM,11,0,OW,2026,38
CGKKNO,DOM,12,0,OW,2025,45
CGKKNO,DOM,12,0,OW,2026,29
CGKKNO,DOM,13,0,OW,2025,35
CGKKNO,DOM,13,0,OW,2026,6
CGKKNO,DOM,14,0,OW,2025,32
CGKKNO,DOM,14,0,OW,2026,18
CGKKNO,DOM,15,0,OW,2025,29
CGKKNO,DOM,15,0,OW,2026,16
CGKKNO,DOM,16,0,OW,2025,41
CGKKNO,DOM,16,0,OW,2026,17
CGKKNO,DOM,17,0,OW,2025,21
CGKKNO,DOM,17,0,OW,2026,30
CGKKNO,DOM,18,0,OW,2025,14
CGKKNO,DOM,18,0,OW,2026,23
CGKKNO,DOM,19,0,OW,2025,22
CGKKNO,DOM,19,0,OW,2026,25
CGKKNO,DOM,20,0,OW,2025,21
CGKKNO,DOM,20,0,OW,2026,38
CGKKNO,DOM,21,0,OW,2025,21
CGKKNO,DOM,21,0,OW,2026,16
CGKKNO,DOM,22,0,OW,2025,20
CGKKNO,DOM,22,0,OW,2026,22
CGKKNO,DOM,23,0,OW,2025,37
CGKKNO,DOM,23,0,OW,2026,23
CGKKNO,DOM,24,0,OW,2025,56
CGKKNO,DOM,24,0,OW,2026,17
CGKKNO,DOM,25,0,OW,2025,24
CGKKNO,DOM,25,0,OW,2026,33
CGKKNO,DOM,26,0,OW,2025,27
CGKKNO,DOM,26,0,OW,2026,29
CGKKNO,DOM,27,0,OW,2025,10
CGKKNO,DOM,27,0,OW,2026,25
CGKKNO,DOM,28,0,OW,2025,14
CGKKNO,DOM,28,0,OW,2026,32
CGKKNO,DOM,29,0,OW,2025,20
CGKKNO,DOM,29,0,OW,2026,7
CGKKNO,DOM,30,0,OW,2025,37
CGKKNO,DOM,30,0,OW,2026,18
CGKKNO,DOM,31,0,OW,2025,4
CGKKNO,DOM,31,0,OW,2026,3
CGKKNO,DOM,32,0,OW,2026,2
CGKKNO,DOM,33,0,OW,2025,7
CGKKNO,DOM,33,0,OW,2026,10
CGKKNO,DOM,34,0,OW,2025,6
CGKKNO,DOM,34,0,OW,2026,2
CGKKNO,DOM,35,0,OW,2025,9
CGKKNO,DOM,35,0,OW,2026,19
CGKKNO,DOM,36,0,OW,2025,11
CGKKNO,DOM,36,0,OW,2026,8
CGKKNO,DOM,37,0,OW,2025,9
CGKKNO,DOM,37,0,OW,2026,6
CGKKNO,DOM,38,0,OW,2025,4
CGKKNO,DOM,38,0,OW,2026,9
CGKKNO,DOM,39,0,OW,2025,3
CGKKNO,DOM,40,0,OW,2025,1
CGKKNO,DOM,40,0,OW,2026,1
CGKKNO,DOM,41,0,OW,2025,3
CGKKNO,DOM,41,0,OW,2026,5
CGKKNO,DOM,42,0,OW,2026,2
CGKKNO,DOM,43,0,OW,2025,9
CGKKNO,DOM,43,0,OW,2026,3
CGKKNO,DOM,44,0,OW,2025,20
CGKKNO,DOM,45,0,OW,2025,4
CGKKNO,DOM,45,0,OW,2026,5
CGKKNO,DOM,46,0,OW,2025,4
CGKKNO,DOM,46,0,OW,2026,4
CGKKNO,DOM,47,0,OW,2025,8
CGKKNO,DOM,47,0,OW,2026,2
CGKKNO,DOM,48,0,OW,2025,8
CGKKNO,DOM,48,0,OW,2026,12
CGKKNO,DOM,49,0,OW,2025,2
CGKKNO,DOM,50,0,OW,2025,6
CGKKNO,DOM,50,0,OW,2026,9
CGKKNO,DOM,51,0,OW,2025,7
CGKKNO,DOM,51,0,OW,2026,14
CGKKNO,DOM,52,0,OW,2025,3
CGKKNO,DOM,52,0,OW,2026,1
CGKKNO,DOM,53,0,OW,2025,3
CGKKNO,DOM,53,0,OW,2026,2
CGKKNO,DOM,54,0,OW,2025,1
CGKKNO,DOM,54,0,OW,2026,2
CGKKNO,DOM,55,0,OW,2025,6
CGKKNO,DOM,55,0,OW,2026,6
CGKKNO,DOM,56,0,OW,2026,3
CGKKNO,DOM,57,0,OW,2025,12
CGKKNO,DOM,57,0,OW,2026,5
CGKKNO,DOM,58,0,OW,2025,6
CGKKNO,DOM,59,0,OW,2026,3
CGKKNO,DOM,60,0,OW,2025,5
CGKKNO,DOM,60,0,OW,2026,10
CGKKNO,DOM,61,0,OW,2025,3
CGKKNO,DOM,61,0,OW,2026,4
CGKKNO,DOM,62,0,OW,2025,2
CGKKNO,DOM,62,0,OW,2026,2
CGKKNO,DOM,63,0,OW,2025,2
CGKKNO,DOM,63,0,OW,2026,4
CGKKNO,DOM,64,0,OW,2025,2
CGKKNO,DOM,64,0,OW,2026,10
CGKKNO,DOM,65,0,OW,2026,11
CGKKNO,DOM,66,0,OW,2025,9
CGKKNO,DOM,66,0,OW,2026,11
CGKKNO,DOM,67,0,OW,2025,6
CGKKNO,DOM,67,0,OW,2026,5
CGKKNO,DOM,68,0,OW,2025,9
CGKKNO,DOM,69,0,OW,2025,7
CGKKNO,DOM,69,0,OW,2026,9
CGKKNO,DOM,70,0,OW,2025,5
CGKKNO,DOM,70,0,OW,2026,4
CGKKNO,DOM,71,0,OW,2025,2
CGKKNO,DOM,71,0,OW,2026,5
CGKKNO,DOM,72,0,OW,2025,7
CGKKNO,DOM,72,0,OW,2026,8
CGKKNO,DOM,73,0,OW,2025,4
CGKKNO,DOM,73,0,OW,2026,1
CGKKNO,DOM,74,0,OW,2025,5
CGKKNO,DOM,74,0,OW,2026,11
CGKKNO,DOM,75,0,OW,2025,10
CGKKNO,DOM,75,0,OW,2026,7
CGKKNO,DOM,76,0,OW,2025,11
CGKKNO,DOM,76,0,OW,2026,16
CGKKNO,DOM,77,0,OW,2025,8
CGKKNO,DOM,77,0,OW,2026,1
CGKKNO,DOM,78,0,OW,2025,9
CGKKNO,DOM,78,0,OW,2026,1
CGKKNO,DOM,79,0,OW,2025,3
CGKKNO,DOM,80,0,OW,2025,6
CGKKNO,DOM,80,0,OW,2026,7
CGKKNO,DOM,81,0,OW,2025,7
CGKKNO,DOM,81,0,OW,2026,9
CGKKNO,DOM,82,0,OW,2025,3
CGKKNO,DOM,83,0,OW,2025,3
CGKKNO,DOM,83,0,OW,2026,5
CGKKNO,DOM,84,0,OW,2025,7
CGKKNO,DOM,84,0,OW,2026,10
CGKKNO,DOM,85,0,OW,2025,5
CGKKNO,DOM,85,0,OW,2026,8
CGKKNO,DOM,86,0,OW,2025,11
CGKKNO,DOM,86,0,OW,2026,1
CGKKNO,DOM,87,0,OW,2025,1
CGKKNO,DOM,87,0,OW,2026,16
CGKKNO,DOM,88,0,OW,2025,4
CGKKNO,DOM,88,0,OW,2026,1
CGKKNO,DOM,89,0,OW,2025,12
CGKKNO,DOM,89,0,OW,2026,6
CGKKNO,DOM,90,0,OW,2025,8
CGKKNO,DOM,90,0,OW,2026,3
CGKKNO,DOM,91,0,OW,2026,2
CGKKNO,DOM,92,0,OW,2026,1
CGKKNO,DOM,93,0,OW,2025,6
CGKKNO,DOM,94,0,OW,2025,1
CGKKNO,DOM,94,0,OW,2026,1
CGKKNO,DOM,95,0,OW,2026,2
CGKKNO,DOM,96,0,OW,2025,2
CGKKNO,DOM,96,0,OW,2026,4
CGKKNO,DOM,99,0,OW,2025,2
CGKKNO,DOM,99,0,OW,2026,2
CGKKNO,DOM,101,0,OW,2025,6
CGKKNO,DOM,103,0,OW,2025,3
CGKKNO,DOM,104,0,OW,2025,1
CGKKNO,DOM,105,0,OW,2025,1
CGKKNO,DOM,106,0,OW,2025,5
CGKKNO,DOM,106,0,OW,2026,1
CGKKNO,DOM,107,0,OW,2026,1
CGKKNO,DOM,109,0,OW,2025,6
CGKKNO,DOM,111,0,OW,2025,1
CGKKNO,DOM,112,0,OW,2025,1
CGKKNO,DOM,112,0,OW,2026,2
CGKKNO,DOM,114,0,OW,2025,1
CGKKNO,DOM,116,0,OW,2025,1
CGKKNO,DOM,116,0,OW,2026,2
CGKKNO,DOM,117,0,OW,2026,3
CGKKNO,DOM,118,0,OW,2025,2
CGKKNO,DOM,118,0,OW,2026,4
CGKKNO,DOM,119,0,OW,2026,1
CGKKNO,DOM,120,0,OW,2025,2
CGKKNO,DOM,121,0,OW,2025,1
CGKKNO,DOM,122,0,OW,2026,3
CGKKNO,DOM,123,0,OW,2025,2
CGKKNO,DOM,125,0,OW,2025,2
CGKKNO,DOM,126,0,OW,2026,2
CGKKNO,DOM,127,0,OW,2026,6
CGKKNO,DOM,128,0,OW,2026,10
CGKKNO,DOM,129,0,OW,2025,5
CGKKNO,DOM,129,0,OW,2026,4
CGKKNO,DOM,131,0,OW,2026,2
CGKKNO,DOM,132,0,OW,2026,1
CGKKNO,DOM,135,0,OW,2025,2
CGKKNO,DOM,136,0,OW,2026,2
CGKKNO,DOM,138,0,OW,2025,4
CGKKNO,DOM,139,0,OW,2026,1
CGKKNO,DOM,140,0,OW,2025,3
CGKKNO,DOM,141,0,OW,2025,7
CGKKNO,DOM,141,0,OW,2026,7
CGKKNO,DOM,142,0,OW,2025,5
CGKKNO,DOM,147,0,OW,2025,1
CGKKNO,DOM,149,0,OW,2025,2
CGKKNO,DOM,150,0,OW,2026,1
CGKKNO,DOM,155,0,OW,2025,1
CGKKNO,DOM,156,0,OW,2025,2
CGKKNO,DOM,156,0,OW,2026,2
CGKKNO,DOM,158,0,OW,2025,3
CGKKNO,DOM,159,0,OW,2026,2
CGKKNO,DOM,160,0,OW,2026,1
CGKKNO,DOM,162,0,OW,2025,1
CGKKNO,DOM,163,0,OW,2026,2
CGKKNO,DOM,164,0,OW,2026,3
CGKKNO,DOM,167,0,OW,2025,1
CGKKNO,DOM,167,0,OW,2026,1
CGKKNO,DOM,169,0,OW,2025,2
CGKKNO,DOM,170,0,OW,2025,1
CGKKNO,DOM,171,0,OW,2025,3
CGKKNO,DOM,172,0,OW,2025,2
CGKKNO,DOM,174,0,OW,2025,5
CGKKNO,DOM,175,0,OW,2025,1
CGKKNO,DOM,176,0,OW,2026,1
CGKKNO,DOM,177,0,OW,2026,1
CGKKNO,DOM,178,0,OW,2026,1
CGKKNO,DOM,179,0,OW,2026,1
CGKKNO,DOM,184,0,OW,2026,2
CGKKNO,DOM,185,0,OW,2025,8
CGKKNO,DOM,185,0,OW,2026,5
CGKKNO,DOM,186,0,OW,2025,2
CGKKNO,DOM,186,0,OW,2026,1
CGKKNO,DOM,187,0,OW,2025,3
CGKKNO,DOM,187,0,OW,2026,1
CGKKNO,DOM,188,0,OW,2026,4
CGKKNO,DOM,189,0,OW,2025,1
CGKKNO,DOM,189,0,OW,2026,2
CGKKNO,DOM,191,0,OW,2026,3
CGKKNO,DOM,192,0,OW,2025,1
CGKKNO,DOM,194,0,OW,2025,2
CGKKNO,DOM,195,0,OW,2026,1
CGKKNO,DOM,196,0,OW,2026,3
CGKKNO,DOM,197,0,OW,2025,4
CGKKNO,DOM,197,0,OW,2026,1
CGKKNO,DOM,198,0,OW,2026,1
CGKKNO,DOM,201,0,OW,2025,2
CGKKNO,DOM,202,0,OW,2025,4
CGKKNO,DOM,202,0,OW,2026,2
CGKKNO,DOM,204,0,OW,2025,1
CGKKNO,DOM,204,0,OW,2026,4
CGKKNO,DOM,206,0,OW,2026,3
CGKKNO,DOM,207,0,OW,2026,4
CGKKNO,DOM,208,0,OW,2026,1
CGKKNO,DOM,209,0,OW,2025,8
CGKKNO,DOM,209,0,OW,2026,1
CGKKNO,DOM,214,0,OW,2025,4
CGKKNO,DOM,214,0,OW,2026,3
CGKKNO,DOM,215,0,OW,2026,4
CGKKNO,DOM,216,0,OW,2025,6
CGKKNO,DOM,218,0,OW,2025,7
CGKKNO,DOM,219,0,OW,2025,3
CGKKNO,DOM,219,0,OW,2026,4
CGKKNOCGK,DOM,0,1,RT,2025,7
CGKKNOCGK,DOM,0,1,RT,2026,8
CGKKNOCGK,DOM,0,2,RT,2025,6
CGKKNOCGK,DOM,0,2,RT,2026,2
CGKKNOCGK,DOM,0,3,RT,2025,10
CGKKNOCGK,DOM,0,3,RT,2026,8
CGKKNOCGK,DOM,0,4,RT,2025,6
CGKKNOCGK,DOM,0,4,RT,2026,2
CGKKNOCGK,DOM,0,5,RT,2025,12
CGKKNOCGK,DOM,0,5,RT,2026,6
CGKKNOCGK,DOM,0,6,RT,2025,2
CGKKNOCGK,DOM,0,6,RT,2026,11
CGKKNOCGK,DOM,0,7,RT,2025,1
CGKKNOCGK,DOM,0,7,RT,2026,1
CGKKNOCGK,DOM,0,8,RT,2026,2
CGKKNOCGK,DOM,0,10,RT,2025,7
CGKKNOCGK,DOM,0,10,RT,2026,7
CGKKNOCGK,DOM,0,12,RT,2025,8
CGKKNOCGK,DOM,0,12,RT,2026,8
CGKKNOCGK,DOM,0,14,RT,2025,6
CGKKNOCGK,DOM,0,14,RT,2026,7
CGKKNOCGK,DOM,0,25,RT,2025,18
CGKKNOCGK,DOM,0,25,RT,2026,2
CGKKNOCGK,DOM,0,40,RT,2025,10
CGKKNOCGK,DOM,0,40,RT,2026,6
CGKKNOCGK,DOM,1,1,RT,2025,1
CGKKNOCGK,DOM,1,1,RT,2026,5
CGKKNOCGK,DOM,1,2,RT,2025,11
CGKKNOCGK,DOM,1,2,RT,2026,17
CGKKNOCGK,DOM,1,3,RT,2026,12
CGKKNOCGK,DOM,1,4,RT,2026,4
CGKKNOCGK,DOM,1,5,RT,2025,3
CGKKNOCGK,DOM,1,5,RT,2026,5
CGKKNOCGK,DOM,1,6,RT,2025,4
CGKKNOCGK,DOM,1,7,RT,2025,4
CGKKNOCGK,DOM,1,7,RT,2026,4
CGKKNOCGK,DOM,1,8,RT,2025,6
CGKKNOCGK,DOM,1,8,RT,2026,8
CGKKNOCGK,DOM,1,10,RT,2025,3
CGKKNOCGK,DOM,1,12,RT,2026,1
CGKKNOCGK,DOM,1,14,RT,2025,2
CGKKNOCGK,DOM,1,14,RT,2026,1
CGKKNOCGK,DOM,1,18,RT,2025,2
CGKKNOCGK,DOM,1,18,RT,2026,3
CGKKNOCGK,DOM,1,25,RT,2025,4
CGKKNOCGK,DOM,1,25,RT,2026,2
CGKKNOCGK,DOM,1,40,RT,2025,3
CGKKNOCGK,DOM,1,40,RT,2026,2
CGKKNOCGK,DOM,2,1,RT,2025,8
CGKKNOCGK,DOM,2,1,RT,2026,11
CGKKNOCGK,DOM,2,2,RT,2025,8
CGKKNOCGK,DOM,2,2,RT,2026,21
CGKKNOCGK,DOM,2,3,RT,2025,9
CGKKNOCGK,DOM,2,3,RT,2026,7
CGKKNOCGK,DOM,2,4,RT,2025,9
CGKKNOCGK,DOM,2,4,RT,2026,1
CGKKNOCGK,DOM,2,5,RT,2025,2
CGKKNOCGK,DOM,2,5,RT,2026,12
CGKKNOCGK,DOM,2,6,RT,2025,1
CGKKNOCGK,DOM,2,7,RT,2025,2
CGKKNOCGK,DOM,2,7,RT,2026,7
CGKKNOCGK,DOM,2,8,RT,2025,8
CGKKNOCGK,DOM,2,10,RT,2025,7
CGKKNOCGK,DOM,2,10,RT,2026,5
CGKKNOCGK,DOM,2,12,RT,2025,4
CGKKNOCGK,DOM,2,12,RT,2026,1
CGKKNOCGK,DOM,2,14,RT,2025,1
CGKKNOCGK,DOM,2,14,RT,2026,11
CGKKNOCGK,DOM,2,18,RT,2025,1
CGKKNOCGK,DOM,2,18,RT,2026,1
CGKKNOCGK,DOM,2,25,RT,2025,6
CGKKNOCGK,DOM,2,25,RT,2026,6
CGKKNOCGK,DOM,3,1,RT,2025,9
CGKKNOCGK,DOM,3,1,RT,2026,4
CGKKNOCGK,DOM,3,2,RT,2025,5
CGKKNOCGK,DOM,3,2,RT,2026,8
CGKKNOCGK,DOM,3,3,RT,2025,1
CGKKNOCGK,DOM,3,3,RT,2026,5
CGKKNOCGK,DOM,3,4,RT,2025,8
CGKKNOCGK,DOM,3,4,RT,2026,16
CGKKNOCGK,DOM,3,5,RT,2025,2
CGKKNOCGK,DOM,3,5,RT,2026,3
CGKKNOCGK,DOM,3,6,RT,2025,4
CGKKNOCGK,DOM,3,7,RT,2025,2
CGKKNOCGK,DOM,3,7,RT,2026,1
CGKKNOCGK,DOM,3,8,RT,2025,12
CGKKNOCGK,DOM,3,8,RT,2026,10
CGKKNOCGK,DOM,3,10,RT,2025,7
CGKKNOCGK,DOM,3,10,RT,2026,5
CGKKNOCGK,DOM,3,12,RT,2026,4
CGKKNOCGK,DOM,3,14,RT,2025,6
CGKKNOCGK,DOM,3,18,RT,2025,8
CGKKNOCGK,DOM,3,18,RT,2026,6
CGKKNOCGK,DOM,3,25,RT,2025,1
CGKKNOCGK,DOM,3,40,RT,2025,2
CGKKNOCGK,DOM,4,1,RT,2025,1
CGKKNOCGK,DOM,4,1,RT,2026,5
CGKKNOCGK,DOM,4,2,RT,2025,3
CGKKNOCGK,DOM,4,2,RT,2026,10
CGKKNOCGK,DOM,4,3,RT,2025,11
CGKKNOCGK,DOM,4,3,RT,2026,11
CGKKNOCGK,DOM,4,4,RT,2025,2
CGKKNOCGK,DOM,4,5,RT,2025,19
CGKKNOCGK,DOM,4,6,RT,2025,8
CGKKNOCGK,DOM,4,6,RT,2026,4
CGKKNOCGK,DOM,4,7,RT,2025,10
CGKKNOCGK,DOM,4,8,RT,2025,7
CGKKNOCGK,DOM,4,8,RT,2026,3
CGKKNOCGK,DOM,4,10,RT,2025,6
CGKKNOCGK,DOM,4,10,RT,2026,13
CGKKNOCGK,DOM,4,12,RT,2025,1
CGKKNOCGK,DOM,4,12,RT,2026,1
CGKKNOCGK,DOM,4,14,RT,2025,6
CGKKNOCGK,DOM,4,14,RT,2026,1
CGKKNOCGK,DOM,4,18,RT,2025,4
CGKKNOCGK,DOM,4,18,RT,2026,8
CGKKNOCGK,DOM,4,25,RT,2026,9
CGKKNOCGK,DOM,4,40,RT,2025,2
CGKKNOCGK,DOM,5,1,RT,2025,6
CGKKNOCGK,DOM,5,1,RT,2026,4
CGKKNOCGK,DOM,5,2,RT,2025,4
CGKKNOCGK,DOM,5,2,RT,2026,8
CGKKNOCGK,DOM,5,3,RT,2025,10
CGKKNOCGK,DOM,5,3,RT,2026,9
CGKKNOCGK,DOM,5,4,RT,2026,5
CGKKNOCGK,DOM,5,5,RT,2025,3
CGKKNOCGK,DOM,5,5,RT,2026,9
CGKKNOCGK,DOM,5,6,RT,2025,6
CGKKNOCGK,DOM,5,6,RT,2026,1
CGKKNOCGK,DOM,5,7,RT,2025,7
CGKKNOCGK,DOM,5,7,RT,2026,2
CGKKNOCGK,DOM,5,8,RT,2025,5
CGKKNOCGK,DOM,5,8,RT,2026,4
CGKKNOCGK,DOM,5,10,RT,2025,4
CGKKNOCGK,DOM,5,12,RT,2025,7
CGKKNOCGK,DOM,5,14,RT,2025,2
CGKKNOCGK,DOM,5,14,RT,2026,6
CGKKNOCGK,DOM,5,18,RT,2025,1
CGKKNOCGK,DOM,5,25,RT,2026,8
CGKKNOCGK,DOM,5,40,RT,2025,4
CGKKNOCGK,DOM,5,40,RT,2026,7
CGKKNOCGK,DOM,6,1,RT,2025,9
CGKKNOCGK,DOM,6,1,RT,2026,6
CGKKNOCGK,DOM,6,2,RT,2025,4
CGKKNOCGK,DOM,6,2,RT,2026,1
CGKKNOCGK,DOM,6,3,RT,2025,6
CGKKNOCGK,DOM,6,3,RT,2026,7
CGKKNOCGK,DOM,6,4,RT,2025,7
CGKKNOCGK,DOM,6,4,RT,2026,2
CGKKNOCGK,DOM,6,5,RT,2025,4
CGKKNOCGK,DOM,6,6,RT,2025,5
CGKKNOCGK,DOM,6,6,RT,2026,3
CGKKNOCGK,DOM,6,7,RT,2025,3
CGKKNOCGK,DOM,6,7,RT,2026,1
CGKKNOCGK,DOM,6,8,RT,2025,4
CGKKNOCGK,DOM,6,8,RT,2026,1
CGKKNOCGK,DOM,6,10,RT,2025,8
CGKKNOCGK,DOM,6,10,RT,2026,10
CGKKNOCGK,DOM,6,12,RT,2025,1
CGKKNOCGK,DOM,6,12,RT,2026,1
CGKKNOCGK,DOM,6,14,RT,2025,4
CGKKNOCGK,DOM,6,14,RT,2026,3
CGKKNOCGK,DOM,6,18,RT,2025,2
CGKKNOCGK,DOM,6,18,RT,2026,1
CGKKNOCGK,DOM,6,25,RT,2025,6
CGKKNOCGK,DOM,6,25,RT,2026,1
CGKKNOCGK,DOM,6,40,RT,2026,13
CGKKNOCGK,DOM,7,1,RT,2025,8
CGKKNOCGK,DOM,7,1,RT,2026,10
CGKKNOCGK,DOM,7,2,RT,2025,10
CGKKNOCGK,DOM,7,2,RT,2026,13
CGKKNOCGK,DOM,7,3,RT,2025,23
CGKKNOCGK,DOM,7,3,RT,2026,9
CGKKNOCGK,DOM,7,4,RT,2025,5
CGKKNOCGK,DOM,7,4,RT,2026,4
CGKKNOCGK,DOM,7,5,RT,2025,1
CGKKNOCGK,DOM,7,5,RT,2026,3
CGKKNOCGK,DOM,7,6,RT,2025,5
CGKKNOCGK,DOM,7,7,RT,2025,8
CGKKNOCGK,DOM,7,7,RT,2026,3
CGKKNOCGK,DOM,7,8,RT,2025,5
CGKKNOCGK,DOM,7,10,RT,2025,11
CGKKNOCGK,DOM,7,10,RT,2026,3
CGKKNOCGK,DOM,7,12,RT,2025,5
CGKKNOCGK,DOM,7,12,RT,2026,2
CGKKNOCGK,DOM,7,14,RT,2025,1
CGKKNOCGK,DOM,7,18,RT,2025,5
CGKKNOCGK,DOM,7,18,RT,2026,2
CGKKNOCGK,DOM,7,25,RT,2026,2
CGKKNOCGK,DOM,7,40,RT,2025,16
CGKKNOCGK,DOM,8,1,RT,2026,9
CGKKNOCGK,DOM,8,2,RT,2025,6
CGKKNOCGK,DOM,8,3,RT,2025,1
CGKKNOCGK,DOM,8,4,RT,2025,6
CGKKNOCGK,DOM,8,4,RT,2026,2
CGKKNOCGK,DOM,8,5,RT,2025,7
CGKKNOCGK,DOM,8,7,RT,2025,1
CGKKNOCGK,DOM,8,7,RT,2026,6
CGKKNOCGK,DOM,8,8,RT,2025,1
CGKKNOCGK,DOM,8,10,RT,2026,2
CGKKNOCGK,DOM,8,12,RT,2025,2
CGKKNOCGK,DOM,8,14,RT,2025,2
CGKKNOCGK,DOM,8,18,RT,2026,6
CGKKNOCGK,DOM,8,40,RT,2025,5
CGKKNOCGK,DOM,8,40,RT,2026,1
CGKKNOCGK,DOM,9,1,RT,2025,3
CGKKNOCGK,DOM,9,2,RT,2025,5
CGKKNOCGK,DOM,9,2,RT,2026,19
CGKKNOCGK,DOM,9,3,RT,2025,13
CGKKNOCGK,DOM,9,5,RT,2025,4
CGKKNOCGK,DOM,9,5,RT,2026,1
CGKKNOCGK,DOM,9,6,RT,2025,1
CGKKNOCGK,DOM,9,6,RT,2026,1
CGKKNOCGK,DOM,9,7,RT,2026,3
CGKKNOCGK,DOM,9,8,RT,2025,3
CGKKNOCGK,DOM,9,10,RT,2026,12
CGKKNOCGK,DOM,9,14,RT,2025,2
CGKKNOCGK,DOM,9,14,RT,2026,1
CGKKNOCGK,DOM,9,18,RT,2026,4
CGKKNOCGK,DOM,9,40,RT,2025,1
CGKKNOCGK,DOM,10,1,RT,2025,8
CGKKNOCGK,DOM,10,1,RT,2026,11
CGKKNOCGK,DOM,10,2,RT,2025,3
CGKKNOCGK,DOM,10,2,RT,2026,11
CGKKNOCGK,DOM,10,3,RT,2025,1
CGKKNOCGK,DOM,10,4,RT,2025,5
CGKKNOCGK,DOM,10,4,RT,2026,9
CGKKNOCGK,DOM,10,5,RT,2026,8
CGKKNOCGK,DOM,10,8,RT,2025,5
CGKKNOCGK,DOM,10,8,RT,2026,2
CGKKNOCGK,DOM,10,10,RT,2025,7
CGKKNOCGK,DOM,10,12,RT,2025,5
CGKKNOCGK,DOM,10,14,RT,2025,5
CGKKNOCGK,DOM,10,18,RT,2025,2
CGKKNOCGK,DOM,10,18,RT,2026,9
CGKKNOCGK,DOM,10,40,RT,2025,3
CGKKNOCGK,DOM,11,1,RT,2025,9
CGKKNOCGK,DOM,11,1,RT,2026,1
CGKKNOCGK,DOM,11,2,RT,2025,6
CGKKNOCGK,DOM,11,2,RT,2026,2
CGKKNOCGK,DOM,11,3,RT,2025,9
CGKKNOCGK,DOM,11,3,RT,2026,8
CGKKNOCGK,DOM,11,4,RT,2025,4
CGKKNOCGK,DOM,11,5,RT,2026,6
CGKKNOCGK,DOM,11,6,RT,2025,1
CGKKNOCGK,DOM,11,7,RT,2025,5
CGKKNOCGK,DOM,11,8,RT,2025,1
CGKKNOCGK,DOM,11,8,RT,2026,1
CGKKNOCGK,DOM,11,10,RT,2025,1
CGKKNOCGK,DOM,11,12,RT,2025,2
CGKKNOCGK,DOM,11,18,RT,2025,1
CGKKNOCGK,DOM,11,18,RT,2026,4
CGKKNOCGK,DOM,11,25,RT,2025,3
CGKKNOCGK,DOM,11,40,RT,2025,1
CGKKNOCGK,DOM,12,1,RT,2025,4
CGKKNOCGK,DOM,12,1,RT,2026,2
CGKKNOCGK,DOM,12,2,RT,2026,12
CGKKNOCGK,DOM,12,3,RT,2025,6
CGKKNOCGK,DOM,12,3,RT,2026,7
CGKKNOCGK,DOM,12,4,RT,2026,4
CGKKNOCGK,DOM,12,5,RT,2025,1
CGKKNOCGK,DOM,12,6,RT,2025,4
CGKKNOCGK,DOM,12,7,RT,2025,4
CGKKNOCGK,DOM,12,8,RT,2026,2
CGKKNOCGK,DOM,12,10,RT,2025,11
CGKKNOCGK,DOM,12,14,RT,2025,1
CGKKNOCGK,DOM,12,18,RT,2025,6
CGKKNOCGK,DOM,12,25,RT,2025,2
CGKKNOCGK,DOM,13,1,RT,2025,1
CGKKNOCGK,DOM,13,1,RT,2026,3
CGKKNOCGK,DOM,13,2,RT,2025,5
CGKKNOCGK,DOM,13,3,RT,2025,5
CGKKNOCGK,DOM,13,4,RT,2025,5
CGKKNOCGK,DOM,13,7,RT,2025,1
CGKKNOCGK,DOM,13,10,RT,2025,3
CGKKNOCGK,DOM,13,10,RT,2026,2
CGKKNOCGK,DOM,13,12,RT,2025,7
CGKKNOCGK,DOM,13,12,RT,2026,1
CGKKNOCGK,DOM,13,14,RT,2025,1
CGKKNOCGK,DOM,13,14,RT,2026,3
CGKKNOCGK,DOM,13,18,RT,2025,6
CGKKNOCGK,DOM,13,25,RT,2026,2
CGKKNOCGK,DOM,13,40,RT,2025,6
CGKKNOCGK,DOM,13,40,RT,2026,4
CGKKNOCGK,DOM,14,1,RT,2025,4
CGKKNOCGK,DOM,14,1,RT,2026,4
CGKKNOCGK,DOM,14,2,RT,2025,1
CGKKNOCGK,DOM,14,2,RT,2026,1
CGKKNOCGK,DOM,14,3,RT,2025,7
CGKKNOCGK,DOM,14,3,RT,2026,2
CGKKNOCGK,DOM,14,4,RT,2026,6
CGKKNOCGK,DOM,14,5,RT,2026,3
CGKKNOCGK,DOM,14,6,RT,2025,4
CGKKNOCGK,DOM,14,7,RT,2026,6
CGKKNOCGK,DOM,14,10,RT,2025,2
CGKKNOCGK,DOM,14,12,RT,2025,2
CGKKNOCGK,DOM,14,18,RT,2025,5
CGKKNOCGK,DOM,14,25,RT,2025,2
CGKKNOCGK,DOM,14,25,RT,2026,2
CGKKNOCGK,DOM,14,40,RT,2025,4
CGKKNOCGK,DOM,15,1,RT,2025,10
CGKKNOCGK,DOM,15,1,RT,2026,2
CGKKNOCGK,DOM,15,2,RT,2025,1
CGKKNOCGK,DOM,15,2,RT,2026,6
CGKKNOCGK,DOM,15,3,RT,2025,1
CGKKNOCGK,DOM,15,3,RT,2026,6
CGKKNOCGK,DOM,15,4,RT,2026,3
CGKKNOCGK,DOM,15,6,RT,2025,1
CGKKNOCGK,DOM,15,7,RT,2025,6
CGKKNOCGK,DOM,15,7,RT,2026,2
CGKKNOCGK,DOM,15,10,RT,2025,1
CGKKNOCGK,DOM,15,10,RT,2026,6
CGKKNOCGK,DOM,15,12,RT,2025,4
CGKKNOCGK,DOM,15,14,RT,2025,1
CGKKNOCGK,DOM,15,18,RT,2026,2
CGKKNOCGK,DOM,15,40,RT,2025,6
CGKKNOCGK,DOM,15,40,RT,2026,4
CGKKNOCGK,DOM,16,1,RT,2025,3
CGKKNOCGK,DOM,16,1,RT,2026,5
CGKKNOCGK,DOM,16,2,RT,2026,2
CGKKNOCGK,DOM,16,3,RT,2026,1
CGKKNOCGK,DOM,16,7,RT,2026,6
CGKKNOCGK,DOM,16,8,RT,2025,14
CGKKNOCGK,DOM,16,8,RT,2026,1
CGKKNOCGK,DOM,16,10,RT,2025,1
CGKKNOCGK,DOM,16,10,RT,2026,2
CGKKNOCGK,DOM,16,12,RT,2025,6
CGKKNOCGK,DOM,16,12,RT,2026,4
CGKKNOCGK,DOM,16,14,RT,2025,2
CGKKNOCGK,DOM,16,14,RT,2026,1
CGKKNOCGK,DOM,16,18,RT,2025,7
CGKKNOCGK,DOM,16,18,RT,2026,1
CGKKNOCGK,DOM,16,25,RT,2026,7
CGKKNOCGK,DOM,17,1,RT,2025,1
CGKKNOCGK,DOM,17,1,RT,2026,10
CGKKNOCGK,DOM,17,2,RT,2025,7
CGKKNOCGK,DOM,17,2,RT,2026,2
CGKKNOCGK,DOM,17,3,RT,2025,1
CGKKNOCGK,DOM,17,4,RT,2025,1
CGKKNOCGK,DOM,17,4,RT,2026,1
CGKKNOCGK,DOM,17,5,RT,2026,1
CGKKNOCGK,DOM,17,6,RT,2025,1
CGKKNOCGK,DOM,17,6,RT,2026,3
CGKKNOCGK,DOM,17,7,RT,2025,4
CGKKNOCGK,DOM,17,7,RT,2026,2
CGKKNOCGK,DOM,17,8,RT,2026,1
CGKKNOCGK,DOM,17,12,RT,2026,8
CGKKNOCGK,DOM,17,14,RT,2026,3
CGKKNOCGK,DOM,17,18,RT,2026,2
CGKKNOCGK,DOM,17,40,RT,2025,1
CGKKNOCGK,DOM,17,40,RT,2026,1
CGKKNOCGK,DOM,18,1,RT,2025,3
CGKKNOCGK,DOM,18,2,RT,2025,8
CGKKNOCGK,DOM,18,2,RT,2026,8
CGKKNOCGK,DOM,18,3,RT,2025,5
CGKKNOCGK,DOM,18,3,RT,2026,1
CGKKNOCGK,DOM,18,4,RT,2026,1
CGKKNOCGK,DOM,18,5,RT,2026,2
CGKKNOCGK,DOM,18,6,RT,2025,2
CGKKNOCGK,DOM,18,6,RT,2026,4
CGKKNOCGK,DOM,18,7,RT,2026,1
CGKKNOCGK,DOM,18,8,RT,2026,5
CGKKNOCGK,DOM,18,10,RT,2025,1
CGKKNOCGK,DOM,18,10,RT,2026,3
CGKKNOCGK,DOM,18,12,RT,2025,1
CGKKNOCGK,DOM,18,14,RT,2026,2
CGKKNOCGK,DOM,18,18,RT,2025,1
CGKKNOCGK,DOM,18,25,RT,2025,9
CGKKNOCGK,DOM,18,25,RT,2026,1
CGKKNOCGK,DOM,18,40,RT,2026,4
CGKKNOCGK,DOM,19,1,RT,2025,6
CGKKNOCGK,DOM,19,1,RT,2026,1
CGKKNOCGK,DOM,19,2,RT,2025,14
CGKKNOCGK,DOM,19,2,RT,2026,2
CGKKNOCGK,DOM,19,3,RT,2025,2
CGKKNOCGK,DOM,19,5,RT,2026,3
CGKKNOCGK,DOM,19,7,RT,2025,4
CGKKNOCGK,DOM,19,7,RT,2026,4
CGKKNOCGK,DOM,19,8,RT,2025,2
CGKKNOCGK,DOM,19,8,RT,2026,7
CGKKNOCGK,DOM,19,10,RT,2025,10
CGKKNOCGK,DOM,19,14,RT,2025,3
CGKKNOCGK,DOM,19,25,RT,2025,4
CGKKNOCGK,DOM,19,40,RT,2025,3
CGKKNOCGK,DOM,19,40,RT,2026,3
CGKKNOCGK,DOM,20,1,RT,2025,3
CGKKNOCGK,DOM,20,2,RT,2025,2
CGKKNOCGK,DOM,20,2,RT,2026,11
CGKKNOCGK,DOM,20,3,RT,2025,5
CGKKNOCGK,DOM,20,3,RT,2026,10
CGKKNOCGK,DOM,20,5,RT,2026,1
CGKKNOCGK,DOM,20,6,RT,2025,6
CGKKNOCGK,DOM,20,6,RT,2026,1
CGKKNOCGK,DOM,20,8,RT,2025,4
CGKKNOCGK,DOM,20,8,RT,2026,3
CGKKNOCGK,DOM,20,10,RT,2026,3
CGKKNOCGK,DOM,20,12,RT,2025,1
CGKKNOCGK,DOM,20,18,RT,2025,7
CGKKNOCGK,DOM,20,18,RT,2026,5
CGKKNOCGK,DOM,20,40,RT,2026,4
CGKKNOCGK,DOM,21,1,RT,2025,6
CGKKNOCGK,DOM,21,1,RT,2026,2
CGKKNOCGK,DOM,21,2,RT,2025,1
CGKKNOCGK,DOM,21,2,RT,2026,2
CGKKNOCGK,DOM,21,3,RT,2025,3
CGKKNOCGK,DOM,21,4,RT,2025,2
CGKKNOCGK,DOM,21,4,RT,2026,9
CGKKNOCGK,DOM,21,7,RT,2025,1
CGKKNOCGK,DOM,21,8,RT,2025,3
CGKKNOCGK,DOM,21,10,RT,2025,1
CGKKNOCGK,DOM,21,18,RT,2025,2
CGKKNOCGK,DOM,21,25,RT,2025,3
CGKKNOCGK,DOM,21,25,RT,2026,2
CGKKNOCGK,DOM,21,40,RT,2025,8
CGKKNOCGK,DOM,21,40,RT,2026,2
CGKKNOCGK,DOM,22,1,RT,2025,3
CGKKNOCGK,DOM,22,1,RT,2026,5
CGKKNOCGK,DOM,22,2,RT,2025,4
CGKKNOCGK,DOM,22,2,RT,2026,10
CGKKNOCGK,DOM,22,3,RT,2026,4
CGKKNOCGK,DOM,22,4,RT,2025,9
CGKKNOCGK,DOM,22,4,RT,2026,2
CGKKNOCGK,DOM,22,5,RT,2026,1
CGKKNOCGK,DOM,22,6,RT,2026,2
CGKKNOCGK,DOM,22,7,RT,2025,3
CGKKNOCGK,DOM,22,7,RT,2026,3
CGKKNOCGK,DOM,22,8,RT,2025,3
CGKKNOCGK,DOM,22,8,RT,2026,1
CGKKNOCGK,DOM,22,10,RT,2025,3
CGKKNOCGK,DOM,22,10,RT,2026,1
CGKKNOCGK,DOM,22,14,RT,2025,9
CGKKNOCGK,DOM,22,18,RT,2026,3
CGKKNOCGK,DOM,22,40,RT,2025,2
CGKKNOCGK,DOM,22,40,RT,2026,2
CGKKNOCGK,DOM,23,1,RT,2025,3
CGKKNOCGK,DOM,23,1,RT,2026,1
CGKKNOCGK,DOM,23,2,RT,2025,6
CGKKNOCGK,DOM,23,2,RT,2026,4
CGKKNOCGK,DOM,23,3,RT,2025,3
CGKKNOCGK,DOM,23,4,RT,2026,1
CGKKNOCGK,DOM,23,5,RT,2026,2
CGKKNOCGK,DOM,23,10,RT,2026,2
CGKKNOCGK,DOM,23,12,RT,2026,7
CGKKNOCGK,DOM,23,14,RT,2025,5
CGKKNOCGK,DOM,23,14,RT,2026,5
CGKKNOCGK,DOM,23,18,RT,2025,1
CGKKNOCGK,DOM,23,25,RT,2025,5
CGKKNOCGK,DOM,23,25,RT,2026,4
CGKKNOCGK,DOM,23,40,RT,2025,5
CGKKNOCGK,DOM,23,40,RT,2026,6
CGKKNOCGK,DOM,24,1,RT,2025,4
CGKKNOCGK,DOM,24,1,RT,2026,2
CGKKNOCGK,DOM,24,2,RT,2025,11
CGKKNOCGK,DOM,24,2,RT,2026,7
CGKKNOCGK,DOM,24,3,RT,2025,7
CGKKNOCGK,DOM,24,3,RT,2026,9
CGKKNOCGK,DOM,24,4,RT,2025,1
CGKKNOCGK,DOM,24,4,RT,2026,2
CGKKNOCGK,DOM,24,5,RT,2026,1
CGKKNOCGK,DOM,24,7,RT,2025,2
CGKKNOCGK,DOM,24,10,RT,2026,5
CGKKNOCGK,DOM,24,12,RT,2025,6
CGKKNOCGK,DOM,24,14,RT,2025,1
CGKKNOCGK,DOM,24,14,RT,2026,6
CGKKNOCGK,DOM,24,18,RT,2025,2
CGKKNOCGK,DOM,24,18,RT,2026,1
CGKKNOCGK,DOM,24,40,RT,2025,6
CGKKNOCGK,DOM,25,1,RT,2025,5
CGKKNOCGK,DOM,25,2,RT,2025,6
CGKKNOCGK,DOM,25,2,RT,2026,5
CGKKNOCGK,DOM,25,3,RT,2025,4
CGKKNOCGK,DOM,25,3,RT,2026,2
CGKKNOCGK,DOM,25,4,RT,2025,5
CGKKNOCGK,DOM,25,5,RT,2026,5
CGKKNOCGK,DOM,25,6,RT,2025,1
CGKKNOCGK,DOM,25,7,RT,2025,4
CGKKNOCGK,DOM,25,7,RT,2026,2
CGKKNOCGK,DOM,25,10,RT,2025,4
CGKKNOCGK,DOM,25,10,RT,2026,4
CGKKNOCGK,DOM,25,12,RT,2025,6
CGKKNOCGK,DOM,25,12,RT,2026,4
CGKKNOCGK,DOM,25,14,RT,2025,1
CGKKNOCGK,DOM,25,18,RT,2026,2
CGKKNOCGK,DOM,25,25,RT,2025,2
CGKKNOCGK,DOM,25,25,RT,2026,2
CGKKNOCGK,DOM,25,40,RT,2025,1
CGKKNOCGK,DOM,25,40,RT,2026,1
CGKKNOCGK,DOM,26,1,RT,2025,6
CGKKNOCGK,DOM,26,1,RT,2026,3
CGKKNOCGK,DOM,26,2,RT,2025,11
CGKKNOCGK,DOM,26,3,RT,2025,1
CGKKNOCGK,DOM,26,4,RT,2025,1
CGKKNOCGK,DOM,26,6,RT,2025,2
CGKKNOCGK,DOM,26,8,RT,2025,2
CGKKNOCGK,DOM,26,8,RT,2026,2
CGKKNOCGK,DOM,26,14,RT,2025,2
CGKKNOCGK,DOM,26,14,RT,2026,11
CGKKNOCGK,DOM,26,18,RT,2025,3
CGKKNOCGK,DOM,26,25,RT,2025,5
CGKKNOCGK,DOM,26,40,RT,2025,4
CGKKNOCGK,DOM,26,40,RT,2026,6
CGKKNOCGK,DOM,27,1,RT,2026,3
CGKKNOCGK,DOM,27,2,RT,2025,8
CGKKNOCGK,DOM,27,3,RT,2025,5
CGKKNOCGK,DOM,27,4,RT,2025,3
CGKKNOCGK,DOM,27,4,RT,2026,4
CGKKNOCGK,DOM,27,5,RT,2025,1
CGKKNOCGK,DOM,27,6,RT,2025,2
CGKKNOCGK,DOM,27,7,RT,2026,1
CGKKNOCGK,DOM,27,8,RT,2025,4
CGKKNOCGK,DOM,27,10,RT,2026,1
CGKKNOCGK,DOM,27,12,RT,2025,4
CGKKNOCGK,DOM,27,12,RT,2026,1
CGKKNOCGK,DOM,27,14,RT,2025,1
CGKKNOCGK,DOM,27,14,RT,2026,9
CGKKNOCGK,DOM,27,18,RT,2025,2
CGKKNOCGK,DOM,27,25,RT,2026,3
CGKKNOCGK,DOM,27,40,RT,2026,7
CGKKNOCGK,DOM,28,1,RT,2026,2
CGKKNOCGK,DOM,28,2,RT,2025,6
CGKKNOCGK,DOM,28,2,RT,2026,7
CGKKNOCGK,DOM,28,3,RT,2025,8
CGKKNOCGK,DOM,28,3,RT,2026,3
CGKKNOCGK,DOM,28,4,RT,2026,5
CGKKNOCGK,DOM,28,5,RT,2025,5
CGKKNOCGK,DOM,28,5,RT,2026,5
CGKKNOCGK,DOM,28,6,RT,2025,2
CGKKNOCGK,DOM,28,7,RT,2025,4
CGKKNOCGK,DOM,28,8,RT,2026,1
CGKKNOCGK,DOM,28,10,RT,2026,3
CGKKNOCGK,DOM,28,12,RT,2026,6
CGKKNOCGK,DOM,28,14,RT,2025,5
CGKKNOCGK,DOM,28,14,RT,2026,1
CGKKNOCGK,DOM,28,18,RT,2026,2
CGKKNOCGK,DOM,29,1,RT,2025,7
CGKKNOCGK,DOM,29,1,RT,2026,1
CGKKNOCGK,DOM,29,2,RT,2025,5
CGKKNOCGK,DOM,29,2,RT,2026,6
CGKKNOCGK,DOM,29,3,RT,2025,1
CGKKNOCGK,DOM,29,4,RT,2025,1
CGKKNOCGK,DOM,29,5,RT,2025,4
CGKKNOCGK,DOM,29,6,RT,2025,5
CGKKNOCGK,DOM,29,7,RT,2025,1
CGKKNOCGK,DOM,29,7,RT,2026,2
CGKKNOCGK,DOM,29,10,RT,2025,7
CGKKNOCGK,DOM,29,12,RT,2025,2
CGKKNOCGK,DOM,29,12,RT,2026,2
CGKKNOCGK,DOM,29,14,RT,2025,3
CGKKNOCGK,DOM,29,18,RT,2025,1
CGKKNOCGK,DOM,29,40,RT,2025,9
CGKKNOCGK,DOM,30,1,RT,2026,3
CGKKNOCGK,DOM,30,2,RT,2025,1
CGKKNOCGK,DOM,30,2,RT,2026,1
CGKKNOCGK,DOM,30,3,RT,2025,16
CGKKNOCGK,DOM,30,3,RT,2026,2
CGKKNOCGK,DOM,30,4,RT,2025,4
CGKKNOCGK,DOM,30,4,RT,2026,5
CGKKNOCGK,DOM,30,5,RT,2025,1
CGKKNOCGK,DOM,30,5,RT,2026,1
CGKKNOCGK,DOM,30,6,RT,2025,1
CGKKNOCGK,DOM,30,7,RT,2025,2
CGKKNOCGK,DOM,30,8,RT,2026,2
CGKKNOCGK,DOM,30,14,RT,2025,7
CGKKNOCGK,DOM,30,18,RT,2025,5
CGKKNOCGK,DOM,30,18,RT,2026,2
CGKKNOCGK,DOM,30,25,RT,2026,2
CGKKNOCGK,DOM,30,40,RT,2025,1
CGKKNOCGK,DOM,31,3,RT,2026,1
CGKKNOCGK,DOM,31,6,RT,2026,4
CGKKNOCGK,DOM,31,7,RT,2026,1
CGKKNOCGK,DOM,32,2,RT,2026,2
CGKKNOCGK,DOM,32,3,RT,2025,1
CGKKNOCGK,DOM,32,4,RT,2026,1
CGKKNOCGK,DOM,32,5,RT,2025,1
CGKKNOCGK,DOM,32,8,RT,2026,5
CGKKNOCGK,DOM,33,1,RT,2026,2
CGKKNOCGK,DOM,33,5,RT,2025,7
CGKKNOCGK,DOM,33,6,RT,2025,2
CGKKNOCGK,DOM,33,7,RT,2026,2
CGKKNOCGK,DOM,33,10,RT,2025,1
CGKKNOCGK,DOM,33,12,RT,2025,8
CGKKNOCGK,DOM,33,12,RT,2026,1
CGKKNOCGK,DOM,33,40,RT,2025,4
CGKKNOCGK,DOM,33,40,RT,2026,3
CGKKNOCGK,DOM,34,3,RT,2026,4
CGKKNOCGK,DOM,34,25,RT,2025,6
CGKKNOCGK,DOM,35,2,RT,2026,3
CGKKNOCGK,DOM,35,6,RT,2025,1
CGKKNOCGK,DOM,35,8,RT,2025,1
CGKKNOCGK,DOM,35,10,RT,2026,5
CGKKNOCGK,DOM,35,25,RT,2026,1
CGKKNOCGK,DOM,36,2,RT,2025,5
CGKKNOCGK,DOM,36,2,RT,2026,4
CGKKNOCGK,DOM,36,5,RT,2025,1
CGKKNOCGK,DOM,36,8,RT,2025,2
CGKKNOCGK,DOM,36,10,RT,2025,1
CGKKNOCGK,DOM,36,18,RT,2025,4
CGKKNOCGK,DOM,36,25,RT,2026,3
CGKKNOCGK,DOM,37,3,RT,2025,2
CGKKNOCGK,DOM,37,4,RT,2026,1
CGKKNOCGK,DOM,37,10,RT,2025,1
CGKKNOCGK,DOM,38,1,RT,2025,1
CGKKNOCGK,DOM,38,2,RT,2026,1
CGKKNOCGK,DOM,38,3,RT,2025,3
CGKKNOCGK,DOM,38,3,RT,2026,1
CGKKNOCGK,DOM,38,18,RT,2026,3
CGKKNOCGK,DOM,39,2,RT,2025,6
CGKKNOCGK,DOM,39,3,RT,2025,1
CGKKNOCGK,DOM,39,8,RT,2025,3
CGKKNOCGK,DOM,39,10,RT,2025,1
CGKKNOCGK,DOM,39,14,RT,2025,1
CGKKNOCGK,DOM,39,14,RT,2026,1
CGKKNOCGK,DOM,39,18,RT,2025,1
CGKKNOCGK,DOM,39,25,RT,2026,1
CGKKNOCGK,DOM,40,1,RT,2025,1
CGKKNOCGK,DOM,40,2,RT,2026,2
CGKKNOCGK,DOM,40,4,RT,2025,5
CGKKNOCGK,DOM,40,6,RT,2026,4
CGKKNOCGK,DOM,41,1,RT,2026,3
CGKKNOCGK,DOM,41,18,RT,2025,1
CGKKNOCGK,DOM,41,25,RT,2025,6
CGKKNOCGK,DOM,42,5,RT,2025,2
CGKKNOCGK,DOM,42,10,RT,2025,1
CGKKNOCGK,DOM,42,40,RT,2026,5
CGKKNOCGK,DOM,43,1,RT,2025,5
CGKKNOCGK,DOM,43,1,RT,2026,4
CGKKNOCGK,DOM,43,6,RT,2025,1
CGKKNOCGK,DOM,43,8,RT,2025,6
CGKKNOCGK,DOM,44,1,RT,2026,3
CGKKNOCGK,DOM,44,2,RT,2026,2
CGKKNOCGK,DOM,44,3,RT,2025,1
CGKKNOCGK,DOM,44,10,RT,2025,3
CGKKNOCGK,DOM,44,25,RT,2026,8
CGKKNOCGK,DOM,44,40,RT,2026,3
CGKKNOCGK,DOM,45,2,RT,2026,1
CGKKNOCGK,DOM,45,4,RT,2025,2
CGKKNOCGK,DOM,45,6,RT,2025,1
CGKKNOCGK,DOM,45,12,RT,2026,1
CGKKNOCGK,DOM,45,14,RT,2026,3
CGKKNOCGK,DOM,46,1,RT,2026,1
CGKKNOCGK,DOM,46,5,RT,2025,1
CGKKNOCGK,DOM,46,5,RT,2026,2
CGKKNOCGK,DOM,46,8,RT,2025,1
CGKKNOCGK,DOM,46,18,RT,2025,1
CGKKNOCGK,DOM,46,18,RT,2026,2
CGKKNOCGK,DOM,47,1,RT,2025,3
CGKKNOCGK,DOM,47,4,RT,2025,4
CGKKNOCGK,DOM,47,6,RT,2025,1
CGKKNOCGK,DOM,48,2,RT,2025,13
CGKKNOCGK,DOM,48,5,RT,2026,2
CGKKNOCGK,DOM,48,7,RT,2025,2
CGKKNOCGK,DOM,48,14,RT,2025,6
CGKKNOCGK,DOM,48,18,RT,2025,1
CGKKNOCGK,DOM,48,25,RT,2026,3
CGKKNOCGK,DOM,49,1,RT,2025,3
CGKKNOCGK,DOM,49,2,RT,2025,6
CGKKNOCGK,DOM,49,2,RT,2026,5
CGKKNOCGK,DOM,49,4,RT,2026,1
CGKKNOCGK,DOM,49,6,RT,2026,3
CGKKNOCGK,DOM,49,14,RT,2026,2
CGKKNOCGK,DOM,50,2,RT,2025,5
CGKKNOCGK,DOM,50,4,RT,2026,2
CGKKNOCGK,DOM,50,25,RT,2025,3
CGKKNOCGK,DOM,51,2,RT,2026,2
CGKKNOCGK,DOM,51,4,RT,2026,3
CGKKNOCGK,DOM,51,5,RT,2026,3
CGKKNOCGK,DOM,51,7,RT,2025,2
CGKKNOCGK,DOM,51,8,RT,2025,3
CGKKNOCGK,DOM,52,2,RT,2025,3
CGKKNOCGK,DOM,52,3,RT,2026,5
CGKKNOCGK,DOM,52,4,RT,2025,4
CGKKNOCGK,DOM,52,5,RT,2026,3
CGKKNOCGK,DOM,52,18,RT,2026,1
CGKKNOCGK,DOM,53,1,RT,2026,1
CGKKNOCGK,DOM,53,3,RT,2025,1
CGKKNOCGK,DOM,53,4,RT,2026,1
CGKKNOCGK,DOM,53,7,RT,2026,1
CGKKNOCGK,DOM,53,8,RT,2025,1
CGKKNOCGK,DOM,53,25,RT,2025,6
CGKKNOCGK,DOM,54,1,RT,2025,6
CGKKNOCGK,DOM,55,2,RT,2025,1
CGKKNOCGK,DOM,55,2,RT,2026,2
CGKKNOCGK,DOM,55,4,RT,2025,1
CGKKNOCGK,DOM,55,5,RT,2025,4
CGKKNOCGK,DOM,55,6,RT,2025,2
CGKKNOCGK,DOM,55,7,RT,2025,3
CGKKNOCGK,DOM,55,7,RT,2026,4
CGKKNOCGK,DOM,55,10,RT,2026,1
CGKKNOCGK,DOM,55,12,RT,2026,4
CGKKNOCGK,DOM,56,4,RT,2025,1
CGKKNOCGK,DOM,56,5,RT,2025,3
CGKKNOCGK,DOM,56,7,RT,2025,2
CGKKNOCGK,DOM,56,10,RT,2026,2
CGKKNOCGK,DOM,56,14,RT,2026,3
CGKKNOCGK,DOM,56,25,RT,2025,1
CGKKNOCGK,DOM,56,25,RT,2026,2
CGKKNOCGK,DOM,56,40,RT,2026,1
CGKKNOCGK,DOM,57,1,RT,2025,1
CGKKNOCGK,DOM,57,2,RT,2026,3
CGKKNOCGK,DOM,57,3,RT,2025,2
CGKKNOCGK,DOM,57,10,RT,2025,5
CGKKNOCGK,DOM,57,40,RT,2025,6
CGKKNOCGK,DOM,57,40,RT,2026,1
CGKKNOCGK,DOM,58,1,RT,2026,6
CGKKNOCGK,DOM,58,14,RT,2026,2
CGKKNOCGK,DOM,58,40,RT,2025,3
CGKKNOCGK,DOM,59,1,RT,2026,3
CGKKNOCGK,DOM,59,25,RT,2026,1
CGKKNOCGK,DOM,60,5,RT,2025,2
CGKKNOCGK,DOM,60,6,RT,2025,4
CGKKNOCGK,DOM,60,14,RT,2026,6
CGKKNOCGK,DOM,60,40,RT,2025,4
CGKKNOCGK,DOM,61,1,RT,2025,2
CGKKNOCGK,DOM,61,5,RT,2026,1
CGKKNOCGK,DOM,61,18,RT,2025,3
CGKKNOCGK,DOM,61,18,RT,2026,2
CGKKNOCGK,DOM,61,40,RT,2025,2
CGKKNOCGK,DOM,62,3,RT,2025,1
CGKKNOCGK,DOM,62,4,RT,2025,6
CGKKNOCGK,DOM,62,40,RT,2025,1
CGKKNOCGK,DOM,63,1,RT,2026,1
CGKKNOCGK,DOM,63,3,RT,2025,3
CGKKNOCGK,DOM,63,7,RT,2026,2
CGKKNOCGK,DOM,64,2,RT,2025,1
CGKKNOCGK,DOM,64,4,RT,2025,3
CGKKNOCGK,DOM,64,6,RT,2026,1
CGKKNOCGK,DOM,64,7,RT,2025,2
CGKKNOCGK,DOM,64,10,RT,2025,5
CGKKNOCGK,DOM,64,12,RT,2026,3
CGKKNOCGK,DOM,64,18,RT,2025,5
CGKKNOCGK,DOM,65,1,RT,2025,3
CGKKNOCGK,DOM,65,1,RT,2026,1
CGKKNOCGK,DOM,65,3,RT,2026,2
CGKKNOCGK,DOM,65,6,RT,2025,2
CGKKNOCGK,DOM,65,8,RT,2025,3
CGKKNOCGK,DOM,65,14,RT,2025,2
CGKKNOCGK,DOM,65,40,RT,2026,1
CGKKNOCGK,DOM,66,1,RT,2025,6
CGKKNOCGK,DOM,66,1,RT,2026,1
CGKKNOCGK,DOM,66,4,RT,2025,4
CGKKNOCGK,DOM,66,5,RT,2025,8
CGKKNOCGK,DOM,66,6,RT,2025,6
CGKKNOCGK,DOM,66,8,RT,2026,2
CGKKNOCGK,DOM,66,12,RT,2025,4
CGKKNOCGK,DOM,66,12,RT,2026,5
CGKKNOCGK,DOM,67,1,RT,2026,4
CGKKNOCGK,DOM,67,2,RT,2025,4
CGKKNOCGK,DOM,67,2,RT,2026,3
CGKKNOCGK,DOM,67,3,RT,2025,3
CGKKNOCGK,DOM,67,7,RT,2025,1
CGKKNOCGK,DOM,67,18,RT,2026,6
CGKKNOCGK,DOM,68,1,RT,2025,1
CGKKNOCGK,DOM,68,2,RT,2026,1
CGKKNOCGK,DOM,68,3,RT,2025,4
CGKKNOCGK,DOM,68,14,RT,2026,3
CGKKNOCGK,DOM,69,2,RT,2026,1
CGKKNOCGK,DOM,69,4,RT,2025,1
CGKKNOCGK,DOM,69,4,RT,2026,3
CGKKNOCGK,DOM,69,10,RT,2025,1
CGKKNOCGK,DOM,69,12,RT,2025,4
CGKKNOCGK,DOM,69,12,RT,2026,1
CGKKNOCGK,DOM,70,3,RT,2025,5
CGKKNOCGK,DOM,71,1,RT,2025,4
CGKKNOCGK,DOM,71,2,RT,2026,1
CGKKNOCGK,DOM,71,3,RT,2026,5
CGKKNOCGK,DOM,71,4,RT,2026,2
CGKKNOCGK,DOM,71,5,RT,2026,4
CGKKNOCGK,DOM,71,25,RT,2026,2
CGKKNOCGK,DOM,72,1,RT,2026,6
CGKKNOCGK,DOM,72,5,RT,2026,2
CGKKNOCGK,DOM,72,6,RT,2025,2
CGKKNOCGK,DOM,72,7,RT,2025,3
CGKKNOCGK,DOM,72,18,RT,2026,1
CGKKNOCGK,DOM,73,1,RT,2025,1
CGKKNOCGK,DOM,73,2,RT,2025,1
CGKKNOCGK,DOM,73,3,RT,2025,3
CGKKNOCGK,DOM,73,3,RT,2026,1
CGKKNOCGK,DOM,73,8,RT,2025,1
CGKKNOCGK,DOM,73,18,RT,2026,1
CGKKNOCGK,DOM,73,40,RT,2025,1
CGKKNOCGK,DOM,74,3,RT,2026,2
CGKKNOCGK,DOM,74,7,RT,2025,3
CGKKNOCGK,DOM,74,10,RT,2025,1
CGKKNOCGK,DOM,74,14,RT,2025,1
CGKKNOCGK,DOM,74,14,RT,2026,1
CGKKNOCGK,DOM,75,2,RT,2025,1
CGKKNOCGK,DOM,75,2,RT,2026,1
CGKKNOCGK,DOM,75,4,RT,2025,3
CGKKNOCGK,DOM,75,14,RT,2025,3
CGKKNOCGK,DOM,75,14,RT,2026,1
CGKKNOCGK,DOM,75,25,RT,2025,2
CGKKNOCGK,DOM,75,25,RT,2026,1
CGKKNOCGK,DOM,76,4,RT,2025,5
CGKKNOCGK,DOM,76,7,RT,2026,1
CGKKNOCGK,DOM,76,8,RT,2025,1
CGKKNOCGK,DOM,76,8,RT,2026,1
CGKKNOCGK,DOM,76,18,RT,2025,4
CGKKNOCGK,DOM,77,3,RT,2026,2
CGKKNOCGK,DOM,77,6,RT,2026,1
CGKKNOCGK,DOM,77,8,RT,2025,6
CGKKNOCGK,DOM,77,10,RT,2025,1
CGKKNOCGK,DOM,77,14,RT,2026,1
CGKKNOCGK,DOM,77,18,RT,2026,2
CGKKNOCGK,DOM,77,25,RT,2026,4
CGKKNOCGK,DOM,78,1,RT,2026,2
CGKKNOCGK,DOM,78,2,RT,2026,1
CGKKNOCGK,DOM,78,3,RT,2025,1
CGKKNOCGK,DOM,78,5,RT,2026,3
CGKKNOCGK,DOM,78,6,RT,2025,2
CGKKNOCGK,DOM,78,6,RT,2026,1
CGKKNOCGK,DOM,78,7,RT,2026,5
CGKKNOCGK,DOM,78,18,RT,2025,1
CGKKNOCGK,DOM,78,25,RT,2026,1
CGKKNOCGK,DOM,79,4,RT,2025,1
CGKKNOCGK,DOM,79,5,RT,2025,1
CGKKNOCGK,DOM,79,7,RT,2026,3
CGKKNOCGK,DOM,79,10,RT,2025,2
CGKKNOCGK,DOM,79,18,RT,2026,2
CGKKNOCGK,DOM,80,1,RT,2025,6
CGKKNOCGK,DOM,80,5,RT,2026,4
CGKKNOCGK,DOM,80,8,RT,2025,6
CGKKNOCGK,DOM,80,8,RT,2026,2
CGKKNOCGK,DOM,80,14,RT,2025,2
CGKKNOCGK,DOM,80,40,RT,2025,1
CGKKNOCGK,DOM,81,2,RT,2026,6
CGKKNOCGK,DOM,81,4,RT,2025,3
CGKKNOCGK,DOM,81,5,RT,2026,2
CGKKNOCGK,DOM,81,12,RT,2025,1
CGKKNOCGK,DOM,81,12,RT,2026,2
CGKKNOCGK,DOM,81,14,RT,2026,4
CGKKNOCGK,DOM,81,18,RT,2025,4
CGKKNOCGK,DOM,81,40,RT,2026,6
CGKKNOCGK,DOM,82,1,RT,2025,5
CGKKNOCGK,DOM,82,4,RT,2026,3
CGKKNOCGK,DOM,82,6,RT,2025,4
CGKKNOCGK,DOM,82,7,RT,2026,1
CGKKNOCGK,DOM,82,8,RT,2026,1
CGKKNOCGK,DOM,82,14,RT,2025,1
CGKKNOCGK,DOM,82,40,RT,2026,4
CGKKNOCGK,DOM,83,8,RT,2025,4
CGKKNOCGK,DOM,83,10,RT,2025,2
CGKKNOCGK,DOM,83,10,RT,2026,1
CGKKNOCGK,DOM,83,40,RT,2025,6
CGKKNOCGK,DOM,84,2,RT,2025,1
CGKKNOCGK,DOM,84,2,RT,2026,1
CGKKNOCGK,DOM,84,5,RT,2026,2
CGKKNOCGK,DOM,84,25,RT,2026,2
CGKKNOCGK,DOM,84,40,RT,2025,3
CGKKNOCGK,DOM,85,1,RT,2026,2
CGKKNOCGK,DOM,85,2,RT,2025,1
CGKKNOCGK,DOM,85,3,RT,2026,1
CGKKNOCGK,DOM,85,4,RT,2025,1
CGKKNOCGK,DOM,85,8,RT,2025,4
CGKKNOCGK,DOM,85,14,RT,2026,6
CGKKNOCGK,DOM,85,18,RT,2025,2
CGKKNOCGK,DOM,86,1,RT,2025,2
CGKKNOCGK,DOM,86,3,RT,2025,4
CGKKNOCGK,DOM,86,4,RT,2025,5
CGKKNOCGK,DOM,86,10,RT,2026,2
CGKKNOCGK,DOM,86,25,RT,2026,2
CGKKNOCGK,DOM,87,1,RT,2026,1
CGKKNOCGK,DOM,87,3,RT,2026,4
CGKKNOCGK,DOM,87,5,RT,2026,2
CGKKNOCGK,DOM,87,6,RT,2025,2
CGKKNOCGK,DOM,87,25,RT,2025,5
CGKKNOCGK,DOM,88,18,RT,2025,1
CGKKNOCGK,DOM,88,25,RT,2025,1
CGKKNOCGK,DOM,88,40,RT,2025,4
CGKKNOCGK,DOM,89,1,RT,2025,1
CGKKNOCGK,DOM,89,2,RT,2025,4
CGKKNOCGK,DOM,89,2,RT,2026,4
CGKKNOCGK,DOM,89,7,RT,2025,1
CGKKNOCGK,DOM,89,8,RT,2025,6
CGKKNOCGK,DOM,90,2,RT,2026,2
CGKKNOCGK,DOM,90,5,RT,2026,1
CGKKNOCGK,DOM,90,40,RT,2025,5
CGKKNOCGK,DOM,90,40,RT,2026,2
CGKKNOCGK,DOM,91,2,RT,2025,3
CGKKNOCGK,DOM,93,10,RT,2025,1
CGKKNOCGK,DOM,93,25,RT,2025,7
CGKKNOCGK,DOM,94,1,RT,2026,2
CGKKNOCGK,DOM,94,7,RT,2025,6
CGKKNOCGK,DOM,94,8,RT,2025,1
CGKKNOCGK,DOM,94,40,RT,2026,1
CGKKNOCGK,DOM,95,3,RT,2026,1
CGKKNOCGK,DOM,95,7,RT,2025,1
CGKKNOCGK,DOM,95,10,RT,2026,2
CGKKNOCGK,DOM,95,25,RT,2026,2
CGKKNOCGK,DOM,95,40,RT,2025,1
CGKKNOCGK,DOM,96,2,RT,2025,1
CGKKNOCGK,DOM,96,8,RT,2025,1
CGKKNOCGK,DOM,96,8,RT,2026,5
CGKKNOCGK,DOM,96,40,RT,2025,1
CGKKNOCGK,DOM,100,40,RT,2026,2
CGKKNOCGK,DOM,101,3,RT,2026,1
CGKKNOCGK,DOM,101,8,RT,2025,2
CGKKNOCGK,DOM,101,14,RT,2026,1
CGKKNOCGK,DOM,102,10,RT,2025,4
CGKKNOCGK,DOM,102,25,RT,2026,5
CGKKNOCGK,DOM,103,2,RT,2025,2
CGKKNOCGK,DOM,103,3,RT,2025,4
CGKKNOCGK,DOM,103,10,RT,2026,1
CGKKNOCGK,DOM,106,8,RT,2025,1
CGKKNOCGK,DOM,107,2,RT,2026,7
CGKKNOCGK,DOM,107,7,RT,2025,1
CGKKNOCGK,DOM,108,40,RT,2025,1
CGKKNOCGK,DOM,110,3,RT,2025,1
CGKKNOCGK,DOM,111,3,RT,2025,1
CGKKNOCGK,DOM,111,4,RT,2025,1
CGKKNOCGK,DOM,112,2,RT,2025,3
CGKKNOCGK,DOM,113,14,RT,2025,1
CGKKNOCGK,DOM,113,25,RT,2025,3
CGKKNOCGK,DOM,114,3,RT,2025,2
CGKKNOCGK,DOM,116,1,RT,2026,1
CGKKNOCGK,DOM,118,2,RT,2025,2
CGKKNOCGK,DOM,118,3,RT,2026,1
CGKKNOCGK,DOM,119,1,RT,2025,2
CGKKNOCGK,DOM,119,3,RT,2026,1
CGKKNOCGK,DOM,120,40,RT,2025,2
CGKKNOCGK,DOM,121,1,RT,2026,5
CGKKNOCGK,DOM,121,18,RT,2026,3
CGKKNOCGK,DOM,122,1,RT,2026,4
CGKKNOCGK,DOM,122,14,RT,2025,1
CGKKNOCGK,DOM,124,4,RT,2025,1
CGKKNOCGK,DOM,125,18,RT,2025,4
CGKKNOCGK,DOM,125,40,RT,2025,7
CGKKNOCGK,DOM,126,5,RT,2026,1
CGKKNOCGK,DOM,126,18,RT,2026,3
CGKKNOCGK,DOM,127,1,RT,2026,1
CGKKNOCGK,DOM,128,1,RT,2025,3
CGKKNOCGK,DOM,128,25,RT,2026,2
CGKKNOCGK,DOM,132,40,RT,2026,3
CGKKNOCGK,DOM,133,5,RT,2025,1
CGKKNOCGK,DOM,133,18,RT,2026,1
CGKKNOCGK,DOM,136,10,RT,2025,2
CGKKNOCGK,DOM,137,6,RT,2026,5
CGKKNOCGK,DOM,137,7,RT,2026,6
CGKKNOCGK,DOM,138,1,RT,2026,2
CGKKNOCGK,DOM,138,4,RT,2025,1
CGKKNOCGK,DOM,139,1,RT,2026,1
CGKKNOCGK,DOM,139,4,RT,2026,2
CGKKNOCGK,DOM,141,12,RT,2026,2
CGKKNOCGK,DOM,142,12,RT,2026,3
CGKKNOCGK,DOM,143,6,RT,2025,2
CGKKNOCGK,DOM,145,25,RT,2026,1
CGKKNOCGK,DOM,149,1,RT,2025,1
CGKKNOCGK,DOM,149,3,RT,2025,5
CGKKNOCGK,DOM,149,3,RT,2026,6
CGKKNOCGK,DOM,149,25,RT,2025,1
CGKKNOCGK,DOM,151,14,RT,2025,1
CGKKNOCGK,DOM,152,1,RT,2026,3
CGKKNOCGK,DOM,152,6,RT,2025,3
CGKKNOCGK,DOM,152,10,RT,2025,1
CGKKNOCGK,DOM,152,12,RT,2026,2
CGKKNOCGK,DOM,153,2,RT,2025,5
CGKKNOCGK,DOM,154,1,RT,2025,1
CGKKNOCGK,DOM,154,8,RT,2025,4
CGKKNOCGK,DOM,154,40,RT,2026,2
CGKKNOCGK,DOM,155,1,RT,2026,2
CGKKNOCGK,DOM,155,3,RT,2025,5
CGKKNOCGK,DOM,155,5,RT,2026,4
CGKKNOCGK,DOM,156,2,RT,2026,3
CGKKNOCGK,DOM,156,7,RT,2026,1
CGKKNOCGK,DOM,156,25,RT,2026,4
CGKKNOCGK,DOM,158,1,RT,2026,1
CGKKNOCGK,DOM,160,5,RT,2026,3
CGKKNOCGK,DOM,162,40,RT,2026,2
CGKKNOCGK,DOM,163,3,RT,2026,1
CGKKNOCGK,DOM,163,4,RT,2025,1
CGKKNOCGK,DOM,163,12,RT,2026,1
CGKKNOCGK,DOM,164,1,RT,2025,1
CGKKNOCGK,DOM,164,1,RT,2026,1
CGKKNOCGK,DOM,164,3,RT,2026,1
CGKKNOCGK,DOM,164,5,RT,2026,2
CGKKNOCGK,DOM,166,5,RT,2026,1
CGKKNOCGK,DOM,167,3,RT,2026,2
CGKKNOCGK,DOM,169,2,RT,2025,3
CGKKNOCGK,DOM,169,4,RT,2026,2
CGKKNOCGK,DOM,169,18,RT,2026,2
CGKKNOCGK,DOM,170,6,RT,2026,3
CGKKNOCGK,DOM,170,25,RT,2026,1
CGKKNOCGK,DOM,171,2,RT,2025,2
CGKKNOCGK,DOM,171,14,RT,2025,2
CGKKNOCGK,DOM,172,7,RT,2026,2
CGKKNOCGK,DOM,174,18,RT,2025,6
CGKKNOCGK,DOM,174,40,RT,2025,1
CGKKNOCGK,DOM,176,3,RT,2025,2
CGKKNOCGK,DOM,176,8,RT,2026,3
CGKKNOCGK,DOM,178,4,RT,2025,1
CGKKNOCGK,DOM,179,10,RT,2025,4
CGKKNOCGK,DOM,179,18,RT,2025,2
CGKKNOCGK,DOM,180,12,RT,2025,3
CGKKNOCGK,DOM,181,12,RT,2025,5
CGKKNOCGK,DOM,181,40,RT,2025,1
CGKKNOCGK,DOM,182,6,RT,2026,1
CGKKNOCGK,DOM,183,7,RT,2026,3
CGKKNOCGK,DOM,185,2,RT,2025,2
CGKKNOCGK,DOM,185,5,RT,2025,3
CGKKNOCGK,DOM,187,25,RT,2025,2
CGKKNOCGK,DOM,189,2,RT,2025,3
CGKKNOCGK,DOM,190,40,RT,2026,3
CGKKNOCGK,DOM,191,4,RT,2026,1
CGKKNOCGK,DOM,191,25,RT,2025,4
CGKKNOCGK,DOM,193,1,RT,2025,6
CGKKNOCGK,DOM,194,1,RT,2025,1
CGKKNOCGK,DOM,194,3,RT,2026,2
CGKKNOCGK,DOM,194,6,RT,2025,2
CGKKNOCGK,DOM,195,4,RT,2026,2
CGKKNOCGK,DOM,196,1,RT,2026,2
CGKKNOCGK,DOM,199,6,RT,2025,1
CGKKNOCGK,DOM,200,3,RT,2026,2
CGKKNOCGK,DOM,202,18,RT,2025,5
CGKKNOCGK,DOM,202,40,RT,2026,4
CGKKNOCGK,DOM,203,1,RT,2025,1
CGKKNOCGK,DOM,203,6,RT,2025,2
CGKKNOCGK,DOM,204,1,RT,2026,2
CGKKNOCGK,DOM,205,3,RT,2026,4
CGKKNOCGK,DOM,206,18,RT,2026,1
CGKKNOCGK,DOM,207,1,RT,2026,5
CGKKNOCGK,DOM,207,3,RT,2026,9
CGKKNOCGK,DOM,207,4,RT,2025,5
CGKKNOCGK,DOM,208,2,RT,2025,1
CGKKNOCGK,DOM,208,2,RT,2026,2
CGKKNOCGK,DOM,208,7,RT,2025,1
CGKKNOCGK,DOM,209,5,RT,2025,6
CGKKNOCGK,DOM,210,3,RT,2026,1
CGKKNOCGK,DOM,212,12,RT,2025,2
CGKKNOCGK,DOM,215,3,RT,2025,1
CGKKNOCGK,DOM,215,4,RT,2026,1
CGKKNOCGK,DOM,216,2,RT,2025,5
CGKKNOCGK,DOM,217,12,RT,2025,1
CGKKNOCGK,DOM,218,14,RT,2025,5
CGKKNOCGK,DOM,219,5,RT,2025,4
CGKKUL,INT,0,0,OW,2025,12
CGKKUL,INT,0,0,OW,2026,17
CGKKUL,INT,1,0,OW,2025,21
CGKKUL,INT,1,0,OW,2026,19
CGKKUL,INT,2,0,OW,2025,22
CGKKUL,INT,2,0,OW,2026,14
CGKKUL,INT,3,0,OW,2025,26
CGKKUL,INT,3,0,OW,2026,12
CGKKUL,INT,4,0,OW,2025,17
CGKKUL,INT,4,0,OW,2026,18
CGKKUL,INT,5,0,OW,2025,27
CGKKUL,INT,5,0,OW,2026,33
CGKKUL,INT,6,0,OW,2025,29
CGKKUL,INT,6,0,OW,2026,16
CGKKUL,INT,7,0,OW,2025,24
CGKKUL,INT,7,0,OW,2026,22
CGKKUL,INT,8,0,OW,2025,8
CGKKUL,INT,8,0,OW,2026,5
CGKKUL,INT,9,0,OW,2025,10
CGKKUL,INT,9,0,OW,2026,10
CGKKUL,INT,10,0,OW,2025,10
CGKKUL,INT,10,0,OW,2026,14
CGKKUL,INT,11,0,OW,2025,5
CGKKUL,INT,11,0,OW,2026,9
CGKKUL,INT,12,0,OW,2025,7
CGKKUL,INT,12,0,OW,2026,6
CGKKUL,INT,13,0,OW,2025,4
CGKKUL,INT,13,0,OW,2026,2
CGKKUL,INT,14,0,OW,2025,11
CGKKUL,INT,14,0,OW,2026,12
CGKKUL,INT,15,0,OW,2025,17
CGKKUL,INT,15,0,OW,2026,16
CGKKUL,INT,16,0,OW,2025,16
CGKKUL,INT,16,0,OW,2026,8
CGKKUL,INT,17,0,OW,2025,7
CGKKUL,INT,17,0,OW,2026,9
CGKKUL,INT,18,0,OW,2025,21
CGKKUL,INT,18,0,OW,2026,9
CGKKUL,INT,19,0,OW,2025,14
CGKKUL,INT,19,0,OW,2026,6
CGKKUL,INT,20,0,OW,2025,23
CGKKUL,INT,20,0,OW,2026,10
CGKKUL,INT,21,0,OW,2025,5
CGKKUL,INT,21,0,OW,2026,13
CGKKUL,INT,22,0,OW,2025,8
CGKKUL,INT,22,0,OW,2026,1
CGKKUL,INT,23,0,OW,2025,12
CGKKUL,INT,23,0,OW,2026,10
CGKKUL,INT,24,0,OW,2025,8
CGKKUL,INT,24,0,OW,2026,4
CGKKUL,INT,25,0,OW,2025,7
CGKKUL,INT,25,0,OW,2026,8
CGKKUL,INT,26,0,OW,2025,2
CGKKUL,INT,26,0,OW,2026,3
CGKKUL,INT,27,0,OW,2025,3
CGKKUL,INT,27,0,OW,2026,8
CGKKUL,INT,28,0,OW,2025,7
CGKKUL,INT,28,0,OW,2026,5
CGKKUL,INT,29,0,OW,2025,10
CGKKUL,INT,29,0,OW,2026,4
CGKKUL,INT,30,0,OW,2025,11
CGKKUL,INT,32,0,OW,2025,1
CGKKUL,INT,33,0,OW,2025,6
CGKKUL,INT,33,0,OW,2026,5
CGKKUL,INT,34,0,OW,2025,2
CGKKUL,INT,34,0,OW,2026,3
CGKKUL,INT,35,0,OW,2025,1
CGKKUL,INT,36,0,OW,2026,3
CGKKUL,INT,37,0,OW,2025,1
CGKKUL,INT,38,0,OW,2025,1
CGKKUL,INT,38,0,OW,2026,9
CGKKUL,INT,39,0,OW,2025,1
CGKKUL,INT,39,0,OW,2026,1
CGKKUL,INT,42,0,OW,2025,5
CGKKUL,INT,43,0,OW,2025,6
CGKKUL,INT,43,0,OW,2026,1
CGKKUL,INT,44,0,OW,2025,2
CGKKUL,INT,44,0,OW,2026,6
CGKKUL,INT,45,0,OW,2025,12
CGKKUL,INT,46,0,OW,2025,2
CGKKUL,INT,48,0,OW,2025,4
CGKKUL,INT,48,0,OW,2026,2
CGKKUL,INT,49,0,OW,2025,2
CGKKUL,INT,50,0,OW,2025,4
CGKKUL,INT,50,0,OW,2026,2
CGKKUL,INT,51,0,OW,2025,2
CGKKUL,INT,51,0,OW,2026,3
CGKKUL,INT,52,0,OW,2026,2
CGKKUL,INT,53,0,OW,2025,13
CGKKUL,INT,53,0,OW,2026,2
CGKKUL,INT,54,0,OW,2025,1
CGKKUL,INT,55,0,OW,2025,9
CGKKUL,INT,55,0,OW,2026,1
CGKKUL,INT,56,0,OW,2025,2
CGKKUL,INT,56,0,OW,2026,1
CGKKUL,INT,57,0,OW,2025,9
CGKKUL,INT,59,0,OW,2025,4
CGKKUL,INT,59,0,OW,2026,1
CGKKUL,INT,62,0,OW,2025,6
CGKKUL,INT,63,0,OW,2025,2
CGKKUL,INT,63,0,OW,2026,4
CGKKUL,INT,64,0,OW,2025,2
CGKKUL,INT,65,0,OW,2025,2
CGKKUL,INT,65,0,OW,2026,1
CGKKUL,INT,66,0,OW,2025,1
CGKKUL,INT,66,0,OW,2026,3
CGKKUL,INT,68,0,OW,2026,3
CGKKUL,INT,69,0,OW,2025,2
CGKKUL,INT,70,0,OW,2025,1
CGKKUL,INT,70,0,OW,2026,6
CGKKUL,INT,71,0,OW,2025,5
CGKKUL,INT,72,0,OW,2025,1
CGKKUL,INT,72,0,OW,2026,2
CGKKUL,INT,74,0,OW,2025,3
CGKKUL,INT,74,0,OW,2026,3
CGKKUL,INT,75,0,OW,2026,3
CGKKUL,INT,76,0,OW,2025,6
CGKKUL,INT,76,0,OW,2026,1
CGKKUL,INT,77,0,OW,2025,3
CGKKUL,INT,78,0,OW,2026,1
CGKKUL,INT,80,0,OW,2026,2
CGKKUL,INT,81,0,OW,2025,6
CGKKUL,INT,81,0,OW,2026,3
CGKKUL,INT,85,0,OW,2025,1
CGKKUL,INT,85,0,OW,2026,2
CGKKUL,INT,86,0,OW,2025,1
CGKKUL,INT,89,0,OW,2026,1
CGKKUL,INT,90,0,OW,2026,1
CGKKUL,INT,92,0,OW,2025,1
CGKKUL,INT,102,0,OW,2026,2
CGKKUL,INT,108,0,OW,2025,2
CGKKUL,INT,116,0,OW,2026,6
CGKKUL,INT,117,0,OW,2026,1
CGKKUL,INT,119,0,OW,2026,6
CGKKUL,INT,120,0,OW,2025,5
CGKKUL,INT,121,0,OW,2026,1
CGKKUL,INT,125,0,OW,2025,2
CGKKUL,INT,125,0,OW,2026,3
CGKKUL,INT,137,0,OW,2025,2
CGKKUL,INT,139,0,OW,2026,1
CGKKUL,INT,141,0,OW,2026,1
CGKKUL,INT,145,0,OW,2025,2
CGKKUL,INT,151,0,OW,2025,1
CGKKUL,INT,154,0,OW,2025,6
CGKKUL,INT,155,0,OW,2026,6
CGKKUL,INT,162,0,OW,2026,1
CGKKUL,INT,168,0,OW,2026,1
CGKKUL,INT,171,0,OW,2025,2
CGKKUL,INT,173,0,OW,2025,6
CGKKUL,INT,177,0,OW,2025,2
CGKKUL,INT,181,0,OW,2026,1
CGKKUL,INT,186,0,OW,2026,2
CGKKUL,INT,194,0,OW,2025,5
CGKKUL,INT,194,0,OW,2026,3
CGKKUL,INT,198,0,OW,2025,5
CGKKUL,INT,203,0,OW,2026,3
CGKKUL,INT,204,0,OW,2026,1
CGKKUL,INT,205,0,OW,2025,5
CGKKUL,INT,213,0,OW,2026,1
CGKKUL,INT,214,0,OW,2025,1
CGKKUL,INT,218,0,OW,2025,3
CGKKUL,INT,219,0,OW,2026,2
CGKKULCGK,INT,0,1,RT,2025,2
CGKKULCGK,INT,0,1,RT,2026,2
CGKKULCGK,INT,0,2,RT,2025,12
CGKKULCGK,INT,0,3,RT,2025,1
CGKKULCGK,INT,0,3,RT,2026,2
CGKKULCGK,INT,0,6,RT,2025,3
CGKKULCGK,INT,0,8,RT,2025,3
CGKKULCGK,INT,0,8,RT,2026,2
CGKKULCGK,INT,0,12,RT,2025,1
CGKKULCGK,INT,0,18,RT,2026,3
CGKKULCGK,INT,0,25,RT,2026,1
CGKKULCGK,INT,0,40,RT,2026,4
CGKKULCGK,INT,1,1,RT,2025,2
CGKKULCGK,INT,1,1,RT,2026,1
CGKKULCGK,INT,1,2,RT,2025,2
CGKKULCGK,INT,1,3,RT,2025,3
CGKKULCGK,INT,1,4,RT,2025,2
CGKKULCGK,INT,1,5,RT,2026,4
CGKKULCGK,INT,1,7,RT,2025,7
CGKKULCGK,INT,1,8,RT,2026,1
CGKKULCGK,INT,1,10,RT,2026,5
CGKKULCGK,INT,1,12,RT,2025,2
CGKKULCGK,INT,1,18,RT,2025,1
CGKKULCGK,INT,1,18,RT,2026,2
CGKKULCGK,INT,1,25,RT,2025,9
CGKKULCGK,INT,1,25,RT,2026,5
CGKKULCGK,INT,1,40,RT,2025,1
CGKKULCGK,INT,2,1,RT,2025,3
CGKKULCGK,INT,2,1,RT,2026,5
CGKKULCGK,INT,2,2,RT,2026,2
CGKKULCGK,INT,2,4,RT,2026,6
CGKKULCGK,INT,2,5,RT,2025,4
CGKKULCGK,INT,2,5,RT,2026,3
CGKKULCGK,INT,2,6,RT,2026,6
CGKKULCGK,INT,2,8,RT,2025,1
CGKKULCGK,INT,2,8,RT,2026,4
CGKKULCGK,INT,2,10,RT,2025,1
CGKKULCGK,INT,2,12,RT,2025,1
CGKKULCGK,INT,2,12,RT,2026,1
CGKKULCGK,INT,2,18,RT,2026,1
CGKKULCGK,INT,2,25,RT,2026,1
CGKKULCGK,INT,3,1,RT,2026,2
CGKKULCGK,INT,3,2,RT,2025,4
CGKKULCGK,INT,3,2,RT,2026,9
CGKKULCGK,INT,3,3,RT,2026,4
CGKKULCGK,INT,3,8,RT,2025,1
CGKKULCGK,INT,3,12,RT,2026,1
CGKKULCGK,INT,3,18,RT,2025,2
CGKKULCGK,INT,4,1,RT,2026,2
CGKKULCGK,INT,4,2,RT,2025,1
CGKKULCGK,INT,4,3,RT,2026,1
CGKKULCGK,INT,4,4,RT,2025,1
CGKKULCGK,INT,4,6,RT,2025,5
CGKKULCGK,INT,4,7,RT,2026,1
CGKKULCGK,INT,4,18,RT,2025,3
CGKKULCGK,INT,4,18,RT,2026,2
CGKKULCGK,INT,4,25,RT,2026,1
CGKKULCGK,INT,4,40,RT,2025,1
CGKKULCGK,INT,4,40,RT,2026,1
CGKKULCGK,INT,5,1,RT,2025,3
CGKKULCGK,INT,5,1,RT,2026,9
CGKKULCGK,INT,5,2,RT,2025,2
CGKKULCGK,INT,5,4,RT,2026,1
CGKKULCGK,INT,5,5,RT,2026,3
CGKKULCGK,INT,5,6,RT,2025,1
CGKKULCGK,INT,5,7,RT,2026,1
CGKKULCGK,INT,5,10,RT,2025,1
CGKKULCGK,INT,5,14,RT,2026,1
CGKKULCGK,INT,5,18,RT,2026,3
CGKKULCGK,INT,5,25,RT,2025,6
CGKKULCGK,INT,5,40,RT,2026,2
CGKKULCGK,INT,6,1,RT,2025,5
CGKKULCGK,INT,6,4,RT,2026,1
CGKKULCGK,INT,6,6,RT,2026,1
CGKKULCGK,INT,6,7,RT,2025,4
CGKKULCGK,INT,6,8,RT,2025,2
CGKKULCGK,INT,6,10,RT,2026,2
CGKKULCGK,INT,6,12,RT,2026,1
CGKKULCGK,INT,6,14,RT,2025,3
CGKKULCGK,INT,6,25,RT,2026,5
CGKKULCGK,INT,6,40,RT,2025,5
CGKKULCGK,INT,6,40,RT,2026,2
CGKKULCGK,INT,7,1,RT,2025,4
CGKKULCGK,INT,7,2,RT,2025,2
CGKKULCGK,INT,7,2,RT,2026,5
CGKKULCGK,INT,7,3,RT,2025,1
CGKKULCGK,INT,7,3,RT,2026,5
CGKKULCGK,INT,7,4,RT,2025,2
CGKKULCGK,INT,7,4,RT,2026,2
CGKKULCGK,INT,7,5,RT,2025,1
CGKKULCGK,INT,7,10,RT,2026,1
CGKKULCGK,INT,7,12,RT,2025,6
CGKKULCGK,INT,7,14,RT,2025,1
CGKKULCGK,INT,8,1,RT,2025,1
CGKKULCGK,INT,8,2,RT,2025,1
CGKKULCGK,INT,8,3,RT,2025,2
CGKKULCGK,INT,8,3,RT,2026,5
CGKKULCGK,INT,8,7,RT,2025,4
CGKKULCGK,INT,8,10,RT,2025,4
CGKKULCGK,INT,8,12,RT,2025,6
CGKKULCGK,INT,8,14,RT,2025,1
CGKKULCGK,INT,8,25,RT,2026,2
CGKKULCGK,INT,8,40,RT,2025,6
CGKKULCGK,INT,9,1,RT,2026,2
CGKKULCGK,INT,9,2,RT,2026,2
CGKKULCGK,INT,9,3,RT,2025,1
CGKKULCGK,INT,9,3,RT,2026,1
CGKKULCGK,INT,9,10,RT,2025,1
CGKKULCGK,INT,9,12,RT,2026,11
CGKKULCGK,INT,9,14,RT,2025,3
CGKKULCGK,INT,9,25,RT,2026,3
CGKKULCGK,INT,10,2,RT,2025,1
CGKKULCGK,INT,10,3,RT,2026,1
CGKKULCGK,INT,10,4,RT,2025,2
CGKKULCGK,INT,10,8,RT,2025,2
CGKKULCGK,INT,10,14,RT,2025,1
CGKKULCGK,INT,10,18,RT,2026,2
CGKKULCGK,INT,11,1,RT,2025,3
CGKKULCGK,INT,11,2,RT,2025,9
CGKKULCGK,INT,11,4,RT,2025,5
CGKKULCGK,INT,11,6,RT,2025,3
CGKKULCGK,INT,11,6,RT,2026,3
CGKKULCGK,INT,11,12,RT,2026,1
CGKKULCGK,INT,11,14,RT,2025,2
CGKKULCGK,INT,11,14,RT,2026,1
CGKKULCGK,INT,12,1,RT,2026,1
CGKKULCGK,INT,12,4,RT,2025,4
CGKKULCGK,INT,12,5,RT,2026,2
CGKKULCGK,INT,12,8,RT,2025,4
CGKKULCGK,INT,12,8,RT,2026,1
CGKKULCGK,INT,12,10,RT,2026,1
CGKKULCGK,INT,13,1,RT,2026,6
CGKKULCGK,INT,13,2,RT,2026,2
CGKKULCGK,INT,13,3,RT,2025,3
CGKKULCGK,INT,13,5,RT,2025,1
CGKKULCGK,INT,13,7,RT,2026,5
CGKKULCGK,INT,14,3,RT,2025,4
CGKKULCGK,INT,14,4,RT,2025,1
CGKKULCGK,INT,14,6,RT,2025,1
CGKKULCGK,INT,14,6,RT,2026,2
CGKKULCGK,INT,14,7,RT,2025,1
CGKKULCGK,INT,14,7,RT,2026,7
CGKKULCGK,INT,14,10,RT,2025,2
CGKKULCGK,INT,14,12,RT,2025,3
CGKKULCGK,INT,15,2,RT,2025,2
CGKKULCGK,INT,15,2,RT,2026,2
CGKKULCGK,INT,15,3,RT,2025,1
CGKKULCGK,INT,15,3,RT,2026,4
CGKKULCGK,INT,15,4,RT,2026,1
CGKKULCGK,INT,15,5,RT,2025,2
CGKKULCGK,INT,15,6,RT,2025,2
CGKKULCGK,INT,16,1,RT,2025,2
CGKKULCGK,INT,16,2,RT,2025,11
CGKKULCGK,INT,16,5,RT,2025,1
CGKKULCGK,INT,16,7,RT,2025,7
CGKKULCGK,INT,16,8,RT,2025,3
CGKKULCGK,INT,16,8,RT,2026,5
CGKKULCGK,INT,16,12,RT,2026,6
CGKKULCGK,INT,16,14,RT,2026,3
CGKKULCGK,INT,16,18,RT,2025,1
CGKKULCGK,INT,16,25,RT,2026,3
CGKKULCGK,INT,17,1,RT,2026,1
CGKKULCGK,INT,17,2,RT,2025,2
CGKKULCGK,INT,17,3,RT,2025,8
CGKKULCGK,INT,17,3,RT,2026,1
CGKKULCGK,INT,17,7,RT,2026,1
CGKKULCGK,INT,17,8,RT,2026,6
CGKKULCGK,INT,17,14,RT,2025,2
CGKKULCGK,INT,18,1,RT,2026,2
CGKKULCGK,INT,18,2,RT,2025,6
CGKKULCGK,INT,18,3,RT,2025,1
CGKKULCGK,INT,18,5,RT,2025,2
CGKKULCGK,INT,18,5,RT,2026,1
CGKKULCGK,INT,18,8,RT,2026,1
CGKKULCGK,INT,18,12,RT,2026,1
CGKKULCGK,INT,19,4,RT,2026,1
CGKKULCGK,INT,19,6,RT,2026,3
CGKKULCGK,INT,19,7,RT,2026,2
CGKKULCGK,INT,19,8,RT,2026,8
CGKKULCGK,INT,19,18,RT,2025,1
CGKKULCGK,INT,20,1,RT,2025,1
CGKKULCGK,INT,20,18,RT,2025,1
CGKKULCGK,INT,20,25,RT,2026,1
CGKKULCGK,INT,20,40,RT,2026,3
CGKKULCGK,INT,21,1,RT,2025,4
CGKKULCGK,INT,21,3,RT,2025,5
CGKKULCGK,INT,21,4,RT,2025,1
CGKKULCGK,INT,21,5,RT,2026,2
CGKKULCGK,INT,21,7,RT,2026,1
CGKKULCGK,INT,21,12,RT,2026,4
CGKKULCGK,INT,21,25,RT,2026,1
CGKKULCGK,INT,22,1,RT,2025,8
CGKKULCGK,INT,22,3,RT,2026,2
CGKKULCGK,INT,22,5,RT,2025,6
CGKKULCGK,INT,22,7,RT,2026,5
CGKKULCGK,INT,22,8,RT,2026,1
CGKKULCGK,INT,22,18,RT,2025,1
CGKKULCGK,INT,23,1,RT,2025,6
CGKKULCGK,INT,23,3,RT,2025,1
CGKKULCGK,INT,23,10,RT,2025,4
CGKKULCGK,INT,23,40,RT,2026,2
CGKKULCGK,INT,24,2,RT,2025,3
CGKKULCGK,INT,24,2,RT,2026,1
CGKKULCGK,INT,24,4,RT,2026,1
CGKKULCGK,INT,24,25,RT,2026,5
CGKKULCGK,INT,24,40,RT,2026,1
CGKKULCGK,INT,25,1,RT,2026,1
CGKKULCGK,INT,25,2,RT,2025,3
CGKKULCGK,INT,25,2,RT,2026,3
CGKKULCGK,INT,25,3,RT,2025,5
CGKKULCGK,INT,25,3,RT,2026,8
CGKKULCGK,INT,25,4,RT,2025,3
CGKKULCGK,INT,25,5,RT,2025,7
CGKKULCGK,INT,25,14,RT,2025,1
CGKKULCGK,INT,26,1,RT,2025,12
CGKKULCGK,INT,26,1,RT,2026,1
CGKKULCGK,INT,26,6,RT,2025,2
CGKKULCGK,INT,26,7,RT,2026,1
CGKKULCGK,INT,26,10,RT,2025,1
CGKKULCGK,INT,26,10,RT,2026,3
CGKKULCGK,INT,26,14,RT,2025,1
CGKKULCGK,INT,27,1,RT,2025,1
CGKKULCGK,INT,27,2,RT,2026,1
CGKKULCGK,INT,27,5,RT,2025,1
CGKKULCGK,INT,27,6,RT,2026,4
CGKKULCGK,INT,27,7,RT,2025,2
CGKKULCGK,INT,27,12,RT,2025,2
CGKKULCGK,INT,27,14,RT,2025,3
CGKKULCGK,INT,27,18,RT,2025,1
CGKKULCGK,INT,27,40,RT,2025,4
CGKKULCGK,INT,28,2,RT,2025,3
CGKKULCGK,INT,28,2,RT,2026,6
CGKKULCGK,INT,28,4,RT,2026,5
CGKKULCGK,INT,28,5,RT,2026,5
CGKKULCGK,INT,28,7,RT,2026,2
CGKKULCGK,INT,28,8,RT,2025,2
CGKKULCGK,INT,28,8,RT,2026,1
CGKKULCGK,INT,28,10,RT,2025,2
CGKKULCGK,INT,28,10,RT,2026,1
CGKKULCGK,INT,28,14,RT,2026,6
CGKKULCGK,INT,28,25,RT,2026,1
CGKKULCGK,INT,29,2,RT,2025,4
CGKKULCGK,INT,29,3,RT,2026,2
CGKKULCGK,INT,29,4,RT,2025,4
CGKKULCGK,INT,29,5,RT,2026,1
CGKKULCGK,INT,29,6,RT,2026,4
CGKKULCGK,INT,29,10,RT,2025,2
CGKKULCGK,INT,29,12,RT,2026,1
CGKKULCGK,INT,29,18,RT,2026,2
CGKKULCGK,INT,29,40,RT,2026,2
CGKKULCGK,INT,30,1,RT,2025,2
CGKKULCGK,INT,30,7,RT,2025,3
CGKKULCGK,INT,30,18,RT,2025,4
CGKKULCGK,INT,30,18,RT,2026,2
CGKKULCGK,INT,32,2,RT,2025,1
CGKKULCGK,INT,33,1,RT,2026,1
CGKKULCGK,INT,33,2,RT,2025,6
CGKKULCGK,INT,33,4,RT,2025,1
CGKKULCGK,INT,34,7,RT,2026,1
CGKKULCGK,INT,34,25,RT,2026,1
CGKKULCGK,INT,35,2,RT,2026,1
CGKKULCGK,INT,35,40,RT,2026,2
CGKKULCGK,INT,36,14,RT,2026,2
CGKKULCGK,INT,39,12,RT,2025,6
CGKKULCGK,INT,40,1,RT,2025,1
CGKKULCGK,INT,40,3,RT,2025,1
CGKKULCGK,INT,40,3,RT,2026,4
CGKKULCGK,INT,40,10,RT,2025,4
CGKKULCGK,INT,41,2,RT,2025,6
CGKKULCGK,INT,44,1,RT,2025,1
CGKKULCGK,INT,45,3,RT,2025,2
CGKKULCGK,INT,45,6,RT,2025,1
CGKKULCGK,INT,45,14,RT,2025,1
CGKKULCGK,INT,47,1,RT,2026,1
CGKKULCGK,INT,49,5,RT,2025,1
CGKKULCGK,INT,49,14,RT,2025,6
CGKKULCGK,INT,50,25,RT,2025,4
CGKKULCGK,INT,52,1,RT,2025,4
CGKKULCGK,INT,52,5,RT,2026,3
CGKKULCGK,INT,52,10,RT,2025,4
CGKKULCGK,INT,52,18,RT,2026,4
CGKKULCGK,INT,53,4,RT,2026,2
CGKKULCGK,INT,53,8,RT,2025,3
CGKKULCGK,INT,55,1,RT,2025,1
CGKKULCGK,INT,55,12,RT,2025,3
CGKKULCGK,INT,56,1,RT,2025,4
CGKKULCGK,INT,56,3,RT,2026,1
CGKKULCGK,INT,56,14,RT,2026,6
CGKKULCGK,INT,57,4,RT,2026,1
CGKKULCGK,INT,57,5,RT,2026,3
CGKKULCGK,INT,57,8,RT,2025,1
CGKKULCGK,INT,57,12,RT,2026,1
CGKKULCGK,INT,58,6,RT,2025,2
CGKKULCGK,INT,58,6,RT,2026,3
CGKKULCGK,INT,58,8,RT,2026,2
CGKKULCGK,INT,58,18,RT,2025,3
CGKKULCGK,INT,59,5,RT,2025,6
CGKKULCGK,INT,59,7,RT,2025,2
CGKKULCGK,INT,60,25,RT,2026,3
CGKKULCGK,INT,61,2,RT,2025,4
CGKKULCGK,INT,61,3,RT,2025,1
CGKKULCGK,INT,61,14,RT,2025,3
CGKKULCGK,INT,62,1,RT,2025,1
CGKKULCGK,INT,66,6,RT,2025,3
CGKKULCGK,INT,66,25,RT,2025,2
CGKKULCGK,INT,67,12,RT,2025,1
CGKKULCGK,INT,68,7,RT,2026,1
CGKKULCGK,INT,69,3,RT,2025,8
CGKKULCGK,INT,69,14,RT,2026,1
CGKKULCGK,INT,71,6,RT,2025,2
CGKKULCGK,INT,71,7,RT,2026,2
CGKKULCGK,INT,71,10,RT,2025,2
CGKKULCGK,INT,72,1,RT,2026,4
CGKKULCGK,INT,72,40,RT,2025,5
CGKKULCGK,INT,74,5,RT,2026,1
CGKKULCGK,INT,74,10,RT,2025,1
CGKKULCGK,INT,76,3,RT,2026,5
CGKKULCGK,INT,76,6,RT,2025,3
CGKKULCGK,INT,79,3,RT,2025,2
CGKKULCGK,INT,80,4,RT,2025,1
CGKKULCGK,INT,81,3,RT,2025,2
CGKKULCGK,INT,81,12,RT,2025,1
CGKKULCGK,INT,82,6,RT,2026,1
CGKKULCGK,INT,82,40,RT,2025,5
CGKKULCGK,INT,83,5,RT,2025,1
CGKKULCGK,INT,83,10,RT,2025,2
CGKKULCGK,INT,83,25,RT,2025,1
CGKKULCGK,INT,84,5,RT,2026,5
CGKKULCGK,INT,85,3,RT,2026,3
CGKKULCGK,INT,85,14,RT,2025,6
CGKKULCGK,INT,85,18,RT,2026,5
CGKKULCGK,INT,86,4,RT,2026,1
CGKKULCGK,INT,87,3,RT,2026,1
CGKKULCGK,INT,88,5,RT,2025,1
CGKKULCGK,INT,89,2,RT,2025,1
CGKKULCGK,INT,89,3,RT,2026,2
CGKKULCGK,INT,89,6,RT,2026,1
CGKKULCGK,INT,90,6,RT,2026,2
CGKKULCGK,INT,90,10,RT,2025,1
CGKKULCGK,INT,91,14,RT,2026,4
CGKKULCGK,INT,95,2,RT,2026,1
CGKKULCGK,INT,97,1,RT,2026,2
CGKKULCGK,INT,98,3,RT,2026,3
CGKKULCGK,INT,100,3,RT,2026,4
CGKKULCGK,INT,109,4,RT,2025,6
CGKKULCGK,INT,110,3,RT,2026,1
CGKKULCGK,INT,114,6,RT,2025,1
CGKKULCGK,INT,116,3,RT,2026,3
CGKKULCGK,INT,117,1,RT,2026,1
CGKKULCGK,INT,119,40,RT,2025,1
CGKKULCGK,INT,125,1,RT,2025,4
CGKKULCGK,INT,125,3,RT,2025,1
CGKKULCGK,INT,130,25,RT,2025,1
CGKKULCGK,INT,132,3,RT,2026,2
CGKKULCGK,INT,133,18,RT,2025,3
CGKKULCGK,INT,146,7,RT,2025,2
CGKKULCGK,INT,146,18,RT,2026,1
CGKKULCGK,INT,151,2,RT,2026,7
CGKKULCGK,INT,162,3,RT,2025,2
CGKKULCGK,INT,162,8,RT,2026,3
CGKKULCGK,INT,166,40,RT,2026,1
CGKKULCGK,INT,170,1,RT,2025,1
CGKKULCGK,INT,170,8,RT,2026,2
CGKKULCGK,INT,171,1,RT,2026,1
CGKKULCGK,INT,172,18,RT,2025,1
CGKKULCGK,INT,176,2,RT,2026,1
CGKKULCGK,INT,178,40,RT,2026,5
CGKKULCGK,INT,201,7,RT,2025,2
CGKKULCGK,INT,206,8,RT,2026,2
CGKKULCGK,INT,215,40,RT,2025,3
CGKKULCGK,INT,217,3,RT,2025,6
CGKLOP,DOM,0,0,OW,2025,16
CGKLOP,DOM,1,0,OW,2025,6
CGKLOP,DOM,1,0,OW,2026,8
CGKLOP,DOM,2,0,OW,2025,5
CGKLOP,DOM,2,0,OW,2026,4
CGKLOP,DOM,3,0,OW,2025,11
CGKLOP,DOM,3,0,OW,2026,5
CGKLOP,DOM,4,0,OW,2025,12
CGKLOP,DOM,4,0,OW,2026,9
CGKLOP,DOM,5,0,OW,2025,6
CGKLOP,DOM,5,0,OW,2026,10
CGKLOP,DOM,6,0,OW,2025,6
CGKLOP,DOM,6,0,OW,2026,7
CGKLOP,DOM,7,0,OW,2025,6
CGKLOP,DOM,7,0,OW,2026,5
CGKLOP,DOM,8,0,OW,2025,7
CGKLOP,DOM,8,0,OW,2026,3
CGKLOP,DOM,9,0,OW,2025,10
CGKLOP,DOM,9,0,OW,2026,6
CGKLOP,DOM,10,0,OW,2025,3
CGKLOP,DOM,10,0,OW,2026,4
CGKLOP,DOM,12,0,OW,2025,9
CGKLOP,DOM,12,0,OW,2026,6
CGKLOP,DOM,13,0,OW,2025,6
CGKLOP,DOM,13,0,OW,2026,7
CGKLOP,DOM,14,0,OW,2025,2
CGKLOP,DOM,14,0,OW,2026,4
CGKLOP,DOM,15,0,OW,2025,1
CGKLOP,DOM,15,0,OW,2026,1
CGKLOP,DOM,16,0,OW,2025,6
CGKLOP,DOM,16,0,OW,2026,3
CGKLOP,DOM,17,0,OW,2025,7
CGKLOP,DOM,17,0,OW,2026,4
CGKLOP,DOM,18,0,OW,2025,14
CGKLOP,DOM,18,0,OW,2026,2
CGKLOP,DOM,19,0,OW,2025,5
CGKLOP,DOM,19,0,OW,2026,2
CGKLOP,DOM,20,0,OW,2025,3
CGKLOP,DOM,20,0,OW,2026,10
CGKLOP,DOM,21,0,OW,2025,1
CGKLOP,DOM,21,0,OW,2026,13
CGKLOP,DOM,22,0,OW,2025,4
CGKLOP,DOM,22,0,OW,2026,3
CGKLOP,DOM,23,0,OW,2025,3
CGKLOP,DOM,23,0,OW,2026,6
CGKLOP,DOM,24,0,OW,2025,3
CGKLOP,DOM,24,0,OW,2026,5
CGKLOP,DOM,25,0,OW,2026,1
CGKLOP,DOM,26,0,OW,2025,5
CGKLOP,DOM,26,0,OW,2026,11
CGKLOP,DOM,27,0,OW,2025,10
CGKLOP,DOM,27,0,OW,2026,2
CGKLOP,DOM,28,0,OW,2025,3
CGKLOP,DOM,28,0,OW,2026,3
CGKLOP,DOM,29,0,OW,2025,7
CGKLOP,DOM,29,0,OW,2026,2
CGKLOP,DOM,30,0,OW,2025,4
CGKLOP,DOM,30,0,OW,2026,1
CGKLOP,DOM,31,0,OW,2025,5
CGKLOP,DOM,31,0,OW,2026,1
CGKLOP,DOM,32,0,OW,2026,1
CGKLOP,DOM,33,0,OW,2025,1
CGKLOP,DOM,34,0,OW,2025,8
CGKLOP,DOM,34,0,OW,2026,9
CGKLOP,DOM,35,0,OW,2025,2
CGKLOP,DOM,37,0,OW,2025,1
CGKLOP,DOM,37,0,OW,2026,1
CGKLOP,DOM,38,0,OW,2025,3
CGKLOP,DOM,39,0,OW,2025,2
CGKLOP,DOM,39,0,OW,2026,3
CGKLOP,DOM,43,0,OW,2026,2
CGKLOP,DOM,45,0,OW,2025,1
CGKLOP,DOM,47,0,OW,2026,5
CGKLOP,DOM,50,0,OW,2025,7
CGKLOP,DOM,51,0,OW,2025,4
CGKLOP,DOM,53,0,OW,2025,6
CGKLOP,DOM,55,0,OW,2025,2
CGKLOP,DOM,56,0,OW,2025,2
CGKLOP,DOM,57,0,OW,2025,6
CGKLOP,DOM,58,0,OW,2025,1
CGKLOP,DOM,59,0,OW,2025,1
CGKLOP,DOM,60,0,OW,2025,4
CGKLOP,DOM,60,0,OW,2026,1
CGKLOP,DOM,61,0,OW,2025,1
CGKLOP,DOM,62,0,OW,2025,6
CGKLOP,DOM,63,0,OW,2025,1
CGKLOP,DOM,63,0,OW,2026,1
CGKLOP,DOM,65,0,OW,2025,5
CGKLOP,DOM,67,0,OW,2026,2
CGKLOP,DOM,70,0,OW,2025,4
CGKLOP,DOM,71,0,OW,2025,1
CGKLOP,DOM,72,0,OW,2025,1
CGKLOP,DOM,73,0,OW,2025,1
CGKLOP,DOM,74,0,OW,2026,1
CGKLOP,DOM,77,0,OW,2026,1
CGKLOP,DOM,78,0,OW,2025,1
CGKLOP,DOM,79,0,OW,2026,1
CGKLOP,DOM,83,0,OW,2025,3
CGKLOP,DOM,85,0,OW,2026,1
CGKLOP,DOM,87,0,OW,2025,6
CGKLOP,DOM,87,0,OW,2026,3
CGKLOP,DOM,88,0,OW,2025,3
CGKLOP,DOM,89,0,OW,2025,1
CGKLOP,DOM,90,0,OW,2025,6
CGKLOP,DOM,90,0,OW,2026,2
CGKLOP,DOM,100,0,OW,2026,2
CGKLOP,DOM,110,0,OW,2026,1
CGKLOP,DOM,115,0,OW,2025,2
CGKLOP,DOM,135,0,OW,2025,1
CGKLOP,DOM,140,0,OW,2026,4
CGKLOP,DOM,159,0,OW,2026,2
CGKLOP,DOM,160,0,OW,2025,7
CGKLOP,DOM,165,0,OW,2025,2
CGKLOP,DOM,180,0,OW,2026,1
CGKLOP,DOM,181,0,OW,2026,4
CGKLOP,DOM,182,0,OW,2025,4
CGKLOP,DOM,189,0,OW,2025,3
CGKLOP,DOM,191,0,OW,2025,2
CGKLOP,DOM,211,0,OW,2025,1
CGKLOP,DOM,211,0,OW,2026,1
CGKLOPCGK,DOM,0,2,RT,2025,6
CGKLOPCGK,DOM,0,2,RT,2026,3
CGKLOPCGK,DOM,0,3,RT,2025,1
CGKLOPCGK,DOM,0,3,RT,2026,3
CGKLOPCGK,DOM,0,4,RT,2025,1
CGKLOPCGK,DOM,0,5,RT,2025,4
CGKLOPCGK,DOM,0,7,RT,2025,2
CGKLOPCGK,DOM,0,8,RT,2025,5
CGKLOPCGK,DOM,0,14,RT,2026,3
CGKLOPCGK,DOM,1,1,RT,2026,10
CGKLOPCGK,DOM,1,2,RT,2025,2
CGKLOPCGK,DOM,1,3,RT,2025,2
CGKLOPCGK,DOM,1,4,RT,2026,2
CGKLOPCGK,DOM,1,5,RT,2025,3
CGKLOPCGK,DOM,1,6,RT,2025,6
CGKLOPCGK,DOM,1,7,RT,2025,1
CGKLOPCGK,DOM,1,8,RT,2026,2
CGKLOPCGK,DOM,1,10,RT,2026,1
CGKLOPCGK,DOM,1,40,RT,2026,3
CGKLOPCGK,DOM,2,1,RT,2025,1
CGKLOPCGK,DOM,2,1,RT,2026,2
CGKLOPCGK,DOM,2,3,RT,2025,6
CGKLOPCGK,DOM,2,3,RT,2026,3
CGKLOPCGK,DOM,2,5,RT,2026,2
CGKLOPCGK,DOM,2,7,RT,2025,7
CGKLOPCGK,DOM,2,8,RT,2025,1
CGKLOPCGK,DOM,2,10,RT,2026,4
CGKLOPCGK,DOM,2,12,RT,2025,5
CGKLOPCGK,DOM,2,18,RT,2025,1
CGKLOPCGK,DOM,2,40,RT,2026,1
CGKLOPCGK,DOM,3,1,RT,2025,5
CGKLOPCGK,DOM,3,1,RT,2026,5
CGKLOPCGK,DOM,3,2,RT,2026,3
CGKLOPCGK,DOM,3,3,RT,2025,3
CGKLOPCGK,DOM,3,3,RT,2026,7
CGKLOPCGK,DOM,3,4,RT,2025,2
CGKLOPCGK,DOM,3,5,RT,2025,6
CGKLOPCGK,DOM,3,5,RT,2026,5
CGKLOPCGK,DOM,3,8,RT,2025,5
CGKLOPCGK,DOM,3,14,RT,2025,4
CGKLOPCGK,DOM,3,25,RT,2025,1
CGKLOPCGK,DOM,3,40,RT,2026,1
CGKLOPCGK,DOM,4,2,RT,2025,3
CGKLOPCGK,DOM,4,6,RT,2026,1
CGKLOPCGK,DOM,4,7,RT,2025,2
CGKLOPCGK,DOM,4,7,RT,2026,1
CGKLOPCGK,DOM,4,12,RT,2026,4
CGKLOPCGK,DOM,4,14,RT,2025,8
CGKLOPCGK,DOM,4,14,RT,2026,1
CGKLOPCGK,DOM,4,18,RT,2025,1
CGKLOPCGK,DOM,4,40,RT,2025,4
CGKLOPCGK,DOM,5,3,RT,2026,4
CGKLOPCGK,DOM,5,4,RT,2025,4
CGKLOPCGK,DOM,5,6,RT,2026,3
CGKLOPCGK,DOM,5,18,RT,2025,1
CGKLOPCGK,DOM,5,40,RT,2025,5
CGKLOPCGK,DOM,6,2,RT,2026,2
CGKLOPCGK,DOM,6,4,RT,2025,3
CGKLOPCGK,DOM,6,8,RT,2025,6
CGKLOPCGK,DOM,6,10,RT,2025,2
CGKLOPCGK,DOM,6,10,RT,2026,1
CGKLOPCGK,DOM,6,14,RT,2025,1
CGKLOPCGK,DOM,7,1,RT,2025,2
CGKLOPCGK,DOM,7,1,RT,2026,2
CGKLOPCGK,DOM,7,2,RT,2025,2
CGKLOPCGK,DOM,7,18,RT,2025,1
CGKLOPCGK,DOM,7,40,RT,2025,3
CGKLOPCGK,DOM,8,10,RT,2025,3
CGKLOPCGK,DOM,9,1,RT,2025,1
CGKLOPCGK,DOM,9,3,RT,2025,1
CGKLOPCGK,DOM,9,6,RT,2025,4
CGKLOPCGK,DOM,9,6,RT,2026,4
CGKLOPCGK,DOM,9,18,RT,2025,3
CGKLOPCGK,DOM,10,4,RT,2025,4
CGKLOPCGK,DOM,10,5,RT,2026,1
CGKLOPCGK,DOM,10,6,RT,2026,1
CGKLOPCGK,DOM,10,7,RT,2026,1
CGKLOPCGK,DOM,10,8,RT,2026,4
CGKLOPCGK,DOM,10,10,RT,2025,1
CGKLOPCGK,DOM,10,18,RT,2026,3
CGKLOPCGK,DOM,10,25,RT,2025,3
CGKLOPCGK,DOM,10,40,RT,2026,8
CGKLOPCGK,DOM,11,1,RT,2025,4
CGKLOPCGK,DOM,11,3,RT,2025,3
CGKLOPCGK,DOM,11,12,RT,2026,3
CGKLOPCGK,DOM,12,2,RT,2025,1
CGKLOPCGK,DOM,12,2,RT,2026,1
CGKLOPCGK,DOM,12,3,RT,2025,3
CGKLOPCGK,DOM,12,4,RT,2026,2
CGKLOPCGK,DOM,12,6,RT,2026,5
CGKLOPCGK,DOM,12,8,RT,2025,2
CGKLOPCGK,DOM,12,12,RT,2025,3
CGKLOPCGK,DOM,13,5,RT,2025,1
CGKLOPCGK,DOM,13,5,RT,2026,2
CGKLOPCGK,DOM,13,6,RT,2026,1
CGKLOPCGK,DOM,13,25,RT,2025,2
CGKLOPCGK,DOM,13,40,RT,2026,6
CGKLOPCGK,DOM,14,3,RT,2026,3
CGKLOPCGK,DOM,14,6,RT,2025,2
CGKLOPCGK,DOM,14,12,RT,2026,1
CGKLOPCGK,DOM,15,3,RT,2026,1
CGKLOPCGK,DOM,15,4,RT,2025,2
CGKLOPCGK,DOM,15,18,RT,2025,3
CGKLOPCGK,DOM,16,1,RT,2026,1
CGKLOPCGK,DOM,16,2,RT,2025,9
CGKLOPCGK,DOM,16,5,RT,2025,4
CGKLOPCGK,DOM,16,5,RT,2026,5
CGKLOPCGK,DOM,16,12,RT,2025,2
CGKLOPCGK,DOM,16,12,RT,2026,5
CGKLOPCGK,DOM,16,25,RT,2026,2
CGKLOPCGK,DOM,17,1,RT,2025,3
CGKLOPCGK,DOM,17,2,RT,2026,6
CGKLOPCGK,DOM,17,6,RT,2026,5
CGKLOPCGK,DOM,17,12,RT,2025,2
CGKLOPCGK,DOM,17,14,RT,2025,3
CGKLOPCGK,DOM,17,25,RT,2025,4
CGKLOPCGK,DOM,18,2,RT,2025,2
CGKLOPCGK,DOM,18,5,RT,2025,1
CGKLOPCGK,DOM,18,6,RT,2025,4
CGKLOPCGK,DOM,18,10,RT,2026,8
CGKLOPCGK,DOM,19,6,RT,2025,1
CGKLOPCGK,DOM,19,6,RT,2026,1
CGKLOPCGK,DOM,19,7,RT,2025,2
CGKLOPCGK,DOM,20,1,RT,2026,1
CGKLOPCGK,DOM,20,5,RT,2025,1
CGKLOPCGK,DOM,20,6,RT,2026,4
CGKLOPCGK,DOM,20,7,RT,2025,1
CGKLOPCGK,DOM,20,8,RT,2025,5
CGKLOPCGK,DOM,21,10,RT,2025,2
CGKLOPCGK,DOM,21,14,RT,2025,1
CGKLOPCGK,DOM,21,25,RT,2026,1
CGKLOPCGK,DOM,22,2,RT,2025,1
CGKLOPCGK,DOM,22,2,RT,2026,2
CGKLOPCGK,DOM,22,3,RT,2025,2
CGKLOPCGK,DOM,22,4,RT,2026,1
CGKLOPCGK,DOM,22,18,RT,2025,1
CGKLOPCGK,DOM,23,2,RT,2025,2
CGKLOPCGK,DOM,23,4,RT,2026,2
CGKLOPCGK,DOM,23,18,RT,2026,3
CGKLOPCGK,DOM,24,1,RT,2026,1
CGKLOPCGK,DOM,24,5,RT,2025,1
CGKLOPCGK,DOM,24,7,RT,2025,1
CGKLOPCGK,DOM,24,14,RT,2025,1
CGKLOPCGK,DOM,24,18,RT,2025,1
CGKLOPCGK,DOM,25,2,RT,2025,2
CGKLOPCGK,DOM,25,3,RT,2026,4
CGKLOPCGK,DOM,25,4,RT,2026,1
CGKLOPCGK,DOM,25,5,RT,2025,2
CGKLOPCGK,DOM,25,14,RT,2025,2
CGKLOPCGK,DOM,25,18,RT,2025,1
CGKLOPCGK,DOM,26,2,RT,2025,1
CGKLOPCGK,DOM,26,5,RT,2025,2
CGKLOPCGK,DOM,27,1,RT,2026,2
CGKLOPCGK,DOM,27,2,RT,2025,1
CGKLOPCGK,DOM,27,10,RT,2025,4
CGKLOPCGK,DOM,27,14,RT,2025,5
CGKLOPCGK,DOM,27,18,RT,2026,1
CGKLOPCGK,DOM,27,40,RT,2025,2
CGKLOPCGK,DOM,28,4,RT,2025,1
CGKLOPCGK,DOM,28,5,RT,2026,2
CGKLOPCGK,DOM,28,25,RT,2025,4
CGKLOPCGK,DOM,28,25,RT,2026,4
CGKLOPCGK,DOM,29,1,RT,2026,2
CGKLOPCGK,DOM,29,10,RT,2025,1
CGKLOPCGK,DOM,30,1,RT,2025,2
CGKLOPCGK,DOM,30,7,RT,2025,4
CGKLOPCGK,DOM,30,10,RT,2026,1
CGKLOPCGK,DOM,31,18,RT,2025,2
CGKLOPCGK,DOM,32,12,RT,2025,3
CGKLOPCGK,DOM,33,12,RT,2025,1
CGKLOPCGK,DOM,35,12,RT,2026,6
CGKLOPCGK,DOM,39,10,RT,2026,6
CGKLOPCGK,DOM,40,5,RT,2026,2
CGKLOPCGK,DOM,43,2,RT,2025,3
CGKLOPCGK,DOM,43,2,RT,2026,1
CGKLOPCGK,DOM,44,3,RT,2025,5
CGKLOPCGK,DOM,45,1,RT,2026,1
CGKLOPCGK,DOM,46,2,RT,2025,1
CGKLOPCGK,DOM,47,4,RT,2026,4
CGKLOPCGK,DOM,47,6,RT,2025,2
CGKLOPCGK,DOM,48,2,RT,2025,1
CGKLOPCGK,DOM,48,2,RT,2026,1
CGKLOPCGK,DOM,48,40,RT,2025,1
CGKLOPCGK,DOM,49,12,RT,2025,4
CGKLOPCGK,DOM,54,14,RT,2026,4
CGKLOPCGK,DOM,55,5,RT,2025,6
CGKLOPCGK,DOM,55,25,RT,2025,4
CGKLOPCGK,DOM,56,1,RT,2026,3
CGKLOPCGK,DOM,56,8,RT,2026,1
CGKLOPCGK,DOM,58,7,RT,2026,1
CGKLOPCGK,DOM,58,12,RT,2025,1
CGKLOPCGK,DOM,59,40,RT,2026,6
CGKLOPCGK,DOM,60,14,RT,2026,3
CGKLOPCGK,DOM,61,5,RT,2025,2
CGKLOPCGK,DOM,61,8,RT,2025,1
CGKLOPCGK,DOM,62,3,RT,2026,3
CGKLOPCGK,DOM,62,8,RT,2025,3
CGKLOPCGK,DOM,63,5,RT,2025,4
CGKLOPCGK,DOM,63,6,RT,2025,2
CGKLOPCGK,DOM,65,1,RT,2026,2
CGKLOPCGK,DOM,65,18,RT,2025,1
CGKLOPCGK,DOM,66,2,RT,2025,1
CGKLOPCGK,DOM,68,3,RT,2026,1
CGKLOPCGK,DOM,70,3,RT,2025,5
CGKLOPCGK,DOM,70,5,RT,2026,1
CGKLOPCGK,DOM,70,18,RT,2026,2
CGKLOPCGK,DOM,72,14,RT,2025,6
CGKLOPCGK,DOM,73,5,RT,2025,1
CGKLOPCGK,DOM,73,25,RT,2026,4
CGKLOPCGK,DOM,74,2,RT,2025,4
CGKLOPCGK,DOM,75,1,RT,2026,1
CGKLOPCGK,DOM,76,4,RT,2026,4
CGKLOPCGK,DOM,76,18,RT,2025,2
CGKLOPCGK,DOM,78,5,RT,2025,2
CGKLOPCGK,DOM,79,1,RT,2025,6
CGKLOPCGK,DOM,80,2,RT,2026,1
CGKLOPCGK,DOM,81,5,RT,2026,1
CGKLOPCGK,DOM,82,25,RT,2026,3
CGKLOPCGK,DOM,83,6,RT,2025,1
CGKLOPCGK,DOM,83,18,RT,2026,2
CGKLOPCGK,DOM,84,4,RT,2025,1
CGKLOPCGK,DOM,85,3,RT,2025,4
CGKLOPCGK,DOM,85,10,RT,2025,3
CGKLOPCGK,DOM,86,8,RT,2026,4
CGKLOPCGK,DOM,86,40,RT,2026,5
CGKLOPCGK,DOM,87,2,RT,2026,1
CGKLOPCGK,DOM,87,18,RT,2025,2
CGKLOPCGK,DOM,87,18,RT,2026,2
CGKLOPCGK,DOM,88,1,RT,2026,2
CGKLOPCGK,DOM,89,14,RT,2025,4
CGKLOPCGK,DOM,95,2,RT,2025,1
CGKLOPCGK,DOM,97,25,RT,2026,1
CGKLOPCGK,DOM,98,1,RT,2025,4
CGKLOPCGK,DOM,98,2,RT,2025,3
CGKLOPCGK,DOM,106,40,RT,2026,3
CGKLOPCGK,DOM,115,1,RT,2025,2
CGKLOPCGK,DOM,124,7,RT,2025,2
CGKLOPCGK,DOM,125,3,RT,2026,2
CGKLOPCGK,DOM,146,18,RT,2025,3
CGKLOPCGK,DOM,147,2,RT,2025,1
CGKLOPCGK,DOM,150,25,RT,2025,4
CGKLOPCGK,DOM,155,5,RT,2026,3
CGKLOPCGK,DOM,156,4,RT,2025,1
CGKLOPCGK,DOM,157,2,RT,2026,2
CGKLOPCGK,DOM,168,3,RT,2025,6
CGKLOPCGK,DOM,169,8,RT,2025,2
CGKLOPCGK,DOM,180,14,RT,2026,2
CGKLOPCGK,DOM,184,12,RT,2025,3
CGKLOPCGK,DOM,187,4,RT,2026,1
CGKLOPCGK,DOM,189,1,RT,2025,4
CGKLOPCGK,DOM,192,6,RT,2025,1
CGKLOPCGK,DOM,197,40,RT,2025,1
CGKLOPCGK,DOM,199,40,RT,2025,1
CGKLOPCGK,DOM,215,7,RT,2026,3
CGKMDC,DOM,0,0,OW,2025,16
CGKMDC,DOM,0,0,OW,2026,10
CGKMDC,DOM,1,0,OW,2025,12
CGKMDC,DOM,1,0,OW,2026,18
CGKMDC,DOM,2,0,OW,2025,17
CGKMDC,DOM,3,0,OW,2025,20
CGKMDC,DOM,3,0,OW,2026,21
CGKMDC,DOM,4,0,OW,2025,7
CGKMDC,DOM,4,0,OW,2026,3
CGKMDC,DOM,5,0,OW,2025,5
CGKMDC,DOM,5,0,OW,2026,15
CGKMDC,DOM,6,0,OW,2025,20
CGKMDC,DOM,6,0,OW,2026,16
CGKMDC,DOM,7,0,OW,2025,5
CGKMDC,DOM,7,0,OW,2026,17
CGKMDC,DOM,8,0,OW,2025,11
CGKMDC,DOM,8,0,OW,2026,13
CGKMDC,DOM,9,0,OW,2025,5
CGKMDC,DOM,9,0,OW,2026,6
CGKMDC,DOM,10,0,OW,2025,9
CGKMDC,DOM,10,0,OW,2026,12
CGKMDC,DOM,11,0,OW,2025,25
CGKMDC,DOM,12,0,OW,2025,7
CGKMDC,DOM,13,0,OW,2025,9
CGKMDC,DOM,13,0,OW,2026,7
CGKMDC,DOM,14,0,OW,2025,8
CGKMDC,DOM,14,0,OW,2026,9
CGKMDC,DOM,15,0,OW,2026,8
CGKMDC,DOM,16,0,OW,2025,11
CGKMDC,DOM,16,0,OW,2026,4
CGKMDC,DOM,17,0,OW,2025,4
CGKMDC,DOM,17,0,OW,2026,13
CGKMDC,DOM,18,0,OW,2025,5
CGKMDC,DOM,18,0,OW,2026,9
CGKMDC,DOM,19,0,OW,2025,10
CGKMDC,DOM,19,0,OW,2026,6
CGKMDC,DOM,20,0,OW,2025,2
CGKMDC,DOM,20,0,OW,2026,2
CGKMDC,DOM,21,0,OW,2025,5
CGKMDC,DOM,21,0,OW,2026,5
CGKMDC,DOM,22,0,OW,2025,15
CGKMDC,DOM,22,0,OW,2026,2
CGKMDC,DOM,23,0,OW,2025,2
CGKMDC,DOM,23,0,OW,2026,5
CGKMDC,DOM,24,0,OW,2025,3
CGKMDC,DOM,24,0,OW,2026,6
CGKMDC,DOM,25,0,OW,2025,6
CGKMDC,DOM,25,0,OW,2026,2
CGKMDC,DOM,26,0,OW,2026,2
CGKMDC,DOM,27,0,OW,2025,3
CGKMDC,DOM,27,0,OW,2026,4
CGKMDC,DOM,28,0,OW,2025,6
CGKMDC,DOM,28,0,OW,2026,13
CGKMDC,DOM,29,0,OW,2025,10
CGKMDC,DOM,29,0,OW,2026,16
CGKMDC,DOM,30,0,OW,2025,1
CGKMDC,DOM,30,0,OW,2026,8
CGKMDC,DOM,31,0,OW,2026,3
CGKMDC,DOM,32,0,OW,2026,3
CGKMDC,DOM,34,0,OW,2025,1
CGKMDC,DOM,35,0,OW,2025,1
CGKMDC,DOM,35,0,OW,2026,3
CGKMDC,DOM,36,0,OW,2026,1
CGKMDC,DOM,37,0,OW,2025,1
CGKMDC,DOM,37,0,OW,2026,3
CGKMDC,DOM,38,0,OW,2025,1
CGKMDC,DOM,40,0,OW,2025,3
CGKMDC,DOM,42,0,OW,2025,2
CGKMDC,DOM,43,0,OW,2025,1
CGKMDC,DOM,44,0,OW,2026,5
CGKMDC,DOM,45,0,OW,2026,6
CGKMDC,DOM,46,0,OW,2026,1
CGKMDC,DOM,47,0,OW,2025,6
CGKMDC,DOM,50,0,OW,2025,1
CGKMDC,DOM,50,0,OW,2026,2
CGKMDC,DOM,51,0,OW,2025,1
CGKMDC,DOM,53,0,OW,2025,1
CGKMDC,DOM,54,0,OW,2026,2
CGKMDC,DOM,55,0,OW,2025,3
CGKMDC,DOM,55,0,OW,2026,4
CGKMDC,DOM,56,0,OW,2026,1
CGKMDC,DOM,58,0,OW,2026,5
CGKMDC,DOM,60,0,OW,2025,6
CGKMDC,DOM,61,0,OW,2025,1
CGKMDC,DOM,62,0,OW,2025,1
CGKMDC,DOM,63,0,OW,2026,1
CGKMDC,DOM,65,0,OW,2026,6
CGKMDC,DOM,66,0,OW,2025,3
CGKMDC,DOM,66,0,OW,2026,2
CGKMDC,DOM,67,0,OW,2026,1
CGKMDC,DOM,68,0,OW,2025,1
CGKMDC,DOM,69,0,OW,2025,1
CGKMDC,DOM,70,0,OW,2025,1
CGKMDC,DOM,71,0,OW,2025,2
CGKMDC,DOM,71,0,OW,2026,3
CGKMDC,DOM,73,0,OW,2025,4
CGKMDC,DOM,73,0,OW,2026,6
CGKMDC,DOM,74,0,OW,2025,2
CGKMDC,DOM,75,0,OW,2025,3
CGKMDC,DOM,75,0,OW,2026,1
CGKMDC,DOM,76,0,OW,2025,2
CGKMDC,DOM,76,0,OW,2026,2
CGKMDC,DOM,77,0,OW,2025,1
CGKMDC,DOM,77,0,OW,2026,1
CGKMDC,DOM,78,0,OW,2025,1
CGKMDC,DOM,78,0,OW,2026,5
CGKMDC,DOM,79,0,OW,2026,2
CGKMDC,DOM,80,0,OW,2026,1
CGKMDC,DOM,81,0,OW,2025,1
CGKMDC,DOM,83,0,OW,2026,2
CGKMDC,DOM,84,0,OW,2025,3
CGKMDC,DOM,86,0,OW,2026,2
CGKMDC,DOM,87,0,OW,2025,2
CGKMDC,DOM,87,0,OW,2026,1
CGKMDC,DOM,88,0,OW,2025,6
CGKMDC,DOM,89,0,OW,2026,1
CGKMDC,DOM,90,0,OW,2025,3
CGKMDC,DOM,90,0,OW,2026,4
CGKMDC,DOM,92,0,OW,2025,1
CGKMDC,DOM,94,0,OW,2025,2
CGKMDC,DOM,95,0,OW,2025,1
CGKMDC,DOM,96,0,OW,2026,4
CGKMDC,DOM,102,0,OW,2025,1
CGKMDC,DOM,111,0,OW,2025,3
CGKMDC,DOM,111,0,OW,2026,1
CGKMDC,DOM,112,0,OW,2025,2
CGKMDC,DOM,119,0,OW,2026,1
CGKMDC,DOM,121,0,OW,2025,2
CGKMDC,DOM,121,0,OW,2026,6
CGKMDC,DOM,128,0,OW,2026,2
CGKMDC,DOM,133,0,OW,2026,2
CGKMDC,DOM,134,0,OW,2025,2
CGKMDC,DOM,135,0,OW,2026,1
CGKMDC,DOM,137,0,OW,2025,1
CGKMDC,DOM,142,0,OW,2025,3
CGKMDC,DOM,143,0,OW,2025,1
CGKMDC,DOM,146,0,OW,2025,1
CGKMDC,DOM,147,0,OW,2026,2
CGKMDC,DOM,148,0,OW,2026,1
CGKMDC,DOM,151,0,OW,2026,1
CGKMDC,DOM,153,0,OW,2025,1
CGKMDC,DOM,153,0,OW,2026,1
CGKMDC,DOM,154,0,OW,2026,1
CGKMDC,DOM,158,0,OW,2025,2
CGKMDC,DOM,159,0,OW,2026,1
CGKMDC,DOM,168,0,OW,2025,3
CGKMDC,DOM,168,0,OW,2026,2
CGKMDC,DOM,169,0,OW,2025,5
CGKMDC,DOM,170,0,OW,2026,2
CGKMDC,DOM,178,0,OW,2026,1
CGKMDC,DOM,188,0,OW,2025,2
CGKMDC,DOM,198,0,OW,2026,5
CGKMDC,DOM,201,0,OW,2025,1
CGKMDC,DOM,203,0,OW,2026,6
CGKMDC,DOM,212,0,OW,2026,3
CGKMDC,DOM,213,0,OW,2025,3
CGKMDCCGK,DOM,0,3,RT,2025,6
CGKMDCCGK,DOM,0,3,RT,2026,4
CGKMDCCGK,DOM,0,4,RT,2025,1
CGKMDCCGK,DOM,0,4,RT,2026,1
CGKMDCCGK,DOM,0,5,RT,2025,1
CGKMDCCGK,DOM,0,12,RT,2025,1
CGKMDCCGK,DOM,0,18,RT,2025,5
CGKMDCCGK,DOM,0,18,RT,2026,2
CGKMDCCGK,DOM,0,40,RT,2026,2
CGKMDCCGK,DOM,1,1,RT,2025,3
CGKMDCCGK,DOM,1,2,RT,2025,4
CGKMDCCGK,DOM,1,2,RT,2026,1
CGKMDCCGK,DOM,1,4,RT,2026,1
CGKMDCCGK,DOM,1,5,RT,2026,1
CGKMDCCGK,DOM,1,6,RT,2025,1
CGKMDCCGK,DOM,1,7,RT,2025,1
CGKMDCCGK,DOM,1,10,RT,2026,2
CGKMDCCGK,DOM,1,14,RT,2025,1
CGKMDCCGK,DOM,1,18,RT,2025,1
CGKMDCCGK,DOM,1,40,RT,2025,2
CGKMDCCGK,DOM,2,1,RT,2025,2
CGKMDCCGK,DOM,2,1,RT,2026,2
CGKMDCCGK,DOM,2,2,RT,2025,6
CGKMDCCGK,DOM,2,3,RT,2026,1
CGKMDCCGK,DOM,2,4,RT,2026,3
CGKMDCCGK,DOM,2,6,RT,2025,2
CGKMDCCGK,DOM,2,7,RT,2025,1
CGKMDCCGK,DOM,2,7,RT,2026,2
CGKMDCCGK,DOM,2,8,RT,2026,1
CGKMDCCGK,DOM,2,12,RT,2025,4
CGKMDCCGK,DOM,3,1,RT,2026,2
CGKMDCCGK,DOM,3,2,RT,2025,1
CGKMDCCGK,DOM,3,3,RT,2026,6
CGKMDCCGK,DOM,3,5,RT,2025,5
CGKMDCCGK,DOM,3,6,RT,2026,2
CGKMDCCGK,DOM,3,7,RT,2026,2
CGKMDCCGK,DOM,3,8,RT,2025,1
CGKMDCCGK,DOM,3,18,RT,2026,1
CGKMDCCGK,DOM,4,1,RT,2025,8
CGKMDCCGK,DOM,4,3,RT,2025,1
CGKMDCCGK,DOM,4,3,RT,2026,1
CGKMDCCGK,DOM,4,6,RT,2025,4
CGKMDCCGK,DOM,4,10,RT,2025,4
CGKMDCCGK,DOM,4,14,RT,2025,4
CGKMDCCGK,DOM,4,25,RT,2025,6
CGKMDCCGK,DOM,4,40,RT,2026,1
CGKMDCCGK,DOM,5,1,RT,2026,1
CGKMDCCGK,DOM,5,2,RT,2026,5
CGKMDCCGK,DOM,5,3,RT,2026,2
CGKMDCCGK,DOM,5,4,RT,2025,1
CGKMDCCGK,DOM,5,5,RT,2025,2
CGKMDCCGK,DOM,5,5,RT,2026,1
CGKMDCCGK,DOM,5,7,RT,2026,7
CGKMDCCGK,DOM,5,8,RT,2025,1
CGKMDCCGK,DOM,5,10,RT,2025,2
CGKMDCCGK,DOM,5,10,RT,2026,2
CGKMDCCGK,DOM,5,25,RT,2026,2
CGKMDCCGK,DOM,5,40,RT,2025,7
CGKMDCCGK,DOM,5,40,RT,2026,2
CGKMDCCGK,DOM,6,1,RT,2025,2
CGKMDCCGK,DOM,6,2,RT,2025,4
CGKMDCCGK,DOM,6,2,RT,2026,1
CGKMDCCGK,DOM,6,3,RT,2025,4
CGKMDCCGK,DOM,6,5,RT,2025,1
CGKMDCCGK,DOM,6,7,RT,2026,2
CGKMDCCGK,DOM,6,8,RT,2025,3
CGKMDCCGK,DOM,6,10,RT,2025,1
CGKMDCCGK,DOM,6,12,RT,2026,1
CGKMDCCGK,DOM,6,14,RT,2025,2
CGKMDCCGK,DOM,6,25,RT,2025,1
CGKMDCCGK,DOM,7,1,RT,2026,4
CGKMDCCGK,DOM,7,2,RT,2025,6
CGKMDCCGK,DOM,7,3,RT,2025,2
CGKMDCCGK,DOM,7,7,RT,2026,1
CGKMDCCGK,DOM,7,12,RT,2026,2
CGKMDCCGK,DOM,7,14,RT,2026,3
CGKMDCCGK,DOM,7,25,RT,2025,2
CGKMDCCGK,DOM,8,1,RT,2025,8
CGKMDCCGK,DOM,8,1,RT,2026,2
CGKMDCCGK,DOM,8,3,RT,2025,3
CGKMDCCGK,DOM,8,5,RT,2025,6
CGKMDCCGK,DOM,8,5,RT,2026,2
CGKMDCCGK,DOM,8,6,RT,2026,6
CGKMDCCGK,DOM,8,10,RT,2025,2
CGKMDCCGK,DOM,8,10,RT,2026,1
CGKMDCCGK,DOM,8,12,RT,2025,1
CGKMDCCGK,DOM,8,12,RT,2026,5
CGKMDCCGK,DOM,8,14,RT,2025,5
CGKMDCCGK,DOM,8,25,RT,2026,3
CGKMDCCGK,DOM,9,1,RT,2026,1
CGKMDCCGK,DOM,9,7,RT,2026,2
CGKMDCCGK,DOM,10,2,RT,2025,4
CGKMDCCGK,DOM,10,3,RT,2025,9
CGKMDCCGK,DOM,10,7,RT,2026,2
CGKMDCCGK,DOM,10,8,RT,2026,2
CGKMDCCGK,DOM,10,12,RT,2025,2
CGKMDCCGK,DOM,10,25,RT,2025,5
CGKMDCCGK,DOM,11,3,RT,2025,1
CGKMDCCGK,DOM,11,6,RT,2026,1
CGKMDCCGK,DOM,11,10,RT,2026,9
CGKMDCCGK,DOM,12,1,RT,2025,2
CGKMDCCGK,DOM,12,2,RT,2025,5
CGKMDCCGK,DOM,12,3,RT,2025,6
CGKMDCCGK,DOM,12,3,RT,2026,1
CGKMDCCGK,DOM,12,7,RT,2026,1
CGKMDCCGK,DOM,12,8,RT,2025,2
CGKMDCCGK,DOM,12,8,RT,2026,2
CGKMDCCGK,DOM,13,2,RT,2026,1
CGKMDCCGK,DOM,13,3,RT,2025,1
CGKMDCCGK,DOM,13,3,RT,2026,1
CGKMDCCGK,DOM,13,5,RT,2025,2
CGKMDCCGK,DOM,13,6,RT,2025,1
CGKMDCCGK,DOM,13,12,RT,2025,1
CGKMDCCGK,DOM,13,40,RT,2026,6
CGKMDCCGK,DOM,14,3,RT,2026,1
CGKMDCCGK,DOM,14,7,RT,2025,5
CGKMDCCGK,DOM,14,40,RT,2026,1
CGKMDCCGK,DOM,15,2,RT,2026,1
CGKMDCCGK,DOM,15,6,RT,2026,2
CGKMDCCGK,DOM,15,7,RT,2025,3
CGKMDCCGK,DOM,15,8,RT,2026,1
CGKMDCCGK,DOM,15,25,RT,2026,1
CGKMDCCGK,DOM,16,2,RT,2026,6
CGKMDCCGK,DOM,16,3,RT,2026,3
CGKMDCCGK,DOM,16,5,RT,2026,3
CGKMDCCGK,DOM,16,18,RT,2025,3
CGKMDCCGK,DOM,17,1,RT,2025,1
CGKMDCCGK,DOM,17,2,RT,2026,3
CGKMDCCGK,DOM,17,3,RT,2025,2
CGKMDCCGK,DOM,17,4,RT,2025,4
CGKMDCCGK,DOM,17,5,RT,2026,1
CGKMDCCGK,DOM,17,6,RT,2026,1
CGKMDCCGK,DOM,17,40,RT,2025,6
CGKMDCCGK,DOM,18,6,RT,2025,2
CGKMDCCGK,DOM,18,12,RT,2026,7
CGKMDCCGK,DOM,18,14,RT,2026,4
CGKMDCCGK,DOM,19,2,RT,2026,2
CGKMDCCGK,DOM,19,3,RT,2025,1
CGKMDCCGK,DOM,19,6,RT,2025,1
CGKMDCCGK,DOM,19,6,RT,2026,6
CGKMDCCGK,DOM,19,8,RT,2026,1
CGKMDCCGK,DOM,19,18,RT,2026,2
CGKMDCCGK,DOM,20,2,RT,2026,2
CGKMDCCGK,DOM,20,3,RT,2025,5
CGKMDCCGK,DOM,20,3,RT,2026,6
CGKMDCCGK,DOM,20,4,RT,2025,2
CGKMDCCGK,DOM,20,10,RT,2026,1
CGKMDCCGK,DOM,20,12,RT,2025,5
CGKMDCCGK,DOM,21,1,RT,2026,6
CGKMDCCGK,DOM,21,3,RT,2025,1
CGKMDCCGK,DOM,21,3,RT,2026,1
CGKMDCCGK,DOM,21,10,RT,2025,1
CGKMDCCGK,DOM,21,25,RT,2025,1
CGKMDCCGK,DOM,22,2,RT,2025,6
CGKMDCCGK,DOM,22,4,RT,2025,2
CGKMDCCGK,DOM,22,5,RT,2026,1
CGKMDCCGK,DOM,22,25,RT,2025,1
CGKMDCCGK,DOM,22,40,RT,2026,6
CGKMDCCGK,DOM,23,1,RT,2026,2
CGKMDCCGK,DOM,23,2,RT,2026,3
CGKMDCCGK,DOM,23,4,RT,2026,2
CGKMDCCGK,DOM,23,12,RT,2025,4
CGKMDCCGK,DOM,23,12,RT,2026,3
CGKMDCCGK,DOM,23,40,RT,2026,1
CGKMDCCGK,DOM,24,3,RT,2026,1
CGKMDCCGK,DOM,24,10,RT,2026,3
CGKMDCCGK,DOM,24,40,RT,2026,3
CGKMDCCGK,DOM,25,1,RT,2026,1
CGKMDCCGK,DOM,25,2,RT,2026,7
CGKMDCCGK,DOM,25,4,RT,2025,2
CGKMDCCGK,DOM,25,4,RT,2026,2
CGKMDCCGK,DOM,25,8,RT,2026,4
CGKMDCCGK,DOM,25,12,RT,2025,1
CGKMDCCGK,DOM,25,14,RT,2026,1
CGKMDCCGK,DOM,26,5,RT,2025,3
CGKMDCCGK,DOM,26,14,RT,2025,3
CGKMDCCGK,DOM,26,14,RT,2026,1
CGKMDCCGK,DOM,26,40,RT,2026,3
CGKMDCCGK,DOM,27,2,RT,2025,2
CGKMDCCGK,DOM,27,2,RT,2026,1
CGKMDCCGK,DOM,27,3,RT,2026,4
CGKMDCCGK,DOM,27,4,RT,2025,4
CGKMDCCGK,DOM,27,5,RT,2026,3
CGKMDCCGK,DOM,27,25,RT,2026,1
CGKMDCCGK,DOM,28,1,RT,2026,6
CGKMDCCGK,DOM,28,3,RT,2025,5
CGKMDCCGK,DOM,28,5,RT,2025,3
CGKMDCCGK,DOM,28,8,RT,2026,6
CGKMDCCGK,DOM,28,12,RT,2025,1
CGKMDCCGK,DOM,28,14,RT,2026,3
CGKMDCCGK,DOM,28,40,RT,2026,1
CGKMDCCGK,DOM,29,2,RT,2025,2
CGKMDCCGK,DOM,29,2,RT,2026,1
CGKMDCCGK,DOM,29,6,RT,2026,6
CGKMDCCGK,DOM,30,1,RT,2025,1
CGKMDCCGK,DOM,30,3,RT,2025,4
CGKMDCCGK,DOM,30,6,RT,2025,2
CGKMDCCGK,DOM,30,8,RT,2025,2
CGKMDCCGK,DOM,30,10,RT,2025,2
CGKMDCCGK,DOM,30,12,RT,2025,1
CGKMDCCGK,DOM,30,40,RT,2025,1
CGKMDCCGK,DOM,32,25,RT,2026,5
CGKMDCCGK,DOM,32,40,RT,2025,1
CGKMDCCGK,DOM,33,2,RT,2025,1
CGKMDCCGK,DOM,33,6,RT,2026,2
CGKMDCCGK,DOM,33,25,RT,2026,1
CGKMDCCGK,DOM,33,40,RT,2026,2
CGKMDCCGK,DOM,34,1,RT,2025,2
CGKMDCCGK,DOM,34,14,RT,2025,1
CGKMDCCGK,DOM,35,3,RT,2026,6
CGKMDCCGK,DOM,37,10,RT,2026,3
CGKMDCCGK,DOM,38,3,RT,2025,3
CGKMDCCGK,DOM,39,3,RT,2026,3
CGKMDCCGK,DOM,39,40,RT,2025,1
CGKMDCCGK,DOM,40,4,RT,2026,1
CGKMDCCGK,DOM,40,5,RT,2025,1
CGKMDCCGK,DOM,40,14,RT,2026,1
CGKMDCCGK,DOM,44,1,RT,2025,2
CGKMDCCGK,DOM,44,25,RT,2025,1
CGKMDCCGK,DOM,46,1,RT,2026,1
CGKMDCCGK,DOM,46,8,RT,2026,4
CGKMDCCGK,DOM,46,40,RT,2025,1
CGKMDCCGK,DOM,47,2,RT,2025,4
CGKMDCCGK,DOM,47,2,RT,2026,2
CGKMDCCGK,DOM,47,3,RT,2026,5
CGKMDCCGK,DOM,47,10,RT,2026,1
CGKMDCCGK,DOM,48,1,RT,2025,2
CGKMDCCGK,DOM,48,5,RT,2026,1
CGKMDCCGK,DOM,48,40,RT,2026,2
CGKMDCCGK,DOM,49,4,RT,2025,3
CGKMDCCGK,DOM,50,4,RT,2026,4
CGKMDCCGK,DOM,50,8,RT,2025,5
CGKMDCCGK,DOM,50,12,RT,2025,4
CGKMDCCGK,DOM,50,18,RT,2025,3
CGKMDCCGK,DOM,51,2,RT,2025,6
CGKMDCCGK,DOM,51,2,RT,2026,2
CGKMDCCGK,DOM,51,10,RT,2026,1
CGKMDCCGK,DOM,52,8,RT,2025,2
CGKMDCCGK,DOM,52,25,RT,2026,2
CGKMDCCGK,DOM,53,7,RT,2025,1
CGKMDCCGK,DOM,53,14,RT,2026,2
CGKMDCCGK,DOM,54,6,RT,2026,3
CGKMDCCGK,DOM,55,2,RT,2026,4
CGKMDCCGK,DOM,56,1,RT,2026,1
CGKMDCCGK,DOM,58,5,RT,2026,1
CGKMDCCGK,DOM,59,3,RT,2025,6
CGKMDCCGK,DOM,59,5,RT,2025,2
CGKMDCCGK,DOM,60,14,RT,2026,4
CGKMDCCGK,DOM,61,6,RT,2025,2
CGKMDCCGK,DOM,63,12,RT,2025,2
CGKMDCCGK,DOM,64,2,RT,2025,1
CGKMDCCGK,DOM,64,12,RT,2025,2
CGKMDCCGK,DOM,65,4,RT,2026,2
CGKMDCCGK,DOM,65,12,RT,2026,4
CGKMDCCGK,DOM,65,18,RT,2025,1
CGKMDCCGK,DOM,67,2,RT,2025,1
CGKMDCCGK,DOM,67,3,RT,2026,5
CGKMDCCGK,DOM,68,6,RT,2026,1
CGKMDCCGK,DOM,68,14,RT,2026,1
CGKMDCCGK,DOM,69,2,RT,2025,1
CGKMDCCGK,DOM,69,40,RT,2025,1
CGKMDCCGK,DOM,71,6,RT,2025,2
CGKMDCCGK,DOM,72,2,RT,2026,1
CGKMDCCGK,DOM,72,4,RT,2026,3
CGKMDCCGK,DOM,72,7,RT,2026,5
CGKMDCCGK,DOM,72,12,RT,2026,3
CGKMDCCGK,DOM,73,5,RT,2025,2
CGKMDCCGK,DOM,74,8,RT,2025,3
CGKMDCCGK,DOM,77,6,RT,2025,1
CGKMDCCGK,DOM,79,3,RT,2025,6
CGKMDCCGK,DOM,80,6,RT,2025,1
CGKMDCCGK,DOM,80,25,RT,2026,1
CGKMDCCGK,DOM,81,1,RT,2025,5
CGKMDCCGK,DOM,82,3,RT,2026,2
CGKMDCCGK,DOM,86,18,RT,2025,4
CGKMDCCGK,DOM,87,4,RT,2025,2
CGKMDCCGK,DOM,88,7,RT,2025,2
CGKMDCCGK,DOM,89,5,RT,2026,2
CGKMDCCGK,DOM,89,10,RT,2025,2
CGKMDCCGK,DOM,90,2,RT,2026,1
CGKMDCCGK,DOM,90,6,RT,2026,5
CGKMDCCGK,DOM,90,18,RT,2026,6
CGKMDCCGK,DOM,91,5,RT,2025,2
CGKMDCCGK,DOM,99,12,RT,2026,4
CGKMDCCGK,DOM,101,18,RT,2025,2
CGKMDCCGK,DOM,105,3,RT,2026,4
CGKMDCCGK,DOM,105,14,RT,2026,6
CGKMDCCGK,DOM,106,18,RT,2025,3
CGKMDCCGK,DOM,112,4,RT,2025,1
CGKMDCCGK,DOM,123,4,RT,2025,4
CGKMDCCGK,DOM,125,12,RT,2025,1
CGKMDCCGK,DOM,130,14,RT,2025,1
CGKMDCCGK,DOM,134,8,RT,2025,1
CGKMDCCGK,DOM,139,2,RT,2026,2
CGKMDCCGK,DOM,140,3,RT,2026,2
CGKMDCCGK,DOM,147,12,RT,2025,2
CGKMDCCGK,DOM,150,4,RT,2025,1
CGKMDCCGK,DOM,153,1,RT,2026,2
CGKMDCCGK,DOM,157,14,RT,2025,4
CGKMDCCGK,DOM,167,1,RT,2025,1
CGKMDCCGK,DOM,174,25,RT,2025,1
CGKMDCCGK,DOM,175,40,RT,2025,2
CGKMDCCGK,DOM,177,2,RT,2026,4
CGKMDCCGK,DOM,177,6,RT,2026,2
CGKMDCCGK,DOM,179,2,RT,2025,2
CGKMDCCGK,DOM,179,3,RT,2025,2
CGKMDCCGK,DOM,179,14,RT,2025,1
CGKMDCCGK,DOM,180,14,RT,2025,2
CGKMDCCGK,DOM,182,14,RT,2025,4
CGKMDCCGK,DOM,184,8,RT,2026,3
CGKMDCCGK,DOM,185,4,RT,2025,1
CGKMDCCGK,DOM,185,25,RT,2026,2
CGKMDCCGK,DOM,190,12,RT,2026,2
CGKMDCCGK,DOM,200,8,RT,2025,3
CGKMDCCGK,DOM,202,7,RT,2025,1
CGKMDCCGK,DOM,212,1,RT,2025,3
CGKMDCCGK,DOM,213,1,RT,2026,1
CGKMDCCGK,DOM,213,2,RT,2025,1
CGKMDCCGK,DOM,215,7,RT,2025,1
CGKMEL,INT,0,0,OW,2025,8
CGKMEL,INT,0,0,OW,2026,7
CGKMEL,INT,1,0,OW,2025,7
CGKMEL,INT,2,0,OW,2025,14
CGKMEL,INT,2,0,OW,2026,11
CGKMEL,INT,3,0,OW,2025,8
CGKMEL,INT,3,0,OW,2026,4
CGKMEL,INT,4,0,OW,2025,9
CGKMEL,INT,4,0,OW,2026,3
CGKMEL,INT,5,0,OW,2025,1
CGKMEL,INT,5,0,OW,2026,5
CGKMEL,INT,6,0,OW,2025,6
CGKMEL,INT,6,0,OW,2026,3
CGKMEL,INT,7,0,OW,2025,6
CGKMEL,INT,7,0,OW,2026,3
CGKMEL,INT,8,0,OW,2025,4
CGKMEL,INT,8,0,OW,2026,8
CGKMEL,INT,9,0,OW,2026,8
CGKMEL,INT,10,0,OW,2025,2
CGKMEL,INT,10,0,OW,2026,2
CGKMEL,INT,12,0,OW,2025,4
CGKMEL,INT,12,0,OW,2026,8
CGKMEL,INT,13,0,OW,2025,1
CGKMEL,INT,13,0,OW,2026,11
CGKMEL,INT,14,0,OW,2025,3
CGKMEL,INT,15,0,OW,2025,3
CGKMEL,INT,15,0,OW,2026,8
CGKMEL,INT,16,0,OW,2025,2
CGKMEL,INT,16,0,OW,2026,3
CGKMEL,INT,17,0,OW,2025,3
CGKMEL,INT,18,0,OW,2025,7
CGKMEL,INT,18,0,OW,2026,6
CGKMEL,INT,19,0,OW,2025,7
CGKMEL,INT,19,0,OW,2026,2
CGKMEL,INT,20,0,OW,2025,3
CGKMEL,INT,21,0,OW,2025,2
CGKMEL,INT,21,0,OW,2026,2
CGKMEL,INT,22,0,OW,2026,11
CGKMEL,INT,23,0,OW,2025,1
CGKMEL,INT,23,0,OW,2026,1
CGKMEL,INT,24,0,OW,2025,2
CGKMEL,INT,24,0,OW,2026,5
CGKMEL,INT,25,0,OW,2026,2
CGKMEL,INT,26,0,OW,2025,1
CGKMEL,INT,27,0,OW,2025,1
CGKMEL,INT,27,0,OW,2026,2
CGKMEL,INT,28,0,OW,2025,1
CGKMEL,INT,28,0,OW,2026,1
CGKMEL,INT,29,0,OW,2025,2
CGKMEL,INT,30,0,OW,2025,10
CGKMEL,INT,32,0,OW,2026,2
CGKMEL,INT,35,0,OW,2025,2
CGKMEL,INT,39,0,OW,2025,1
CGKMEL,INT,44,0,OW,2025,3
CGKMEL,INT,53,0,OW,2026,2
CGKMEL,INT,57,0,OW,2026,2
CGKMEL,INT,58,0,OW,2025,2
CGKMEL,INT,58,0,OW,2026,6
CGKMEL,INT,59,0,OW,2026,1
CGKMEL,INT,60,0,OW,2025,2
CGKMEL,INT,68,0,OW,2025,8
CGKMEL,INT,72,0,OW,2026,6
CGKMEL,INT,73,0,OW,2025,1
CGKMEL,INT,74,0,OW,2026,2
CGKMEL,INT,76,0,OW,2025,8
CGKMEL,INT,77,0,OW,2026,1
CGKMEL,INT,78,0,OW,2025,1
CGKMEL,INT,81,0,OW,2026,2
CGKMEL,INT,84,0,OW,2025,3
CGKMEL,INT,85,0,OW,2025,4
CGKMEL,INT,86,0,OW,2026,4
CGKMEL,INT,89,0,OW,2026,6
CGKMEL,INT,90,0,OW,2025,2
CGKMEL,INT,91,0,OW,2026,2
CGKMEL,INT,108,0,OW,2025,1
CGKMEL,INT,122,0,OW,2025,1
CGKMEL,INT,125,0,OW,2025,1
CGKMEL,INT,145,0,OW,2026,3
CGKMEL,INT,159,0,OW,2025,2
CGKMEL,INT,206,0,OW,2025,1
CGKMEL,INT,206,0,OW,2026,2
CGKMEL,INT,210,0,OW,2025,2
CGKMELCGK,INT,0,1,RT,2025,2
CGKMELCGK,INT,0,2,RT,2026,2
CGKMELCGK,INT,0,5,RT,2025,3
CGKMELCGK,INT,0,5,RT,2026,2
CGKMELCGK,INT,0,7,RT,2025,6
CGKMELCGK,INT,1,1,RT,2025,1
CGKMELCGK,INT,1,10,RT,2025,1
CGKMELCGK,INT,1,12,RT,2026,2
CGKMELCGK,INT,1,18,RT,2025,4
CGKMELCGK,INT,1,18,RT,2026,2
CGKMELCGK,INT,1,40,RT,2026,1
CGKMELCGK,INT,2,4,RT,2025,4
CGKMELCGK,INT,2,5,RT,2025,6
CGKMELCGK,INT,2,8,RT,2025,1
CGKMELCGK,INT,2,12,RT,2025,1
CGKMELCGK,INT,2,18,RT,2025,5
CGKMELCGK,INT,2,18,RT,2026,1
CGKMELCGK,INT,2,25,RT,2025,3
CGKMELCGK,INT,2,40,RT,2026,1
CGKMELCGK,INT,3,2,RT,2025,3
CGKMELCGK,INT,3,2,RT,2026,1
CGKMELCGK,INT,3,3,RT,2026,2
CGKMELCGK,INT,3,10,RT,2026,2
CGKMELCGK,INT,3,18,RT,2026,6
CGKMELCGK,INT,3,40,RT,2026,5
CGKMELCGK,INT,4,1,RT,2026,1
CGKMELCGK,INT,4,3,RT,2025,1
CGKMELCGK,INT,4,5,RT,2025,2
CGKMELCGK,INT,4,6,RT,2025,2
CGKMELCGK,INT,4,7,RT,2026,4
CGKMELCGK,INT,4,12,RT,2026,3
CGKMELCGK,INT,4,14,RT,2026,2
CGKMELCGK,INT,5,2,RT,2026,1
CGKMELCGK,INT,5,3,RT,2026,2
CGKMELCGK,INT,5,5,RT,2026,3
CGKMELCGK,INT,5,6,RT,2025,3
CGKMELCGK,INT,5,6,RT,2026,4
CGKMELCGK,INT,5,7,RT,2025,6
CGKMELCGK,INT,5,7,RT,2026,5
CGKMELCGK,INT,5,8,RT,2026,6
CGKMELCGK,INT,6,3,RT,2026,1
CGKMELCGK,INT,6,4,RT,2026,1
CGKMELCGK,INT,6,7,RT,2025,1
CGKMELCGK,INT,6,8,RT,2025,2
CGKMELCGK,INT,6,12,RT,2025,1
CGKMELCGK,INT,6,12,RT,2026,1
CGKMELCGK,INT,6,25,RT,2025,2
CGKMELCGK,INT,7,8,RT,2026,4
CGKMELCGK,INT,7,10,RT,2025,4
CGKMELCGK,INT,7,14,RT,2025,1
CGKMELCGK,INT,7,18,RT,2025,2
CGKMELCGK,INT,8,40,RT,2026,2
CGKMELCGK,INT,9,8,RT,2026,6
CGKMELCGK,INT,10,12,RT,2026,3
CGKMELCGK,INT,10,14,RT,2026,1
CGKMELCGK,INT,11,2,RT,2025,6
CGKMELCGK,INT,11,7,RT,2026,3
CGKMELCGK,INT,11,40,RT,2026,7
CGKMELCGK,INT,12,6,RT,2026,1
CGKMELCGK,INT,13,1,RT,2026,1
CGKMELCGK,INT,13,8,RT,2026,1
CGKMELCGK,INT,13,10,RT,2026,3
CGKMELCGK,INT,13,12,RT,2026,2
CGKMELCGK,INT,13,25,RT,2025,3
CGKMELCGK,INT,14,3,RT,2025,1
CGKMELCGK,INT,14,8,RT,2025,2
CGKMELCGK,INT,14,18,RT,2025,1
CGKMELCGK,INT,15,6,RT,2026,6
CGKMELCGK,INT,15,7,RT,2025,6
CGKMELCGK,INT,16,1,RT,2025,3
CGKMELCGK,INT,16,1,RT,2026,4
CGKMELCGK,INT,17,1,RT,2025,4
CGKMELCGK,INT,17,1,RT,2026,1
CGKMELCGK,INT,17,10,RT,2026,1
CGKMELCGK,INT,17,14,RT,2025,6
CGKMELCGK,INT,18,2,RT,2026,4
CGKMELCGK,INT,18,4,RT,2026,5
CGKMELCGK,INT,18,8,RT,2025,1
CGKMELCGK,INT,19,12,RT,2025,5
CGKMELCGK,INT,20,12,RT,2025,2
CGKMELCGK,INT,21,1,RT,2026,1
CGKMELCGK,INT,21,40,RT,2025,5
CGKMELCGK,INT,22,12,RT,2026,3
CGKMELCGK,INT,22,14,RT,2025,2
CGKMELCGK,INT,22,40,RT,2025,4
CGKMELCGK,INT,23,2,RT,2026,4
CGKMELCGK,INT,23,5,RT,2026,1
CGKMELCGK,INT,24,1,RT,2025,1
CGKMELCGK,INT,24,2,RT,2025,1
CGKMELCGK,INT,24,5,RT,2026,1
CGKMELCGK,INT,24,8,RT,2025,3
CGKMELCGK,INT,25,3,RT,2025,1
CGKMELCGK,INT,25,4,RT,2026,1
CGKMELCGK,INT,25,10,RT,2025,2
CGKMELCGK,INT,26,6,RT,2025,1
CGKMELCGK,INT,26,25,RT,2025,3
CGKMELCGK,INT,27,3,RT,2025,3
CGKMELCGK,INT,27,18,RT,2025,3
CGKMELCGK,INT,27,25,RT,2026,1
CGKMELCGK,INT,28,4,RT,2026,1
CGKMELCGK,INT,28,18,RT,2026,6
CGKMELCGK,INT,29,4,RT,2025,4
CGKMELCGK,INT,30,1,RT,2026,3
CGKMELCGK,INT,31,2,RT,2026,1
CGKMELCGK,INT,31,3,RT,2025,2
CGKMELCGK,INT,34,2,RT,2026,2
CGKMELCGK,INT,35,5,RT,2025,2
CGKMELCGK,INT,35,6,RT,2025,2
CGKMELCGK,INT,38,7,RT,2025,2
CGKMELCGK,INT,39,2,RT,2025,3
CGKMELCGK,INT,39,3,RT,2025,1
CGKMELCGK,INT,41,1,RT,2025,2
CGKMELCGK,INT,41,2,RT,2026,3
CGKMELCGK,INT,41,14,RT,2025,6
CGKMELCGK,INT,41,14,RT,2026,1
CGKMELCGK,INT,42,3,RT,2025,2
CGKMELCGK,INT,42,14,RT,2026,1
CGKMELCGK,INT,45,18,RT,2026,2
CGKMELCGK,INT,48,6,RT,2026,1
CGKMELCGK,INT,51,12,RT,2025,2
CGKMELCGK,INT,55,18,RT,2025,1
CGKMELCGK,INT,57,10,RT,2025,5
CGKMELCGK,INT,58,1,RT,2025,1
CGKMELCGK,INT,58,18,RT,2025,1
CGKMELCGK,INT,59,14,RT,2025,1
CGKMELCGK,INT,60,1,RT,2025,1
CGKMELCGK,INT,60,2,RT,2026,5
CGKMELCGK,INT,61,5,RT,2025,1
CGKMELCGK,INT,64,7,RT,2026,1
CGKMELCGK,INT,67,1,RT,2025,1
CGKMELCGK,INT,71,3,RT,2025,5
CGKMELCGK,INT,72,12,RT,2025,3
CGKMELCGK,INT,73,18,RT,2026,4
CGKMELCGK,INT,74,4,RT,2025,1
CGKMELCGK,INT,79,3,RT,2025,3
CGKMELCGK,INT,83,2,RT,2026,5
CGKMELCGK,INT,87,25,RT,2025,2
CGKMELCGK,INT,103,3,RT,2026,6
CGKMELCGK,INT,106,25,RT,2026,5
CGKMELCGK,INT,114,6,RT,2025,1
CGKMELCGK,INT,133,2,RT,2026,1
CGKMELCGK,INT,134,7,RT,2025,1
CGKMELCGK,INT,137,2,RT,2025,1
CGKMELCGK,INT,140,18,RT,2026,4
CGKMELCGK,INT,142,3,RT,2026,2
CGKMELCGK,INT,147,2,RT,2025,1
CGKMELCGK,INT,166,5,RT,2025,1
CGKMELCGK,INT,166,25,RT,2025,4
CGKMELCGK,INT,169,10,RT,2026,3
CGKMELCGK,INT,189,14,RT,2026,2
CGKMELCGK,INT,199,2,RT,2025,1
CGKMELCGK,INT,199,12,RT,2026,4
CGKMELCGK,INT,211,1,RT,2025,1
CGKMELCGK,INT,217,4,RT,2025,1
CGKMELCGK,INT,218,1,RT,2026,6
CGKMELCGK,INT,219,14,RT,2025,3
CGKMLG,DOM,0,0,OW,2025,7
CGKMLG,DOM,0,0,OW,2026,3
CGKMLG,DOM,1,0,OW,2025,6
CGKMLG,DOM,1,0,OW,2026,3
CGKMLG,DOM,2,0,OW,2025,2
CGKMLG,DOM,3,0,OW,2025,5
CGKMLG,DOM,3,0,OW,2026,1
CGKMLG,DOM,4,0,OW,2025,1
CGKMLG,DOM,5,0,OW,2025,2
CGKMLG,DOM,6,0,OW,2025,7
CGKMLG,DOM,7,0,OW,2025,14
CGKMLG,DOM,9,0,OW,2025,3
CGKMLG,DOM,10,0,OW,2026,6
CGKMLG,DOM,11,0,OW,2025,2
CGKMLG,DOM,12,0,OW,2026,4
CGKMLG,DOM,13,0,OW,2025,3
CGKMLG,DOM,13,0,OW,2026,1
CGKMLG,DOM,14,0,OW,2026,2
CGKMLG,DOM,15,0,OW,2025,2
CGKMLG,DOM,18,0,OW,2025,4
CGKMLG,DOM,20,0,OW,2025,4
CGKMLG,DOM,21,0,OW,2025,12
CGKMLG,DOM,21,0,OW,2026,4
CGKMLG,DOM,22,0,OW,2025,4
CGKMLG,DOM,23,0,OW,2025,1
CGKMLG,DOM,24,0,OW,2025,2
CGKMLG,DOM,27,0,OW,2025,2
CGKMLG,DOM,28,0,OW,2026,1
CGKMLG,DOM,29,0,OW,2025,1
CGKMLG,DOM,30,0,OW,2026,1
CGKMLG,DOM,36,0,OW,2025,2
CGKMLG,DOM,48,0,OW,2025,6
CGKMLG,DOM,50,0,OW,2025,8
CGKMLG,DOM,50,0,OW,2026,4
CGKMLG,DOM,52,0,OW,2025,1
CGKMLG,DOM,53,0,OW,2025,3
CGKMLG,DOM,54,0,OW,2025,2
CGKMLG,DOM,55,0,OW,2025,2
CGKMLG,DOM,56,0,OW,2025,1
CGKMLG,DOM,57,0,OW,2025,1
CGKMLG,DOM,60,0,OW,2025,4
CGKMLG,DOM,61,0,OW,2025,5
CGKMLG,DOM,64,0,OW,2025,1
CGKMLG,DOM,65,0,OW,2025,6
CGKMLG,DOM,70,0,OW,2026,1
CGKMLG,DOM,72,0,OW,2025,3
CGKMLG,DOM,75,0,OW,2025,2
CGKMLG,DOM,82,0,OW,2025,2
CGKMLG,DOM,88,0,OW,2025,1
CGKMLG,DOM,90,0,OW,2025,4
CGKMLG,DOM,107,0,OW,2025,1
CGKMLG,DOM,108,0,OW,2026,2
CGKMLG,DOM,125,0,OW,2025,1
CGKMLG,DOM,158,0,OW,2025,1
CGKMLG,DOM,160,0,OW,2025,2
CGKMLG,DOM,161,0,OW,2025,1
CGKMLG,DOM,170,0,OW,2025,6
CGKMLG,DOM,176,0,OW,2025,2
CGKMLG,DOM,178,0,OW,2025,4
CGKMLG,DOM,186,0,OW,2025,4
CGKMLG,DOM,199,0,OW,2025,1
CGKMLG,DOM,212,0,OW,2026,1
CGKMLG,DOM,213,0,OW,2025,4
CGKMLG,DOM,214,0,OW,2025,1
CGKMLGCGK,DOM,0,1,RT,2025,2
CGKMLGCGK,DOM,0,1,RT,2026,1
CGKMLGCGK,DOM,0,2,RT,2026,4
CGKMLGCGK,DOM,0,3,RT,2025,4
CGKMLGCGK,DOM,0,7,RT,2025,1
CGKMLGCGK,DOM,0,10,RT,2026,2
CGKMLGCGK,DOM,0,12,RT,2026,4
CGKMLGCGK,DOM,0,18,RT,2025,4
CGKMLGCGK,DOM,0,18,RT,2026,1
CGKMLGCGK,DOM,0,25,RT,2025,1
CGKMLGCGK,DOM,0,40,RT,2026,1
CGKMLGCGK,DOM,1,3,RT,2025,1
CGKMLGCGK,DOM,1,8,RT,2025,2
CGKMLGCGK,DOM,1,14,RT,2025,1
CGKMLGCGK,DOM,2,1,RT,2025,7
CGKMLGCGK,DOM,2,1,RT,2026,1
CGKMLGCGK,DOM,2,2,RT,2025,1
CGKMLGCGK,DOM,2,14,RT,2025,1
CGKMLGCGK,DOM,2,25,RT,2026,1
CGKMLGCGK,DOM,3,7,RT,2025,2
CGKMLGCGK,DOM,4,3,RT,2025,4
CGKMLGCGK,DOM,4,3,RT,2026,2
CGKMLGCGK,DOM,4,25,RT,2025,5
CGKMLGCGK,DOM,5,3,RT,2025,2
CGKMLGCGK,DOM,5,4,RT,2025,6
CGKMLGCGK,DOM,5,6,RT,2025,1
CGKMLGCGK,DOM,6,1,RT,2025,5
CGKMLGCGK,DOM,6,2,RT,2025,2
CGKMLGCGK,DOM,6,2,RT,2026,4
CGKMLGCGK,DOM,6,4,RT,2025,2
CGKMLGCGK,DOM,6,6,RT,2025,2
CGKMLGCGK,DOM,6,18,RT,2025,1
CGKMLGCGK,DOM,7,6,RT,2025,1
CGKMLGCGK,DOM,7,25,RT,2025,2
CGKMLGCGK,DOM,8,2,RT,2026,1
CGKMLGCGK,DOM,8,3,RT,2026,5
CGKMLGCGK,DOM,8,5,RT,2026,1
CGKMLGCGK,DOM,8,8,RT,2025,1
CGKMLGCGK,DOM,9,12,RT,2026,1
CGKMLGCGK,DOM,9,40,RT,2025,1
CGKMLGCGK,DOM,10,3,RT,2025,2
CGKMLGCGK,DOM,11,6,RT,2026,1
CGKMLGCGK,DOM,11,12,RT,2025,5
CGKMLGCGK,DOM,11,25,RT,2025,3
CGKMLGCGK,DOM,12,3,RT,2025,1
CGKMLGCGK,DOM,13,2,RT,2026,6
CGKMLGCGK,DOM,13,5,RT,2026,3
CGKMLGCGK,DOM,14,1,RT,2026,2
CGKMLGCGK,DOM,14,12,RT,2026,1
CGKMLGCGK,DOM,15,1,RT,2025,2
CGKMLGCGK,DOM,15,6,RT,2025,2
CGKMLGCGK,DOM,15,14,RT,2026,1
CGKMLGCGK,DOM,16,6,RT,2025,2
CGKMLGCGK,DOM,17,5,RT,2025,1
CGKMLGCGK,DOM,17,14,RT,2025,2
CGKMLGCGK,DOM,18,14,RT,2026,2
CGKMLGCGK,DOM,19,3,RT,2026,4
CGKMLGCGK,DOM,19,4,RT,2025,1
CGKMLGCGK,DOM,19,6,RT,2026,3
CGKMLGCGK,DOM,19,10,RT,2026,3
CGKMLGCGK,DOM,19,14,RT,2026,6
CGKMLGCGK,DOM,20,1,RT,2026,1
CGKMLGCGK,DOM,20,2,RT,2025,6
CGKMLGCGK,DOM,20,2,RT,2026,1
CGKMLGCGK,DOM,20,4,RT,2025,5
CGKMLGCGK,DOM,20,6,RT,2025,2
CGKMLGCGK,DOM,20,8,RT,2026,4
CGKMLGCGK,DOM,20,18,RT,2025,2
CGKMLGCGK,DOM,21,2,RT,2025,4
CGKMLGCGK,DOM,21,6,RT,2025,1
CGKMLGCGK,DOM,22,14,RT,2025,6
CGKMLGCGK,DOM,22,18,RT,2025,1
CGKMLGCGK,DOM,24,4,RT,2025,3
CGKMLGCGK,DOM,24,14,RT,2025,1
CGKMLGCGK,DOM,25,1,RT,2025,1
CGKMLGCGK,DOM,25,40,RT,2025,6
CGKMLGCGK,DOM,27,2,RT,2026,2
CGKMLGCGK,DOM,28,2,RT,2025,1
CGKMLGCGK,DOM,28,2,RT,2026,2
CGKMLGCGK,DOM,28,3,RT,2025,2
CGKMLGCGK,DOM,29,5,RT,2025,8
CGKMLGCGK,DOM,29,12,RT,2025,1
CGKMLGCGK,DOM,29,18,RT,2025,6
CGKMLGCGK,DOM,30,4,RT,2026,4
CGKMLGCGK,DOM,32,3,RT,2025,3
CGKMLGCGK,DOM,35,5,RT,2025,1
CGKMLGCGK,DOM,39,14,RT,2025,4
CGKMLGCGK,DOM,40,14,RT,2025,6
CGKMLGCGK,DOM,41,10,RT,2025,1
CGKMLGCGK,DOM,44,12,RT,2025,2
CGKMLGCGK,DOM,47,3,RT,2025,1
CGKMLGCGK,DOM,47,6,RT,2025,6
CGKMLGCGK,DOM,48,1,RT,2025,1
CGKMLGCGK,DOM,50,12,RT,2026,1
CGKMLGCGK,DOM,51,10,RT,2025,4
CGKMLGCGK,DOM,52,25,RT,2026,1
CGKMLGCGK,DOM,55,3,RT,2025,2
CGKMLGCGK,DOM,55,5,RT,2025,2
CGKMLGCGK,DOM,55,40,RT,2025,4
CGKMLGCGK,DOM,64,4,RT,2025,4
CGKMLGCGK,DOM,65,1,RT,2025,2
CGKMLGCGK,DOM,65,1,RT,2026,3
CGKMLGCGK,DOM,65,2,RT,2025,3
CGKMLGCGK,DOM,72,1,RT,2025,3
CGKMLGCGK,DOM,75,2,RT,2025,2
CGKMLGCGK,DOM,75,25,RT,2025,3
CGKMLGCGK,DOM,85,3,RT,2025,2
CGKMLGCGK,DOM,102,10,RT,2025,2
CGKMLGCGK,DOM,111,5,RT,2025,1
CGKMLGCGK,DOM,113,18,RT,2025,2
CGKMLGCGK,DOM,116,3,RT,2026,1
CGKMLGCGK,DOM,118,3,RT,2025,2
CGKMLGCGK,DOM,121,12,RT,2025,1
CGKMLGCGK,DOM,129,4,RT,2025,1
CGKMLGCGK,DOM,147,4,RT,2026,3
CGKMLGCGK,DOM,149,1,RT,2026,2
CGKMLGCGK,DOM,154,5,RT,2025,6
CGKMLGCGK,DOM,156,1,RT,2025,6
CGKMLGCGK,DOM,170,25,RT,2026,1
CGKMLGCGK,DOM,176,1,RT,2025,3
CGKMLGCGK,DOM,186,10,RT,2025,2
CGKMLGCGK,DOM,195,40,RT,2025,1
CGKMLGCGK,DOM,196,5,RT,2025,1
CGKMLGCGK,DOM,206,1,RT,2026,1
CGKMLGCGK,DOM,209,7,RT,2025,6
CGKMLGCGK,DOM,217,2,RT,2025,2
CGKNRT,INT,0,0,OW,2025,17
CGKNRT,INT,0,0,OW,2026,14
CGKNRT,INT,1,0,OW,2025,27
CGKNRT,INT,1,0,OW,2026,19
CGKNRT,INT,2,0,OW,2025,34
CGKNRT,INT,2,0,OW,2026,18
CGKNRT,INT,3,0,OW,2025,25
CGKNRT,INT,3,0,OW,2026,16
CGKNRT,INT,4,0,OW,2025,16
CGKNRT,INT,4,0,OW,2026,15
CGKNRT,INT,5,0,OW,2025,23
CGKNRT,INT,5,0,OW,2026,19
CGKNRT,INT,6,0,OW,2025,21
CGKNRT,INT,6,0,OW,2026,6
CGKNRT,INT,7,0,OW,2025,5
CGKNRT,INT,7,0,OW,2026,15
CGKNRT,INT,8,0,OW,2025,10
CGKNRT,INT,8,0,OW,2026,19
CGKNRT,INT,9,0,OW,2025,21
CGKNRT,INT,9,0,OW,2026,12
CGKNRT,INT,10,0,OW,2025,11
CGKNRT,INT,10,0,OW,2026,4
CGKNRT,INT,11,0,OW,2025,11
CGKNRT,INT,11,0,OW,2026,8
CGKNRT,INT,12,0,OW,2025,4
CGKNRT,INT,12,0,OW,2026,14
CGKNRT,INT,13,0,OW,2025,5
CGKNRT,INT,13,0,OW,2026,11
CGKNRT,INT,14,0,OW,2025,12
CGKNRT,INT,14,0,OW,2026,13
CGKNRT,INT,15,0,OW,2025,7
CGKNRT,INT,15,0,OW,2026,14
CGKNRT,INT,16,0,OW,2025,10
CGKNRT,INT,16,0,OW,2026,3
CGKNRT,INT,17,0,OW,2025,10
CGKNRT,INT,17,0,OW,2026,11
CGKNRT,INT,18,0,OW,2025,10
CGKNRT,INT,19,0,OW,2025,10
CGKNRT,INT,19,0,OW,2026,12
CGKNRT,INT,20,0,OW,2025,5
CGKNRT,INT,20,0,OW,2026,8
CGKNRT,INT,21,0,OW,2025,7
CGKNRT,INT,21,0,OW,2026,14
CGKNRT,INT,22,0,OW,2025,4
CGKNRT,INT,22,0,OW,2026,8
CGKNRT,INT,23,0,OW,2025,5
CGKNRT,INT,24,0,OW,2025,16
CGKNRT,INT,24,0,OW,2026,8
CGKNRT,INT,25,0,OW,2025,10
CGKNRT,INT,25,0,OW,2026,7
CGKNRT,INT,26,0,OW,2026,5
CGKNRT,INT,27,0,OW,2025,5
CGKNRT,INT,27,0,OW,2026,4
CGKNRT,INT,28,0,OW,2025,8
CGKNRT,INT,28,0,OW,2026,11
CGKNRT,INT,29,0,OW,2025,3
CGKNRT,INT,29,0,OW,2026,8
CGKNRT,INT,30,0,OW,2025,7
CGKNRT,INT,30,0,OW,2026,3
CGKNRT,INT,31,0,OW,2026,2
CGKNRT,INT,33,0,OW,2026,3
CGKNRT,INT,35,0,OW,2025,5
CGKNRT,INT,35,0,OW,2026,7
CGKNRT,INT,36,0,OW,2025,2
CGKNRT,INT,37,0,OW,2025,3
CGKNRT,INT,37,0,OW,2026,3
CGKNRT,INT,38,0,OW,2025,1
CGKNRT,INT,38,0,OW,2026,1
CGKNRT,INT,40,0,OW,2025,1
CGKNRT,INT,41,0,OW,2025,3
CGKNRT,INT,42,0,OW,2025,1
CGKNRT,INT,42,0,OW,2026,1
CGKNRT,INT,43,0,OW,2025,6
CGKNRT,INT,43,0,OW,2026,3
CGKNRT,INT,44,0,OW,2025,2
CGKNRT,INT,45,0,OW,2025,6
CGKNRT,INT,48,0,OW,2025,5
CGKNRT,INT,48,0,OW,2026,6
CGKNRT,INT,53,0,OW,2026,2
CGKNRT,INT,55,0,OW,2025,4
CGKNRT,INT,55,0,OW,2026,2
CGKNRT,INT,56,0,OW,2025,16
CGKNRT,INT,57,0,OW,2026,3
CGKNRT,INT,58,0,OW,2025,2
CGKNRT,INT,58,0,OW,2026,9
CGKNRT,INT,59,0,OW,2026,1
CGKNRT,INT,60,0,OW,2025,7
CGKNRT,INT,61,0,OW,2025,2
CGKNRT,INT,61,0,OW,2026,1
CGKNRT,INT,62,0,OW,2025,6
CGKNRT,INT,62,0,OW,2026,6
CGKNRT,INT,63,0,OW,2026,3
CGKNRT,INT,64,0,OW,2025,1
CGKNRT,INT,65,0,OW,2025,5
CGKNRT,INT,66,0,OW,2025,3
CGKNRT,INT,67,0,OW,2025,1
CGKNRT,INT,67,0,OW,2026,5
CGKNRT,INT,68,0,OW,2025,2
CGKNRT,INT,69,0,OW,2025,1
CGKNRT,INT,69,0,OW,2026,2
CGKNRT,INT,71,0,OW,2025,6
CGKNRT,INT,71,0,OW,2026,2
CGKNRT,INT,72,0,OW,2025,1
CGKNRT,INT,73,0,OW,2025,4
CGKNRT,INT,73,0,OW,2026,3
CGKNRT,INT,74,0,OW,2025,4
CGKNRT,INT,74,0,OW,2026,1
CGKNRT,INT,75,0,OW,2026,3
CGKNRT,INT,76,0,OW,2026,4
CGKNRT,INT,77,0,OW,2025,4
CGKNRT,INT,77,0,OW,2026,1
CGKNRT,INT,78,0,OW,2025,2
CGKNRT,INT,79,0,OW,2026,11
CGKNRT,INT,80,0,OW,2026,3
CGKNRT,INT,81,0,OW,2026,5
CGKNRT,INT,82,0,OW,2026,4
CGKNRT,INT,83,0,OW,2025,1
CGKNRT,INT,83,0,OW,2026,1
CGKNRT,INT,84,0,OW,2025,6
CGKNRT,INT,84,0,OW,2026,5
CGKNRT,INT,85,0,OW,2025,4
CGKNRT,INT,86,0,OW,2025,5
CGKNRT,INT,87,0,OW,2025,2
CGKNRT,INT,87,0,OW,2026,4
CGKNRT,INT,88,0,OW,2025,4
CGKNRT,INT,88,0,OW,2026,9
CGKNRT,INT,92,0,OW,2025,3
CGKNRT,INT,92,0,OW,2026,3
CGKNRT,INT,93,0,OW,2025,12
CGKNRT,INT,93,0,OW,2026,1
CGKNRT,INT,97,0,OW,2025,1
CGKNRT,INT,98,0,OW,2025,2
CGKNRT,INT,99,0,OW,2025,1
CGKNRT,INT,101,0,OW,2025,5
CGKNRT,INT,103,0,OW,2026,1
CGKNRT,INT,104,0,OW,2026,2
CGKNRT,INT,107,0,OW,2025,3
CGKNRT,INT,107,0,OW,2026,1
CGKNRT,INT,109,0,OW,2025,2
CGKNRT,INT,110,0,OW,2026,3
CGKNRT,INT,112,0,OW,2026,1
CGKNRT,INT,118,0,OW,2025,1
CGKNRT,INT,119,0,OW,2026,7
CGKNRT,INT,120,0,OW,2026,1
CGKNRT,INT,122,0,OW,2025,4
CGKNRT,INT,122,0,OW,2026,3
CGKNRT,INT,124,0,OW,2025,1
CGKNRT,INT,126,0,OW,2026,4
CGKNRT,INT,132,0,OW,2026,1
CGKNRT,INT,141,0,OW,2025,2
CGKNRT,INT,144,0,OW,2025,4
CGKNRT,INT,151,0,OW,2025,1
CGKNRT,INT,153,0,OW,2026,5
CGKNRT,INT,154,0,OW,2026,1
CGKNRT,INT,155,0,OW,2025,3
CGKNRT,INT,160,0,OW,2025,4
CGKNRT,INT,164,0,OW,2025,3
CGKNRT,INT,166,0,OW,2026,6
CGKNRT,INT,173,0,OW,2026,2
CGKNRT,INT,175,0,OW,2025,1
CGKNRT,INT,187,0,OW,2026,1
CGKNRT,INT,190,0,OW,2025,2
CGKNRT,INT,191,0,OW,2025,6
CGKNRT,INT,192,0,OW,2026,5
CGKNRT,INT,194,0,OW,2026,2
CGKNRT,INT,204,0,OW,2025,5
CGKNRT,INT,208,0,OW,2025,3
CGKNRT,INT,213,0,OW,2025,5
CGKNRT,INT,218,0,OW,2026,1
CGKNRTCGK,INT,0,2,RT,2025,6
CGKNRTCGK,INT,0,3,RT,2025,2
CGKNRTCGK,INT,0,3,RT,2026,7
CGKNRTCGK,INT,0,6,RT,2026,1
CGKNRTCGK,INT,0,8,RT,2025,6
CGKNRTCGK,INT,0,10,RT,2025,1
CGKNRTCGK,INT,0,12,RT,2025,2
CGKNRTCGK,INT,0,12,RT,2026,3
CGKNRTCGK,INT,0,25,RT,2026,1
CGKNRTCGK,INT,1,1,RT,2026,1
CGKNRTCGK,INT,1,2,RT,2025,2
CGKNRTCGK,INT,1,2,RT,2026,4
CGKNRTCGK,INT,1,3,RT,2025,1
CGKNRTCGK,INT,1,3,RT,2026,3
CGKNRTCGK,INT,1,6,RT,2025,1
CGKNRTCGK,INT,1,7,RT,2025,2
CGKNRTCGK,INT,1,7,RT,2026,1
CGKNRTCGK,INT,1,18,RT,2026,2
CGKNRTCGK,INT,1,25,RT,2025,7
CGKNRTCGK,INT,1,25,RT,2026,11
CGKNRTCGK,INT,1,40,RT,2025,4
CGKNRTCGK,INT,2,1,RT,2025,6
CGKNRTCGK,INT,2,2,RT,2025,3
CGKNRTCGK,INT,2,3,RT,2026,1
CGKNRTCGK,INT,2,4,RT,2025,1
CGKNRTCGK,INT,2,4,RT,2026,2
CGKNRTCGK,INT,2,5,RT,2026,5
CGKNRTCGK,INT,2,6,RT,2025,4
CGKNRTCGK,INT,2,7,RT,2025,6
CGKNRTCGK,INT,2,10,RT,2026,6
CGKNRTCGK,INT,2,14,RT,2025,5
CGKNRTCGK,INT,2,14,RT,2026,2
CGKNRTCGK,INT,2,18,RT,2026,1
CGKNRTCGK,INT,2,40,RT,2025,6
CGKNRTCGK,INT,2,40,RT,2026,12
CGKNRTCGK,INT,3,1,RT,2025,2
CGKNRTCGK,INT,3,2,RT,2026,7
CGKNRTCGK,INT,3,3,RT,2025,1
CGKNRTCGK,INT,3,4,RT,2026,6
CGKNRTCGK,INT,3,5,RT,2026,2
CGKNRTCGK,INT,3,7,RT,2026,2
CGKNRTCGK,INT,3,10,RT,2025,6
CGKNRTCGK,INT,3,10,RT,2026,1
CGKNRTCGK,INT,3,12,RT,2025,1
CGKNRTCGK,INT,3,18,RT,2025,2
CGKNRTCGK,INT,3,25,RT,2026,6
CGKNRTCGK,INT,4,1,RT,2025,1
CGKNRTCGK,INT,4,3,RT,2025,1
CGKNRTCGK,INT,4,4,RT,2025,1
CGKNRTCGK,INT,4,5,RT,2025,4
CGKNRTCGK,INT,4,7,RT,2025,3
CGKNRTCGK,INT,4,12,RT,2026,4
CGKNRTCGK,INT,4,40,RT,2025,8
CGKNRTCGK,INT,5,1,RT,2025,1
CGKNRTCGK,INT,5,1,RT,2026,2
CGKNRTCGK,INT,5,3,RT,2025,1
CGKNRTCGK,INT,5,3,RT,2026,1
CGKNRTCGK,INT,5,5,RT,2025,5
CGKNRTCGK,INT,5,5,RT,2026,2
CGKNRTCGK,INT,5,6,RT,2025,5
CGKNRTCGK,INT,5,6,RT,2026,1
CGKNRTCGK,INT,5,7,RT,2025,4
CGKNRTCGK,INT,5,8,RT,2026,1
CGKNRTCGK,INT,5,14,RT,2026,6
CGKNRTCGK,INT,5,40,RT,2026,2
CGKNRTCGK,INT,6,1,RT,2026,4
CGKNRTCGK,INT,6,2,RT,2025,7
CGKNRTCGK,INT,6,2,RT,2026,2
CGKNRTCGK,INT,6,3,RT,2025,3
CGKNRTCGK,INT,6,3,RT,2026,1
CGKNRTCGK,INT,6,5,RT,2026,2
CGKNRTCGK,INT,6,6,RT,2025,5
CGKNRTCGK,INT,6,7,RT,2026,7
CGKNRTCGK,INT,6,8,RT,2026,1
CGKNRTCGK,INT,6,10,RT,2025,1
CGKNRTCGK,INT,6,10,RT,2026,1
CGKNRTCGK,INT,6,25,RT,2025,2
CGKNRTCGK,INT,6,40,RT,2025,2
CGKNRTCGK,INT,6,40,RT,2026,7
CGKNRTCGK,INT,7,1,RT,2025,10
CGKNRTCGK,INT,7,1,RT,2026,3
CGKNRTCGK,INT,7,2,RT,2025,3
CGKNRTCGK,INT,7,2,RT,2026,1
CGKNRTCGK,INT,7,3,RT,2025,5
CGKNRTCGK,INT,7,3,RT,2026,8
CGKNRTCGK,INT,7,5,RT,2025,1
CGKNRTCGK,INT,7,6,RT,2025,3
CGKNRTCGK,INT,7,7,RT,2026,4
CGKNRTCGK,INT,7,8,RT,2025,5
CGKNRTCGK,INT,7,8,RT,2026,3
CGKNRTCGK,INT,7,18,RT,2025,2
CGKNRTCGK,INT,7,25,RT,2026,2
CGKNRTCGK,INT,7,40,RT,2025,1
CGKNRTCGK,INT,8,2,RT,2025,3
CGKNRTCGK,INT,8,2,RT,2026,6
CGKNRTCGK,INT,8,3,RT,2025,1
CGKNRTCGK,INT,8,3,RT,2026,1
CGKNRTCGK,INT,8,8,RT,2025,5
CGKNRTCGK,INT,8,10,RT,2026,3
CGKNRTCGK,INT,8,12,RT,2025,1
CGKNRTCGK,INT,8,14,RT,2025,3
CGKNRTCGK,INT,8,40,RT,2025,2
CGKNRTCGK,INT,9,2,RT,2025,2
CGKNRTCGK,INT,9,3,RT,2025,2
CGKNRTCGK,INT,9,4,RT,2025,4
CGKNRTCGK,INT,9,7,RT,2026,2
CGKNRTCGK,INT,10,1,RT,2025,6
CGKNRTCGK,INT,10,4,RT,2025,3
CGKNRTCGK,INT,10,10,RT,2026,9
CGKNRTCGK,INT,10,12,RT,2026,2
CGKNRTCGK,INT,10,25,RT,2025,6
CGKNRTCGK,INT,11,2,RT,2026,1
CGKNRTCGK,INT,11,3,RT,2025,3
CGKNRTCGK,INT,11,3,RT,2026,3
CGKNRTCGK,INT,11,5,RT,2025,2
CGKNRTCGK,INT,11,8,RT,2026,1
CGKNRTCGK,INT,11,14,RT,2026,1
CGKNRTCGK,INT,12,1,RT,2025,10
CGKNRTCGK,INT,12,1,RT,2026,2
CGKNRTCGK,INT,12,2,RT,2025,4
CGKNRTCGK,INT,12,3,RT,2025,3
CGKNRTCGK,INT,12,8,RT,2025,2
CGKNRTCGK,INT,12,12,RT,2025,2
CGKNRTCGK,INT,12,12,RT,2026,1
CGKNRTCGK,INT,12,14,RT,2026,6
CGKNRTCGK,INT,13,2,RT,2025,4
CGKNRTCGK,INT,13,3,RT,2026,6
CGKNRTCGK,INT,13,5,RT,2026,5
CGKNRTCGK,INT,13,14,RT,2026,1
CGKNRTCGK,INT,14,1,RT,2025,3
CGKNRTCGK,INT,14,4,RT,2025,4
CGKNRTCGK,INT,14,7,RT,2025,2
CGKNRTCGK,INT,14,7,RT,2026,1
CGKNRTCGK,INT,14,10,RT,2025,1
CGKNRTCGK,INT,14,12,RT,2025,4
CGKNRTCGK,INT,14,14,RT,2026,6
CGKNRTCGK,INT,15,1,RT,2025,7
CGKNRTCGK,INT,15,4,RT,2026,2
CGKNRTCGK,INT,15,10,RT,2025,1
CGKNRTCGK,INT,15,12,RT,2026,3
CGKNRTCGK,INT,15,40,RT,2026,1
CGKNRTCGK,INT,16,3,RT,2025,10
CGKNRTCGK,INT,16,3,RT,2026,3
CGKNRTCGK,INT,16,5,RT,2025,1
CGKNRTCGK,INT,16,14,RT,2025,1
CGKNRTCGK,INT,16,25,RT,2026,1
CGKNRTCGK,INT,17,1,RT,2025,7
CGKNRTCGK,INT,17,2,RT,2025,1
CGKNRTCGK,INT,17,4,RT,2025,2
CGKNRTCGK,INT,17,8,RT,2025,3
CGKNRTCGK,INT,17,25,RT,2026,1
CGKNRTCGK,INT,17,40,RT,2025,2
CGKNRTCGK,INT,18,1,RT,2025,7
CGKNRTCGK,INT,18,2,RT,2026,1
CGKNRTCGK,INT,18,3,RT,2025,4
CGKNRTCGK,INT,18,5,RT,2026,4
CGKNRTCGK,INT,18,8,RT,2025,1
CGKNRTCGK,INT,18,8,RT,2026,2
CGKNRTCGK,INT,18,18,RT,2025,6
CGKNRTCGK,INT,18,25,RT,2026,1
CGKNRTCGK,INT,18,40,RT,2025,5
CGKNRTCGK,INT,19,1,RT,2025,1
CGKNRTCGK,INT,19,1,RT,2026,3
CGKNRTCGK,INT,19,2,RT,2025,3
CGKNRTCGK,INT,19,2,RT,2026,6
CGKNRTCGK,INT,19,3,RT,2025,2
CGKNRTCGK,INT,19,3,RT,2026,1
CGKNRTCGK,INT,19,5,RT,2026,1
CGKNRTCGK,INT,19,6,RT,2026,2
CGKNRTCGK,INT,19,7,RT,2026,4
CGKNRTCGK,INT,19,8,RT,2026,1
CGKNRTCGK,INT,19,12,RT,2025,7
CGKNRTCGK,INT,19,12,RT,2026,2
CGKNRTCGK,INT,19,18,RT,2026,4
CGKNRTCGK,INT,20,1,RT,2026,4
CGKNRTCGK,INT,20,2,RT,2025,3
CGKNRTCGK,INT,20,6,RT,2025,2
CGKNRTCGK,INT,20,7,RT,2025,5
CGKNRTCGK,INT,20,8,RT,2025,6
CGKNRTCGK,INT,20,10,RT,2026,7
CGKNRTCGK,INT,20,14,RT,2025,2
CGKNRTCGK,INT,20,40,RT,2025,2
CGKNRTCGK,INT,20,40,RT,2026,2
CGKNRTCGK,INT,21,1,RT,2026,2
CGKNRTCGK,INT,21,2,RT,2025,3
CGKNRTCGK,INT,21,2,RT,2026,2
CGKNRTCGK,INT,21,3,RT,2025,1
CGKNRTCGK,INT,21,3,RT,2026,1
CGKNRTCGK,INT,21,4,RT,2025,1
CGKNRTCGK,INT,21,8,RT,2026,5
CGKNRTCGK,INT,21,40,RT,2026,1
CGKNRTCGK,INT,22,3,RT,2026,4
CGKNRTCGK,INT,22,7,RT,2026,4
CGKNRTCGK,INT,22,18,RT,2025,1
CGKNRTCGK,INT,23,2,RT,2026,3
CGKNRTCGK,INT,23,10,RT,2026,1
CGKNRTCGK,INT,23,12,RT,2025,2
CGKNRTCGK,INT,23,14,RT,2025,4
CGKNRTCGK,INT,23,18,RT,2026,2
CGKNRTCGK,INT,23,40,RT,2025,1
CGKNRTCGK,INT,23,40,RT,2026,1
CGKNRTCGK,INT,24,1,RT,2026,1
CGKNRTCGK,INT,24,2,RT,2025,4
CGKNRTCGK,INT,24,3,RT,2026,1
CGKNRTCGK,INT,24,4,RT,2025,2
CGKNRTCGK,INT,24,5,RT,2025,3
CGKNRTCGK,INT,24,6,RT,2025,5
CGKNRTCGK,INT,24,7,RT,2025,2
CGKNRTCGK,INT,24,14,RT,2026,3
CGKNRTCGK,INT,24,25,RT,2025,1
CGKNRTCGK,INT,24,40,RT,2025,1
CGKNRTCGK,INT,24,40,RT,2026,3
CGKNRTCGK,INT,25,2,RT,2025,2
CGKNRTCGK,INT,25,2,RT,2026,6
CGKNRTCGK,INT,25,4,RT,2025,2
CGKNRTCGK,INT,25,18,RT,2026,2
CGKNRTCGK,INT,26,3,RT,2025,1
CGKNRTCGK,INT,26,4,RT,2025,1
CGKNRTCGK,INT,26,8,RT,2025,1
CGKNRTCGK,INT,26,18,RT,2026,2
CGKNRTCGK,INT,26,40,RT,2025,1
CGKNRTCGK,INT,27,1,RT,2026,8
CGKNRTCGK,INT,27,3,RT,2026,2
CGKNRTCGK,INT,27,8,RT,2025,2
CGKNRTCGK,INT,27,10,RT,2025,2
CGKNRTCGK,INT,27,18,RT,2026,2
CGKNRTCGK,INT,27,40,RT,2026,1
CGKNRTCGK,INT,28,1,RT,2026,2
CGKNRTCGK,INT,28,2,RT,2026,4
CGKNRTCGK,INT,28,3,RT,2025,7
CGKNRTCGK,INT,28,5,RT,2025,2
CGKNRTCGK,INT,28,12,RT,2025,3
CGKNRTCGK,INT,28,18,RT,2025,1
CGKNRTCGK,INT,28,40,RT,2025,3
CGKNRTCGK,INT,29,1,RT,2026,2
CGKNRTCGK,INT,29,3,RT,2025,4
CGKNRTCGK,INT,29,3,RT,2026,6
CGKNRTCGK,INT,29,6,RT,2026,5
CGKNRTCGK,INT,29,8,RT,2025,1
CGKNRTCGK,INT,29,12,RT,2025,2
CGKNRTCGK,INT,29,18,RT,2025,1
CGKNRTCGK,INT,29,25,RT,2026,3
CGKNRTCGK,INT,30,4,RT,2026,4
CGKNRTCGK,INT,30,5,RT,2025,2
CGKNRTCGK,INT,30,12,RT,2025,4
CGKNRTCGK,INT,30,18,RT,2026,3
CGKNRTCGK,INT,31,12,RT,2025,6
CGKNRTCGK,INT,32,7,RT,2025,1
CGKNRTCGK,INT,33,3,RT,2026,2
CGKNRTCGK,INT,33,7,RT,2025,2
CGKNRTCGK,INT,34,3,RT,2025,3
CGKNRTCGK,INT,34,18,RT,2026,1
CGKNRTCGK,INT,34,40,RT,2025,2
CGKNRTCGK,INT,35,2,RT,2025,2
CGKNRTCGK,INT,35,2,RT,2026,2
CGKNRTCGK,INT,36,14,RT,2026,1
CGKNRTCGK,INT,37,2,RT,2025,1
CGKNRTCGK,INT,38,1,RT,2025,3
CGKNRTCGK,INT,39,5,RT,2025,1
CGKNRTCGK,INT,40,2,RT,2025,2
CGKNRTCGK,INT,41,14,RT,2026,4
CGKNRTCGK,INT,42,8,RT,2026,2
CGKNRTCGK,INT,43,1,RT,2025,1
CGKNRTCGK,INT,43,6,RT,2026,1
CGKNRTCGK,INT,43,18,RT,2026,1
CGKNRTCGK,INT,44,1,RT,2026,3
CGKNRTCGK,INT,44,3,RT,2025,1
CGKNRTCGK,INT,44,10,RT,2025,2
CGKNRTCGK,INT,44,40,RT,2025,3
CGKNRTCGK,INT,45,3,RT,2026,3
CGKNRTCGK,INT,45,4,RT,2026,1
CGKNRTCGK,INT,45,8,RT,2025,3
CGKNRTCGK,INT,45,10,RT,2025,1
CGKNRTCGK,INT,45,40,RT,2025,1
CGKNRTCGK,INT,46,14,RT,2025,2
CGKNRTCGK,INT,47,3,RT,2025,4
CGKNRTCGK,INT,47,6,RT,2025,2
CGKNRTCGK,INT,48,6,RT,2025,3
CGKNRTCGK,INT,49,2,RT,2026,6
CGKNRTCGK,INT,49,4,RT,2026,4
CGKNRTCGK,INT,49,8,RT,2026,1
CGKNRTCGK,INT,49,12,RT,2025,3
CGKNRTCGK,INT,50,2,RT,2025,2
CGKNRTCGK,INT,51,4,RT,2025,1
CGKNRTCGK,INT,51,5,RT,2025,2
CGKNRTCGK,INT,52,2,RT,2026,1
CGKNRTCGK,INT,52,10,RT,2026,4
CGKNRTCGK,INT,52,12,RT,2025,3
CGKNRTCGK,INT,52,18,RT,2025,2
CGKNRTCGK,INT,53,2,RT,2026,9
CGKNRTCGK,INT,54,14,RT,2026,3
CGKNRTCGK,INT,56,2,RT,2025,2
CGKNRTCGK,INT,56,10,RT,2026,1
CGKNRTCGK,INT,57,3,RT,2025,2
CGKNRTCGK,INT,57,5,RT,2025,4
CGKNRTCGK,INT,57,6,RT,2026,3
CGKNRTCGK,INT,57,40,RT,2025,5
CGKNRTCGK,INT,59,5,RT,2026,1
CGKNRTCGK,INT,59,8,RT,2025,2
CGKNRTCGK,INT,59,40,RT,2026,2
CGKNRTCGK,INT,60,2,RT,2025,1
CGKNRTCGK,INT,60,14,RT,2025,1
CGKNRTCGK,INT,60,40,RT,2026,5
CGKNRTCGK,INT,62,10,RT,2025,2
CGKNRTCGK,INT,63,1,RT,2025,2
CGKNRTCGK,INT,63,2,RT,2025,2
CGKNRTCGK,INT,64,12,RT,2026,1
CGKNRTCGK,INT,65,6,RT,2026,1
CGKNRTCGK,INT,65,8,RT,2025,4
CGKNRTCGK,INT,66,8,RT,2025,1
CGKNRTCGK,INT,66,25,RT,2025,3
CGKNRTCGK,INT,67,1,RT,2026,1
CGKNRTCGK,INT,67,3,RT,2025,3
CGKNRTCGK,INT,68,2,RT,2026,1
CGKNRTCGK,INT,68,10,RT,2025,3
CGKNRTCGK,INT,69,1,RT,2025,1
CGKNRTCGK,INT,70,5,RT,2025,4
CGKNRTCGK,INT,70,6,RT,2025,1
CGKNRTCGK,INT,71,18,RT,2025,3
CGKNRTCGK,INT,72,2,RT,2026,1
CGKNRTCGK,INT,73,1,RT,2025,5
CGKNRTCGK,INT,74,2,RT,2025,2
CGKNRTCGK,INT,74,3,RT,2025,5
CGKNRTCGK,INT,74,3,RT,2026,3
CGKNRTCGK,INT,75,1,RT,2025,2
CGKNRTCGK,INT,75,1,RT,2026,6
CGKNRTCGK,INT,75,14,RT,2025,2
CGKNRTCGK,INT,76,2,RT,2025,1
CGKNRTCGK,INT,76,5,RT,2025,1
CGKNRTCGK,INT,76,10,RT,2026,6
CGKNRTCGK,INT,77,25,RT,2026,2
CGKNRTCGK,INT,78,2,RT,2025,1
CGKNRTCGK,INT,78,18,RT,2026,4
CGKNRTCGK,INT,79,1,RT,2026,6
CGKNRTCGK,INT,79,25,RT,2026,4
CGKNRTCGK,INT,80,8,RT,2025,2
CGKNRTCGK,INT,80,10,RT,2025,2
CGKNRTCGK,INT,81,7,RT,2026,4
CGKNRTCGK,INT,81,8,RT,2026,2
CGKNRTCGK,INT,82,2,RT,2025,1
CGKNRTCGK,INT,82,3,RT,2026,2
CGKNRTCGK,INT,82,18,RT,2026,2
CGKNRTCGK,INT,83,1,RT,2026,3
CGKNRTCGK,INT,83,18,RT,2026,1
CGKNRTCGK,INT,84,1,RT,2025,1
CGKNRTCGK,INT,84,10,RT,2026,1
CGKNRTCGK,INT,85,6,RT,2026,1
CGKNRTCGK,INT,85,25,RT,2025,1
CGKNRTCGK,INT,86,7,RT,2026,1
CGKNRTCGK,INT,86,18,RT,2026,1
CGKNRTCGK,INT,87,4,RT,2025,2
CGKNRTCGK,INT,87,5,RT,2026,4
CGKNRTCGK,INT,87,6,RT,2025,2
CGKNRTCGK,INT,88,6,RT,2026,1
CGKNRTCGK,INT,89,1,RT,2025,3
CGKNRTCGK,INT,90,1,RT,2025,1
CGKNRTCGK,INT,91,2,RT,2025,2
CGKNRTCGK,INT,99,10,RT,2026,2
CGKNRTCGK,INT,99,40,RT,2025,4
CGKNRTCGK,INT,100,10,RT,2026,4
CGKNRTCGK,INT,104,3,RT,2025,1
CGKNRTCGK,INT,110,5,RT,2026,1
CGKNRTCGK,INT,113,1,RT,2026,5
CGKNRTCGK,INT,113,14,RT,2025,3
CGKNRTCGK,INT,114,1,RT,2025,1
CGKNRTCGK,INT,119,4,RT,2026,2
CGKNRTCGK,INT,120,40,RT,2026,2
CGKNRTCGK,INT,122,3,RT,2025,1
CGKNRTCGK,INT,124,14,RT,2026,5
CGKNRTCGK,INT,125,2,RT,2025,1
CGKNRTCGK,INT,127,40,RT,2026,2
CGKNRTCGK,INT,128,14,RT,2025,3
CGKNRTCGK,INT,130,3,RT,2025,1
CGKNRTCGK,INT,131,2,RT,2025,2
CGKNRTCGK,INT,132,12,RT,2026,2
CGKNRTCGK,INT,133,4,RT,2026,1
CGKNRTCGK,INT,134,4,RT,2025,4
CGKNRTCGK,INT,135,6,RT,2026,4
CGKNRTCGK,INT,142,5,RT,2026,7
CGKNRTCGK,INT,142,7,RT,2025,3
CGKNRTCGK,INT,143,18,RT,2026,1
CGKNRTCGK,INT,144,1,RT,2026,2
CGKNRTCGK,INT,156,3,RT,2026,1
CGKNRTCGK,INT,158,2,RT,2025,2
CGKNRTCGK,INT,158,6,RT,2026,2
CGKNRTCGK,INT,162,4,RT,2026,1
CGKNRTCGK,INT,165,1,RT,2025,2
CGKNRTCGK,INT,166,3,RT,2026,2
CGKNRTCGK,INT,168,14,RT,2025,2
CGKNRTCGK,INT,174,1,RT,2025,2
CGKNRTCGK,INT,174,6,RT,2025,2
CGKNRTCGK,INT,176,5,RT,2025,1
CGKNRTCGK,INT,178,14,RT,2026,2
CGKNRTCGK,INT,180,25,RT,2025,2
CGKNRTCGK,INT,183,18,RT,2026,1
CGKNRTCGK,INT,184,40,RT,2025,4
CGKNRTCGK,INT,185,6,RT,2025,2
CGKNRTCGK,INT,185,7,RT,2025,3
CGKNRTCGK,INT,191,40,RT,2025,4
CGKNRTCGK,INT,219,25,RT,2025,1
CGKPDG,DOM,0,0,OW,2025,5
CGKPDG,DOM,0,0,OW,2026,21
CGKPDG,DOM,1,0,OW,2025,26
CGKPDG,DOM,1,0,OW,2026,8
CGKPDG,DOM,2,0,OW,2025,19
CGKPDG,DOM,2,0,OW,2026,15
CGKPDG,DOM,3,0,OW,2025,9
CGKPDG,DOM,3,0,OW,2026,39
CGKPDG,DOM,4,0,OW,2025,12
CGKPDG,DOM,4,0,OW,2026,22
CGKPDG,DOM,5,0,OW,2025,16
CGKPDG,DOM,5,0,OW,2026,35
CGKPDG,DOM,6,0,OW,2025,15
CGKPDG,DOM,6,0,OW,2026,11
CGKPDG,DOM,7,0,OW,2025,15
CGKPDG,DOM,7,0,OW,2026,8
CGKPDG,DOM,8,0,OW,2025,22
CGKPDG,DOM,8,0,OW,2026,9
CGKPDG,DOM,9,0,OW,2025,4
CGKPDG,DOM,9,0,OW,2026,13
CGKPDG,DOM,10,0,OW,2025,8
CGKPDG,DOM,10,0,OW,2026,10
CGKPDG,DOM,11,0,OW,2025,18
CGKPDG,DOM,11,0,OW,2026,10
CGKPDG,DOM,12,0,OW,2025,11
CGKPDG,DOM,12,0,OW,2026,14
CGKPDG,DOM,13,0,OW,2025,14
CGKPDG,DOM,13,0,OW,2026,2
CGKPDG,DOM,14,0,OW,2025,3
CGKPDG,DOM,14,0,OW,2026,31
CGKPDG,DOM,15,0,OW,2025,15
CGKPDG,DOM,15,0,OW,2026,1
CGKPDG,DOM,16,0,OW,2025,9
CGKPDG,DOM,16,0,OW,2026,16
CGKPDG,DOM,17,0,OW,2025,6
CGKPDG,DOM,17,0,OW,2026,9
CGKPDG,DOM,18,0,OW,2025,24
CGKPDG,DOM,18,0,OW,2026,11
CGKPDG,DOM,19,0,OW,2025,24
CGKPDG,DOM,19,0,OW,2026,18
CGKPDG,DOM,20,0,OW,2025,17
CGKPDG,DOM,20,0,OW,2026,10
CGKPDG,DOM,21,0,OW,2025,10
CGKPDG,DOM,21,0,OW,2026,2
CGKPDG,DOM,22,0,OW,2025,15
CGKPDG,DOM,22,0,OW,2026,5
CGKPDG,DOM,23,0,OW,2025,27
CGKPDG,DOM,24,0,OW,2025,12
CGKPDG,DOM,24,0,OW,2026,8
CGKPDG,DOM,25,0,OW,2025,4
CGKPDG,DOM,25,0,OW,2026,14
CGKPDG,DOM,26,0,OW,2025,3
CGKPDG,DOM,26,0,OW,2026,18
CGKPDG,DOM,27,0,OW,2025,22
CGKPDG,DOM,27,0,OW,2026,1
CGKPDG,DOM,28,0,OW,2025,19
CGKPDG,DOM,28,0,OW,2026,11
CGKPDG,DOM,29,0,OW,2025,9
CGKPDG,DOM,29,0,OW,2026,21
CGKPDG,DOM,30,0,OW,2025,20
CGKPDG,DOM,30,0,OW,2026,4
CGKPDG,DOM,31,0,OW,2025,9
CGKPDG,DOM,32,0,OW,2026,9
CGKPDG,DOM,33,0,OW,2025,9
CGKPDG,DOM,34,0,OW,2026,5
CGKPDG,DOM,36,0,OW,2026,1
CGKPDG,DOM,37,0,OW,2025,2
CGKPDG,DOM,38,0,OW,2026,2
CGKPDG,DOM,39,0,OW,2025,2
CGKPDG,DOM,39,0,OW,2026,1
CGKPDG,DOM,41,0,OW,2025,3
CGKPDG,DOM,42,0,OW,2025,2
CGKPDG,DOM,42,0,OW,2026,1
CGKPDG,DOM,43,0,OW,2025,1
CGKPDG,DOM,43,0,OW,2026,3
CGKPDG,DOM,44,0,OW,2025,1
CGKPDG,DOM,44,0,OW,2026,2
CGKPDG,DOM,45,0,OW,2025,6
CGKPDG,DOM,45,0,OW,2026,1
CGKPDG,DOM,46,0,OW,2026,1
CGKPDG,DOM,47,0,OW,2025,2
CGKPDG,DOM,48,0,OW,2025,3
CGKPDG,DOM,48,0,OW,2026,5
CGKPDG,DOM,49,0,OW,2025,1
CGKPDG,DOM,50,0,OW,2025,5
CGKPDG,DOM,50,0,OW,2026,7
CGKPDG,DOM,53,0,OW,2026,2
CGKPDG,DOM,54,0,OW,2025,1
CGKPDG,DOM,54,0,OW,2026,2
CGKPDG,DOM,55,0,OW,2025,1
CGKPDG,DOM,56,0,OW,2025,5
CGKPDG,DOM,57,0,OW,2025,5
CGKPDG,DOM,57,0,OW,2026,3
CGKPDG,DOM,58,0,OW,2025,9
CGKPDG,DOM,58,0,OW,2026,3
CGKPDG,DOM,59,0,OW,2025,2
CGKPDG,DOM,59,0,OW,2026,1
CGKPDG,DOM,60,0,OW,2025,3
CGKPDG,DOM,60,0,OW,2026,1
CGKPDG,DOM,61,0,OW,2026,3
CGKPDG,DOM,62,0,OW,2025,2
CGKPDG,DOM,62,0,OW,2026,2
CGKPDG,DOM,63,0,OW,2025,1
CGKPDG,DOM,63,0,OW,2026,5
CGKPDG,DOM,64,0,OW,2026,9
CGKPDG,DOM,65,0,OW,2026,4
CGKPDG,DOM,67,0,OW,2025,10
CGKPDG,DOM,67,0,OW,2026,1
CGKPDG,DOM,68,0,OW,2026,1
CGKPDG,DOM,69,0,OW,2025,2
CGKPDG,DOM,69,0,OW,2026,4
CGKPDG,DOM,70,0,OW,2025,1
CGKPDG,DOM,70,0,OW,2026,5
CGKPDG,DOM,71,0,OW,2025,8
CGKPDG,DOM,72,0,OW,2025,2
CGKPDG,DOM,73,0,OW,2025,2
CGKPDG,DOM,73,0,OW,2026,4
CGKPDG,DOM,77,0,OW,2025,5
CGKPDG,DOM,77,0,OW,2026,2
CGKPDG,DOM,79,0,OW,2025,7
CGKPDG,DOM,79,0,OW,2026,3
CGKPDG,DOM,80,0,OW,2025,6
CGKPDG,DOM,80,0,OW,2026,2
CGKPDG,DOM,81,0,OW,2025,1
CGKPDG,DOM,81,0,OW,2026,14
CGKPDG,DOM,82,0,OW,2025,2
CGKPDG,DOM,83,0,OW,2025,1
CGKPDG,DOM,84,0,OW,2025,4
CGKPDG,DOM,85,0,OW,2025,4
CGKPDG,DOM,85,0,OW,2026,1
CGKPDG,DOM,86,0,OW,2025,3
CGKPDG,DOM,86,0,OW,2026,2
CGKPDG,DOM,87,0,OW,2025,2
CGKPDG,DOM,87,0,OW,2026,7
CGKPDG,DOM,88,0,OW,2026,12
CGKPDG,DOM,89,0,OW,2025,3
CGKPDG,DOM,89,0,OW,2026,1
CGKPDG,DOM,90,0,OW,2025,4
CGKPDG,DOM,90,0,OW,2026,3
CGKPDG,DOM,92,0,OW,2026,2
CGKPDG,DOM,99,0,OW,2025,1
CGKPDG,DOM,103,0,OW,2025,2
CGKPDG,DOM,104,0,OW,2025,1
CGKPDG,DOM,104,0,OW,2026,1
CGKPDG,DOM,105,0,OW,2025,1
CGKPDG,DOM,106,0,OW,2025,6
CGKPDG,DOM,107,0,OW,2025,1
CGKPDG,DOM,110,0,OW,2025,1
CGKPDG,DOM,112,0,OW,2026,1
CGKPDG,DOM,113,0,OW,2025,1
CGKPDG,DOM,113,0,OW,2026,2
CGKPDG,DOM,114,0,OW,2025,1
CGKPDG,DOM,115,0,OW,2025,2
CGKPDG,DOM,122,0,OW,2025,2
CGKPDG,DOM,124,0,OW,2026,6
CGKPDG,DOM,128,0,OW,2025,1
CGKPDG,DOM,129,0,OW,2025,1
CGKPDG,DOM,130,0,OW,2025,2
CGKPDG,DOM,133,0,OW,2026,1
CGKPDG,DOM,135,0,OW,2025,1
CGKPDG,DOM,139,0,OW,2026,6
CGKPDG,DOM,141,0,OW,2025,3
CGKPDG,DOM,146,0,OW,2026,2
CGKPDG,DOM,153,0,OW,2025,2
CGKPDG,DOM,154,0,OW,2026,5
CGKPDG,DOM,156,0,OW,2025,2
CGKPDG,DOM,157,0,OW,2025,2
CGKPDG,DOM,159,0,OW,2025,1
CGKPDG,DOM,168,0,OW,2026,2
CGKPDG,DOM,169,0,OW,2025,6
CGKPDG,DOM,169,0,OW,2026,2
CGKPDG,DOM,175,0,OW,2026,2
CGKPDG,DOM,177,0,OW,2026,3
CGKPDG,DOM,181,0,OW,2025,1
CGKPDG,DOM,183,0,OW,2026,1
CGKPDG,DOM,184,0,OW,2025,6
CGKPDG,DOM,184,0,OW,2026,2
CGKPDG,DOM,187,0,OW,2026,5
CGKPDG,DOM,188,0,OW,2025,4
CGKPDG,DOM,190,0,OW,2026,1
CGKPDG,DOM,192,0,OW,2025,5
CGKPDG,DOM,195,0,OW,2025,3
CGKPDG,DOM,196,0,OW,2025,4
CGKPDG,DOM,198,0,OW,2025,4
CGKPDG,DOM,201,0,OW,2025,1
CGKPDG,DOM,203,0,OW,2025,2
CGKPDG,DOM,208,0,OW,2025,2
CGKPDG,DOM,208,0,OW,2026,1
CGKPDG,DOM,213,0,OW,2026,1
CGKPDG,DOM,215,0,OW,2026,3
CGKPDGCGK,DOM,0,1,RT,2025,1
CGKPDGCGK,DOM,0,1,RT,2026,7
CGKPDGCGK,DOM,0,2,RT,2025,6
CGKPDGCGK,DOM,0,3,RT,2026,6
CGKPDGCGK,DOM,0,4,RT,2025,2
CGKPDGCGK,DOM,0,5,RT,2026,3
CGKPDGCGK,DOM,0,6,RT,2026,2
CGKPDGCGK,DOM,0,7,RT,2025,3
CGKPDGCGK,DOM,0,7,RT,2026,5
CGKPDGCGK,DOM,0,8,RT,2025,4
CGKPDGCGK,DOM,0,8,RT,2026,3
CGKPDGCGK,DOM,0,10,RT,2025,6
CGKPDGCGK,DOM,0,10,RT,2026,1
CGKPDGCGK,DOM,0,14,RT,2025,1
CGKPDGCGK,DOM,0,14,RT,2026,5
CGKPDGCGK,DOM,0,25,RT,2025,5
CGKPDGCGK,DOM,0,25,RT,2026,3
CGKPDGCGK,DOM,0,40,RT,2025,1
CGKPDGCGK,DOM,1,1,RT,2025,3
CGKPDGCGK,DOM,1,1,RT,2026,2
CGKPDGCGK,DOM,1,2,RT,2025,2
CGKPDGCGK,DOM,1,2,RT,2026,1
CGKPDGCGK,DOM,1,4,RT,2025,2
CGKPDGCGK,DOM,1,4,RT,2026,4
CGKPDGCGK,DOM,1,8,RT,2026,4
CGKPDGCGK,DOM,1,10,RT,2025,2
CGKPDGCGK,DOM,1,12,RT,2025,1
CGKPDGCGK,DOM,1,12,RT,2026,6
CGKPDGCGK,DOM,1,14,RT,2026,6
CGKPDGCGK,DOM,1,25,RT,2025,5
CGKPDGCGK,DOM,2,1,RT,2026,2
CGKPDGCGK,DOM,2,2,RT,2025,2
CGKPDGCGK,DOM,2,3,RT,2025,1
CGKPDGCGK,DOM,2,6,RT,2025,1
CGKPDGCGK,DOM,2,7,RT,2025,3
CGKPDGCGK,DOM,2,7,RT,2026,1
CGKPDGCGK,DOM,2,8,RT,2025,1
CGKPDGCGK,DOM,2,8,RT,2026,1
CGKPDGCGK,DOM,2,10,RT,2025,3
CGKPDGCGK,DOM,2,10,RT,2026,1
CGKPDGCGK,DOM,2,12,RT,2026,2
CGKPDGCGK,DOM,2,14,RT,2026,4
CGKPDGCGK,DOM,2,18,RT,2025,2
CGKPDGCGK,DOM,2,18,RT,2026,2
CGKPDGCGK,DOM,2,40,RT,2025,1
CGKPDGCGK,DOM,3,1,RT,2025,3
CGKPDGCGK,DOM,3,1,RT,2026,1
CGKPDGCGK,DOM,3,2,RT,2026,16
CGKPDGCGK,DOM,3,3,RT,2025,2
CGKPDGCGK,DOM,3,4,RT,2025,1
CGKPDGCGK,DOM,3,5,RT,2025,3
CGKPDGCGK,DOM,3,6,RT,2025,14
CGKPDGCGK,DOM,3,6,RT,2026,2
CGKPDGCGK,DOM,3,8,RT,2025,4
CGKPDGCGK,DOM,3,8,RT,2026,3
CGKPDGCGK,DOM,3,12,RT,2025,1
CGKPDGCGK,DOM,3,14,RT,2026,2
CGKPDGCGK,DOM,3,25,RT,2026,3
CGKPDGCGK,DOM,3,40,RT,2025,2
CGKPDGCGK,DOM,4,1,RT,2025,3
CGKPDGCGK,DOM,4,2,RT,2025,3
CGKPDGCGK,DOM,4,3,RT,2025,7
CGKPDGCGK,DOM,4,3,RT,2026,3
CGKPDGCGK,DOM,4,4,RT,2025,2
CGKPDGCGK,DOM,4,4,RT,2026,1
CGKPDGCGK,DOM,4,5,RT,2025,10
CGKPDGCGK,DOM,4,5,RT,2026,2
CGKPDGCGK,DOM,4,7,RT,2026,3
CGKPDGCGK,DOM,4,12,RT,2025,9
CGKPDGCGK,DOM,4,12,RT,2026,3
CGKPDGCGK,DOM,4,14,RT,2025,4
CGKPDGCGK,DOM,4,14,RT,2026,3
CGKPDGCGK,DOM,4,18,RT,2025,1
CGKPDGCGK,DOM,4,25,RT,2025,2
CGKPDGCGK,DOM,4,25,RT,2026,3
CGKPDGCGK,DOM,5,1,RT,2026,5
CGKPDGCGK,DOM,5,2,RT,2025,6
CGKPDGCGK,DOM,5,3,RT,2026,2
CGKPDGCGK,DOM,5,5,RT,2026,7
CGKPDGCGK,DOM,5,7,RT,2025,2
CGKPDGCGK,DOM,5,8,RT,2025,3
CGKPDGCGK,DOM,5,12,RT,2026,6
CGKPDGCGK,DOM,5,14,RT,2025,4
CGKPDGCGK,DOM,5,25,RT,2026,2
CGKPDGCGK,DOM,5,40,RT,2025,4
CGKPDGCGK,DOM,6,1,RT,2025,4
CGKPDGCGK,DOM,6,1,RT,2026,2
CGKPDGCGK,DOM,6,2,RT,2025,2
CGKPDGCGK,DOM,6,2,RT,2026,6
CGKPDGCGK,DOM,6,3,RT,2025,2
CGKPDGCGK,DOM,6,4,RT,2026,6
CGKPDGCGK,DOM,6,5,RT,2025,4
CGKPDGCGK,DOM,6,5,RT,2026,1
CGKPDGCGK,DOM,6,6,RT,2026,2
CGKPDGCGK,DOM,6,7,RT,2025,1
CGKPDGCGK,DOM,6,7,RT,2026,1
CGKPDGCGK,DOM,6,10,RT,2025,6
CGKPDGCGK,DOM,6,10,RT,2026,3
CGKPDGCGK,DOM,6,12,RT,2025,4
CGKPDGCGK,DOM,6,12,RT,2026,1
CGKPDGCGK,DOM,6,18,RT,2025,1
CGKPDGCGK,DOM,6,18,RT,2026,1
CGKPDGCGK,DOM,6,25,RT,2025,6
CGKPDGCGK,DOM,7,1,RT,2025,6
CGKPDGCGK,DOM,7,1,RT,2026,2
CGKPDGCGK,DOM,7,2,RT,2025,2
CGKPDGCGK,DOM,7,2,RT,2026,4
CGKPDGCGK,DOM,7,3,RT,2025,8
CGKPDGCGK,DOM,7,5,RT,2025,7
CGKPDGCGK,DOM,7,6,RT,2025,3
CGKPDGCGK,DOM,7,6,RT,2026,6
CGKPDGCGK,DOM,7,7,RT,2025,1
CGKPDGCGK,DOM,7,7,RT,2026,1
CGKPDGCGK,DOM,7,8,RT,2025,1
CGKPDGCGK,DOM,7,8,RT,2026,2
CGKPDGCGK,DOM,7,12,RT,2025,1
CGKPDGCGK,DOM,7,18,RT,2025,5
CGKPDGCGK,DOM,7,18,RT,2026,6
CGKPDGCGK,DOM,7,25,RT,2025,4
CGKPDGCGK,DOM,7,40,RT,2025,2
CGKPDGCGK,DOM,7,40,RT,2026,5
CGKPDGCGK,DOM,8,2,RT,2025,2
CGKPDGCGK,DOM,8,2,RT,2026,2
CGKPDGCGK,DOM,8,3,RT,2025,2
CGKPDGCGK,DOM,8,3,RT,2026,2
CGKPDGCGK,DOM,8,5,RT,2025,2
CGKPDGCGK,DOM,8,6,RT,2025,3
CGKPDGCGK,DOM,8,7,RT,2025,1
CGKPDGCGK,DOM,8,12,RT,2025,2
CGKPDGCGK,DOM,8,12,RT,2026,2
CGKPDGCGK,DOM,9,1,RT,2026,4
CGKPDGCGK,DOM,9,2,RT,2025,7
CGKPDGCGK,DOM,9,3,RT,2025,6
CGKPDGCGK,DOM,9,6,RT,2025,1
CGKPDGCGK,DOM,9,12,RT,2026,3
CGKPDGCGK,DOM,9,14,RT,2025,2
CGKPDGCGK,DOM,10,1,RT,2025,2
CGKPDGCGK,DOM,10,1,RT,2026,4
CGKPDGCGK,DOM,10,2,RT,2025,4
CGKPDGCGK,DOM,10,2,RT,2026,10
CGKPDGCGK,DOM,10,3,RT,2025,1
CGKPDGCGK,DOM,10,4,RT,2025,1
CGKPDGCGK,DOM,10,6,RT,2025,3
CGKPDGCGK,DOM,10,6,RT,2026,3
CGKPDGCGK,DOM,10,8,RT,2025,2
CGKPDGCGK,DOM,10,8,RT,2026,3
CGKPDGCGK,DOM,10,14,RT,2025,1
CGKPDGCGK,DOM,10,18,RT,2025,2
CGKPDGCGK,DOM,10,18,RT,2026,1
CGKPDGCGK,DOM,10,25,RT,2026,1
CGKPDGCGK,DOM,10,40,RT,2025,3
CGKPDGCGK,DOM,10,40,RT,2026,4
CGKPDGCGK,DOM,11,2,RT,2025,10
CGKPDGCGK,DOM,11,3,RT,2025,2
CGKPDGCGK,DOM,11,3,RT,2026,1
CGKPDGCGK,DOM,11,5,RT,2026,4
CGKPDGCGK,DOM,11,6,RT,2026,1
CGKPDGCGK,DOM,11,7,RT,2026,4
CGKPDGCGK,DOM,11,8,RT,2025,2
CGKPDGCGK,DOM,11,12,RT,2026,3
CGKPDGCGK,DOM,11,25,RT,2025,1
CGKPDGCGK,DOM,12,1,RT,2025,2
CGKPDGCGK,DOM,12,1,RT,2026,1
CGKPDGCGK,DOM,12,2,RT,2025,3
CGKPDGCGK,DOM,12,3,RT,2025,3
CGKPDGCGK,DOM,12,3,RT,2026,10
CGKPDGCGK,DOM,12,5,RT,2026,1
CGKPDGCGK,DOM,12,6,RT,2026,1
CGKPDGCGK,DOM,12,7,RT,2026,2
CGKPDGCGK,DOM,12,10,RT,2025,2
CGKPDGCGK,DOM,12,12,RT,2026,3
CGKPDGCGK,DOM,12,14,RT,2026,6
CGKPDGCGK,DOM,12,25,RT,2025,2
CGKPDGCGK,DOM,13,3,RT,2026,7
CGKPDGCGK,DOM,13,6,RT,2026,5
CGKPDGCGK,DOM,13,7,RT,2025,3
CGKPDGCGK,DOM,13,7,RT,2026,3
CGKPDGCGK,DOM,13,8,RT,2026,1
CGKPDGCGK,DOM,13,10,RT,2026,3
CGKPDGCGK,DOM,13,12,RT,2025,5
CGKPDGCGK,DOM,13,14,RT,2025,2
CGKPDGCGK,DOM,13,18,RT,2025,2
CGKPDGCGK,DOM,14,1,RT,2025,6
CGKPDGCGK,DOM,14,1,RT,2026,3
CGKPDGCGK,DOM,14,5,RT,2026,2
CGKPDGCGK,DOM,14,10,RT,2025,6
CGKPDGCGK,DOM,14,12,RT,2026,2
CGKPDGCGK,DOM,14,14,RT,2026,6
CGKPDGCGK,DOM,14,25,RT,2025,3
CGKPDGCGK,DOM,14,40,RT,2025,1
CGKPDGCGK,DOM,15,1,RT,2026,8
CGKPDGCGK,DOM,15,2,RT,2025,2
CGKPDGCGK,DOM,15,2,RT,2026,1
CGKPDGCGK,DOM,15,3,RT,2025,2
CGKPDGCGK,DOM,15,7,RT,2025,1
CGKPDGCGK,DOM,15,8,RT,2025,2
CGKPDGCGK,DOM,15,8,RT,2026,1
CGKPDGCGK,DOM,15,14,RT,2025,5
CGKPDGCGK,DOM,15,18,RT,2025,4
CGKPDGCGK,DOM,15,40,RT,2026,2
CGKPDGCGK,DOM,16,1,RT,2025,3
CGKPDGCGK,DOM,16,1,RT,2026,6
CGKPDGCGK,DOM,16,2,RT,2025,4
CGKPDGCGK,DOM,16,2,RT,2026,2
CGKPDGCGK,DOM,16,3,RT,2025,2
CGKPDGCGK,DOM,16,5,RT,2025,1
CGKPDGCGK,DOM,16,6,RT,2026,1
CGKPDGCGK,DOM,16,8,RT,2026,4
CGKPDGCGK,DOM,16,10,RT,2025,2
CGKPDGCGK,DOM,16,25,RT,2026,1
CGKPDGCGK,DOM,16,40,RT,2025,4
CGKPDGCGK,DOM,17,1,RT,2025,2
CGKPDGCGK,DOM,17,1,RT,2026,1
CGKPDGCGK,DOM,17,2,RT,2025,6
CGKPDGCGK,DOM,17,2,RT,2026,3
CGKPDGCGK,DOM,17,3,RT,2025,2
CGKPDGCGK,DOM,17,4,RT,2026,2
CGKPDGCGK,DOM,17,5,RT,2026,2
CGKPDGCGK,DOM,17,6,RT,2026,6
CGKPDGCGK,DOM,17,7,RT,2025,1
CGKPDGCGK,DOM,17,7,RT,2026,6
CGKPDGCGK,DOM,17,8,RT,2026,2
CGKPDGCGK,DOM,17,10,RT,2025,3
CGKPDGCGK,DOM,17,14,RT,2025,2
CGKPDGCGK,DOM,17,40,RT,2025,1
CGKPDGCGK,DOM,18,2,RT,2025,3
CGKPDGCGK,DOM,18,2,RT,2026,6
CGKPDGCGK,DOM,18,3,RT,2026,3
CGKPDGCGK,DOM,18,7,RT,2025,3
CGKPDGCGK,DOM,18,8,RT,2026,6
CGKPDGCGK,DOM,18,10,RT,2025,2
CGKPDGCGK,DOM,18,10,RT,2026,5
CGKPDGCGK,DOM,18,12,RT,2026,2
CGKPDGCGK,DOM,18,18,RT,2025,3
CGKPDGCGK,DOM,18,18,RT,2026,2
CGKPDGCGK,DOM,18,25,RT,2026,1
CGKPDGCGK,DOM,19,1,RT,2025,3
CGKPDGCGK,DOM,19,3,RT,2025,3
CGKPDGCGK,DOM,19,4,RT,2025,2
CGKPDGCGK,DOM,19,5,RT,2025,2
CGKPDGCGK,DOM,19,5,RT,2026,3
CGKPDGCGK,DOM,19,7,RT,2025,3
CGKPDGCGK,DOM,19,10,RT,2025,1
CGKPDGCGK,DOM,19,18,RT,2025,1
CGKPDGCGK,DOM,19,25,RT,2025,1
CGKPDGCGK,DOM,20,1,RT,2025,1
CGKPDGCGK,DOM,20,2,RT,2025,1
CGKPDGCGK,DOM,20,2,RT,2026,3
CGKPDGCGK,DOM,20,3,RT,2025,3
CGKPDGCGK,DOM,20,3,RT,2026,9
CGKPDGCGK,DOM,20,6,RT,2026,2
CGKPDGCGK,DOM,20,7,RT,2026,1
CGKPDGCGK,DOM,20,8,RT,2025,7
CGKPDGCGK,DOM,20,8,RT,2026,1
CGKPDGCGK,DOM,20,40,RT,2026,1
CGKPDGCGK,DOM,21,1,RT,2026,1
CGKPDGCGK,DOM,21,2,RT,2026,2
CGKPDGCGK,DOM,21,3,RT,2025,3
CGKPDGCGK,DOM,21,3,RT,2026,5
CGKPDGCGK,DOM,21,4,RT,2025,7
CGKPDGCGK,DOM,21,6,RT,2025,1
CGKPDGCGK,DOM,21,6,RT,2026,1
CGKPDGCGK,DOM,21,7,RT,2025,3
CGKPDGCGK,DOM,21,7,RT,2026,2
CGKPDGCGK,DOM,21,12,RT,2025,8
CGKPDGCGK,DOM,21,25,RT,2025,1
CGKPDGCGK,DOM,21,40,RT,2026,1
CGKPDGCGK,DOM,22,1,RT,2025,4
CGKPDGCGK,DOM,22,1,RT,2026,5
CGKPDGCGK,DOM,22,2,RT,2025,7
CGKPDGCGK,DOM,22,2,RT,2026,6
CGKPDGCGK,DOM,22,3,RT,2026,3
CGKPDGCGK,DOM,22,6,RT,2025,4
CGKPDGCGK,DOM,22,7,RT,2025,2
CGKPDGCGK,DOM,22,8,RT,2025,4
CGKPDGCGK,DOM,22,10,RT,2025,2
CGKPDGCGK,DOM,22,12,RT,2025,4
CGKPDGCGK,DOM,22,14,RT,2025,4
CGKPDGCGK,DOM,22,25,RT,2026,2
CGKPDGCGK,DOM,23,2,RT,2025,3
CGKPDGCGK,DOM,23,2,RT,2026,1
CGKPDGCGK,DOM,23,4,RT,2025,1
CGKPDGCGK,DOM,23,4,RT,2026,3
CGKPDGCGK,DOM,23,10,RT,2025,1
CGKPDGCGK,DOM,23,12,RT,2025,1
CGKPDGCGK,DOM,23,12,RT,2026,8
CGKPDGCGK,DOM,23,14,RT,2025,1
CGKPDGCGK,DOM,23,14,RT,2026,1
CGKPDGCGK,DOM,24,1,RT,2026,1
CGKPDGCGK,DOM,24,2,RT,2026,4
CGKPDGCGK,DOM,24,3,RT,2026,6
CGKPDGCGK,DOM,24,4,RT,2025,2
CGKPDGCGK,DOM,24,4,RT,2026,3
CGKPDGCGK,DOM,24,6,RT,2025,2
CGKPDGCGK,DOM,24,6,RT,2026,6
CGKPDGCGK,DOM,24,7,RT,2025,3
CGKPDGCGK,DOM,24,8,RT,2025,1
CGKPDGCGK,DOM,24,10,RT,2026,2
CGKPDGCGK,DOM,24,12,RT,2025,1
CGKPDGCGK,DOM,24,14,RT,2025,1
CGKPDGCGK,DOM,24,18,RT,2026,4
CGKPDGCGK,DOM,24,25,RT,2025,3
CGKPDGCGK,DOM,25,2,RT,2025,1
CGKPDGCGK,DOM,25,3,RT,2025,4
CGKPDGCGK,DOM,25,3,RT,2026,1
CGKPDGCGK,DOM,25,10,RT,2025,1
CGKPDGCGK,DOM,25,10,RT,2026,1
CGKPDGCGK,DOM,25,18,RT,2025,2
CGKPDGCGK,DOM,25,25,RT,2025,2
CGKPDGCGK,DOM,25,25,RT,2026,1
CGKPDGCGK,DOM,25,40,RT,2025,1
CGKPDGCGK,DOM,26,1,RT,2025,1
CGKPDGCGK,DOM,26,1,RT,2026,2
CGKPDGCGK,DOM,26,3,RT,2025,2
CGKPDGCGK,DOM,26,4,RT,2026,2
CGKPDGCGK,DOM,26,5,RT,2025,4
CGKPDGCGK,DOM,26,6,RT,2025,3
CGKPDGCGK,DOM,26,6,RT,2026,2
CGKPDGCGK,DOM,26,8,RT,2025,1
CGKPDGCGK,DOM,27,1,RT,2025,4
CGKPDGCGK,DOM,27,2,RT,2026,2
CGKPDGCGK,DOM,27,3,RT,2025,2
CGKPDGCGK,DOM,27,3,RT,2026,2
CGKPDGCGK,DOM,27,7,RT,2026,1
CGKPDGCGK,DOM,27,8,RT,2025,4
CGKPDGCGK,DOM,27,10,RT,2025,1
CGKPDGCGK,DOM,27,40,RT,2025,1
CGKPDGCGK,DOM,28,1,RT,2025,7
CGKPDGCGK,DOM,28,1,RT,2026,2
CGKPDGCGK,DOM,28,2,RT,2025,3
CGKPDGCGK,DOM,28,3,RT,2025,1
CGKPDGCGK,DOM,28,5,RT,2025,6
CGKPDGCGK,DOM,28,7,RT,2025,2
CGKPDGCGK,DOM,28,10,RT,2025,1
CGKPDGCGK,DOM,28,18,RT,2025,6
CGKPDGCGK,DOM,29,1,RT,2025,6
CGKPDGCGK,DOM,29,2,RT,2026,1
CGKPDGCGK,DOM,29,3,RT,2025,10
CGKPDGCGK,DOM,29,4,RT,2025,4
CGKPDGCGK,DOM,29,6,RT,2025,5
CGKPDGCGK,DOM,29,7,RT,2026,1
CGKPDGCGK,DOM,29,10,RT,2025,2
CGKPDGCGK,DOM,29,18,RT,2026,1
CGKPDGCGK,DOM,29,25,RT,2026,4
CGKPDGCGK,DOM,30,2,RT,2025,4
CGKPDGCGK,DOM,30,3,RT,2026,7
CGKPDGCGK,DOM,30,4,RT,2025,3
CGKPDGCGK,DOM,30,4,RT,2026,1
CGKPDGCGK,DOM,30,5,RT,2025,1
CGKPDGCGK,DOM,30,7,RT,2025,4
CGKPDGCGK,DOM,30,12,RT,2025,2
CGKPDGCGK,DOM,30,18,RT,2025,1
CGKPDGCGK,DOM,30,18,RT,2026,2
CGKPDGCGK,DOM,31,6,RT,2025,1
CGKPDGCGK,DOM,32,3,RT,2025,1
CGKPDGCGK,DOM,32,6,RT,2026,2
CGKPDGCGK,DOM,32,12,RT,2026,1
CGKPDGCGK,DOM,32,14,RT,2025,4
CGKPDGCGK,DOM,33,8,RT,2026,3
CGKPDGCGK,DOM,33,18,RT,2025,1
CGKPDGCGK,DOM,33,40,RT,2025,1
CGKPDGCGK,DOM,34,4,RT,2026,6
CGKPDGCGK,DOM,34,10,RT,2026,2
CGKPDGCGK,DOM,34,12,RT,2025,5
CGKPDGCGK,DOM,35,4,RT,2025,3
CGKPDGCGK,DOM,35,5,RT,2025,2
CGKPDGCGK,DOM,35,25,RT,2025,1
CGKPDGCGK,DOM,37,40,RT,2025,3
CGKPDGCGK,DOM,38,1,RT,2025,1
CGKPDGCGK,DOM,38,7,RT,2025,1
CGKPDGCGK,DOM,38,7,RT,2026,1
CGKPDGCGK,DOM,38,14,RT,2026,2
CGKPDGCGK,DOM,39,6,RT,2026,1
CGKPDGCGK,DOM,39,14,RT,2025,4
CGKPDGCGK,DOM,40,10,RT,2025,6
CGKPDGCGK,DOM,40,12,RT,2026,3
CGKPDGCGK,DOM,41,5,RT,2025,6
CGKPDGCGK,DOM,42,3,RT,2026,3
CGKPDGCGK,DOM,42,4,RT,2025,1
CGKPDGCGK,DOM,42,7,RT,2026,6
CGKPDGCGK,DOM,42,8,RT,2025,6
CGKPDGCGK,DOM,43,14,RT,2026,6
CGKPDGCGK,DOM,43,25,RT,2025,4
CGKPDGCGK,DOM,44,1,RT,2026,2
CGKPDGCGK,DOM,44,3,RT,2026,2
CGKPDGCGK,DOM,44,12,RT,2025,1
CGKPDGCGK,DOM,45,18,RT,2026,1
CGKPDGCGK,DOM,46,7,RT,2025,4
CGKPDGCGK,DOM,46,25,RT,2025,1
CGKPDGCGK,DOM,47,4,RT,2025,3
CGKPDGCGK,DOM,47,8,RT,2025,3
CGKPDGCGK,DOM,47,12,RT,2025,1
CGKPDGCGK,DOM,48,6,RT,2025,2
CGKPDGCGK,DOM,48,14,RT,2025,1
CGKPDGCGK,DOM,48,18,RT,2025,4
CGKPDGCGK,DOM,49,2,RT,2025,2
CGKPDGCGK,DOM,49,14,RT,2025,2
CGKPDGCGK,DOM,49,18,RT,2025,3
CGKPDGCGK,DOM,50,3,RT,2025,4
CGKPDGCGK,DOM,50,3,RT,2026,2
CGKPDGCGK,DOM,50,8,RT,2026,1
CGKPDGCGK,DOM,50,10,RT,2025,4
CGKPDGCGK,DOM,50,10,RT,2026,3
CGKPDGCGK,DOM,50,18,RT,2026,6
CGKPDGCGK,DOM,51,1,RT,2026,3
CGKPDGCGK,DOM,51,3,RT,2025,4
CGKPDGCGK,DOM,51,3,RT,2026,2
CGKPDGCGK,DOM,51,40,RT,2025,1
CGKPDGCGK,DOM,52,5,RT,2026,1
CGKPDGCGK,DOM,52,8,RT,2025,3
CGKPDGCGK,DOM,52,10,RT,2025,1
CGKPDGCGK,DOM,52,12,RT,2026,4
CGKPDGCGK,DOM,52,14,RT,2026,2
CGKPDGCGK,DOM,52,18,RT,2026,5
CGKPDGCGK,DOM,53,3,RT,2025,7
CGKPDGCGK,DOM,54,6,RT,2025,2
CGKPDGCGK,DOM,54,8,RT,2026,1
CGKPDGCGK,DOM,54,14,RT,2026,1
CGKPDGCGK,DOM,55,8,RT,2025,5
CGKPDGCGK,DOM,55,12,RT,2025,2
CGKPDGCGK,DOM,55,12,RT,2026,3
CGKPDGCGK,DOM,56,6,RT,2026,6
CGKPDGCGK,DOM,57,1,RT,2025,3
CGKPDGCGK,DOM,57,8,RT,2026,1
CGKPDGCGK,DOM,57,25,RT,2026,2
CGKPDGCGK,DOM,58,1,RT,2026,7
CGKPDGCGK,DOM,58,2,RT,2026,1
CGKPDGCGK,DOM,58,3,RT,2026,1
CGKPDGCGK,DOM,59,18,RT,2026,4
CGKPDGCGK,DOM,59,40,RT,2026,1
CGKPDGCGK,DOM,60,10,RT,2026,1
CGKPDGCGK,DOM,60,18,RT,2025,2
CGKPDGCGK,DOM,61,2,RT,2025,1
CGKPDGCGK,DOM,61,8,RT,2026,1
CGKPDGCGK,DOM,62,1,RT,2026,1
CGKPDGCGK,DOM,62,3,RT,2025,3
CGKPDGCGK,DOM,62,3,RT,2026,4
CGKPDGCGK,DOM,62,5,RT,2026,6
CGKPDGCGK,DOM,62,25,RT,2026,1
CGKPDGCGK,DOM,63,1,RT,2026,3
CGKPDGCGK,DOM,63,2,RT,2025,1
CGKPDGCGK,DOM,63,2,RT,2026,1
CGKPDGCGK,DOM,63,25,RT,2025,2
CGKPDGCGK,DOM,63,40,RT,2025,4
CGKPDGCGK,DOM,64,7,RT,2025,4
CGKPDGCGK,DOM,65,6,RT,2026,2
CGKPDGCGK,DOM,65,14,RT,2025,1
CGKPDGCGK,DOM,66,3,RT,2026,5
CGKPDGCGK,DOM,66,10,RT,2026,2
CGKPDGCGK,DOM,67,1,RT,2026,6
CGKPDGCGK,DOM,67,3,RT,2026,2
CGKPDGCGK,DOM,68,14,RT,2026,6
CGKPDGCGK,DOM,68,18,RT,2025,1
CGKPDGCGK,DOM,69,8,RT,2025,1
CGKPDGCGK,DOM,69,12,RT,2025,2
CGKPDGCGK,DOM,69,12,RT,2026,3
CGKPDGCGK,DOM,69,18,RT,2025,1
CGKPDGCGK,DOM,69,25,RT,2025,1
CGKPDGCGK,DOM,70,1,RT,2026,2
CGKPDGCGK,DOM,70,4,RT,2025,6
CGKPDGCGK,DOM,70,18,RT,2025,2
CGKPDGCGK,DOM,71,1,RT,2025,2
CGKPDGCGK,DOM,71,2,RT,2026,6
CGKPDGCGK,DOM,71,3,RT,2026,3
CGKPDGCGK,DOM,71,7,RT,2025,1
CGKPDGCGK,DOM,71,12,RT,2025,3
CGKPDGCGK,DOM,71,14,RT,2025,2
CGKPDGCGK,DOM,71,14,RT,2026,2
CGKPDGCGK,DOM,72,3,RT,2025,1
CGKPDGCGK,DOM,72,4,RT,2025,6
CGKPDGCGK,DOM,72,6,RT,2025,1
CGKPDGCGK,DOM,72,12,RT,2025,1
CGKPDGCGK,DOM,72,40,RT,2025,1
CGKPDGCGK,DOM,73,3,RT,2026,1
CGKPDGCGK,DOM,75,5,RT,2026,2
CGKPDGCGK,DOM,75,18,RT,2026,3
CGKPDGCGK,DOM,76,5,RT,2025,6
CGKPDGCGK,DOM,76,7,RT,2025,5
CGKPDGCGK,DOM,77,3,RT,2026,2
CGKPDGCGK,DOM,77,5,RT,2026,3
CGKPDGCGK,DOM,77,12,RT,2026,6
CGKPDGCGK,DOM,78,1,RT,2025,1
CGKPDGCGK,DOM,78,7,RT,2026,6
CGKPDGCGK,DOM,79,1,RT,2025,2
CGKPDGCGK,DOM,79,1,RT,2026,4
CGKPDGCGK,DOM,79,4,RT,2025,2
CGKPDGCGK,DOM,79,12,RT,2025,2
CGKPDGCGK,DOM,80,12,RT,2026,2
CGKPDGCGK,DOM,80,40,RT,2025,2
CGKPDGCGK,DOM,80,40,RT,2026,4
CGKPDGCGK,DOM,81,2,RT,2026,2
CGKPDGCGK,DOM,82,1,RT,2025,2
CGKPDGCGK,DOM,82,2,RT,2025,1
CGKPDGCGK,DOM,82,2,RT,2026,6
CGKPDGCGK,DOM,82,3,RT,2025,2
CGKPDGCGK,DOM,82,12,RT,2026,3
CGKPDGCGK,DOM,82,18,RT,2026,3
CGKPDGCGK,DOM,84,14,RT,2025,1
CGKPDGCGK,DOM,85,1,RT,2026,1
CGKPDGCGK,DOM,85,5,RT,2025,3
CGKPDGCGK,DOM,86,1,RT,2025,2
CGKPDGCGK,DOM,86,3,RT,2025,1
CGKPDGCGK,DOM,86,10,RT,2026,1
CGKPDGCGK,DOM,87,1,RT,2025,2
CGKPDGCGK,DOM,87,8,RT,2026,6
CGKPDGCGK,DOM,88,8,RT,2026,3
CGKPDGCGK,DOM,88,14,RT,2025,2
CGKPDGCGK,DOM,89,2,RT,2025,3
CGKPDGCGK,DOM,89,25,RT,2026,6
CGKPDGCGK,DOM,90,10,RT,2025,1
CGKPDGCGK,DOM,97,4,RT,2026,2
CGKPDGCGK,DOM,97,5,RT,2026,2
CGKPDGCGK,DOM,98,3,RT,2025,3
CGKPDGCGK,DOM,102,3,RT,2026,2
CGKPDGCGK,DOM,103,3,RT,2025,1
CGKPDGCGK,DOM,105,3,RT,2025,1
CGKPDGCGK,DOM,107,1,RT,2026,3
CGKPDGCGK,DOM,107,4,RT,2025,6
CGKPDGCGK,DOM,107,12,RT,2026,1
CGKPDGCGK,DOM,110,3,RT,2025,1
CGKPDGCGK,DOM,112,40,RT,2025,2
CGKPDGCGK,DOM,114,14,RT,2025,4
CGKPDGCGK,DOM,116,14,RT,2025,1
CGKPDGCGK,DOM,121,4,RT,2026,2
CGKPDGCGK,DOM,121,25,RT,2026,5
CGKPDGCGK,DOM,122,6,RT,2025,2
CGKPDGCGK,DOM,122,7,RT,2025,1
CGKPDGCGK,DOM,123,1,RT,2025,2
CGKPDGCGK,DOM,123,1,RT,2026,2
CGKPDGCGK,DOM,123,10,RT,2025,2
CGKPDGCGK,DOM,123,18,RT,2025,2
CGKPDGCGK,DOM,124,7,RT,2025,4
CGKPDGCGK,DOM,125,4,RT,2026,3
CGKPDGCGK,DOM,127,10,RT,2025,1
CGKPDGCGK,DOM,129,3,RT,2025,1
CGKPDGCGK,DOM,132,14,RT,2025,2
CGKPDGCGK,DOM,136,4,RT,2025,2
CGKPDGCGK,DOM,140,3,RT,2026,2
CGKPDGCGK,DOM,142,2,RT,2026,5
CGKPDGCGK,DOM,142,18,RT,2025,3
CGKPDGCGK,DOM,142,40,RT,2025,1
CGKPDGCGK,DOM,144,6,RT,2026,2
CGKPDGCGK,DOM,146,5,RT,2025,3
CGKPDGCGK,DOM,147,1,RT,2025,4
CGKPDGCGK,DOM,147,14,RT,2026,2
CGKPDGCGK,DOM,150,5,RT,2025,6
CGKPDGCGK,DOM,150,7,RT,2025,5
CGKPDGCGK,DOM,153,5,RT,2025,1
CGKPDGCGK,DOM,159,4,RT,2025,1
CGKPDGCGK,DOM,160,18,RT,2025,1
CGKPDGCGK,DOM,165,3,RT,2026,6
CGKPDGCGK,DOM,165,12,RT,2025,2
CGKPDGCGK,DOM,165,25,RT,2025,2
CGKPDGCGK,DOM,166,25,RT,2025,1
CGKPDGCGK,DOM,170,12,RT,2025,4
CGKPDGCGK,DOM,179,18,RT,2026,3
CGKPDGCGK,DOM,182,1,RT,2026,1
CGKPDGCGK,DOM,186,1,RT,2025,2
CGKPDGCGK,DOM,186,5,RT,2026,1
CGKPDGCGK,DOM,187,12,RT,2025,1
CGKPDGCGK,DOM,189,18,RT,2026,2
CGKPDGCGK,DOM,191,12,RT,2025,4
CGKPDGCGK,DOM,194,40,RT,2025,1
CGKPDGCGK,DOM,197,2,RT,2025,1
CGKPDGCGK,DOM,197,18,RT,2026,5
CGKPDGCGK,DOM,199,1,RT,2026,5
CGKPDGCGK,DOM,200,2,RT,2025,3
CGKPDGCGK,DOM,201,3,RT,2025,1
CGKPDGCGK,DOM,206,3,RT,2026,3
CGKPDGCGK,DOM,206,25,RT,2025,2
CGKPDGCGK,DOM,212,1,RT,2025,2
CGKPDGCGK,DOM,214,3,RT,2025,2
CGKPDGCGK,DOM,215,5,RT,2026,1
CGKPDGCGK,DOM,217,14,RT,2026,1
CGKPKU,DOM,0,0,OW,2025,18
CGKPKU,DOM,0,0,OW,2026,14
CGKPKU,DOM,1,0,OW,2025,21
CGKPKU,DOM,1,0,OW,2026,11
CGKPKU,DOM,2,0,OW,2025,12
CGKPKU,DOM,2,0,OW,2026,12
CGKPKU,DOM,3,0,OW,2025,23
CGKPKU,DOM,3,0,OW,2026,14
CGKPKU,DOM,4,0,OW,2025,9
CGKPKU,DOM,4,0,OW,2026,11
CGKPKU,DOM,5,0,OW,2025,24
CGKPKU,DOM,5,0,OW,2026,13
CGKPKU,DOM,6,0,OW,2025,25
CGKPKU,DOM,6,0,OW,2026,16
CGKPKU,DOM,7,0,OW,2025,28
CGKPKU,DOM,7,0,OW,2026,19
CGKPKU,DOM,8,0,OW,2025,22
CGKPKU,DOM,8,0,OW,2026,2
CGKPKU,DOM,9,0,OW,2025,7
CGKPKU,DOM,9,0,OW,2026,3
CGKPKU,DOM,10,0,OW,2025,6
CGKPKU,DOM,10,0,OW,2026,9
CGKPKU,DOM,11,0,OW,2025,18
CGKPKU,DOM,11,0,OW,2026,12
CGKPKU,DOM,12,0,OW,2025,5
CGKPKU,DOM,12,0,OW,2026,12
CGKPKU,DOM,13,0,OW,2025,7
CGKPKU,DOM,14,0,OW,2025,14
CGKPKU,DOM,14,0,OW,2026,3
CGKPKU,DOM,15,0,OW,2025,5
CGKPKU,DOM,15,0,OW,2026,17
CGKPKU,DOM,16,0,OW,2025,2
CGKPKU,DOM,17,0,OW,2025,2
CGKPKU,DOM,17,0,OW,2026,7
CGKPKU,DOM,18,0,OW,2025,1
CGKPKU,DOM,19,0,OW,2025,1
CGKPKU,DOM,19,0,OW,2026,9
CGKPKU,DOM,20,0,OW,2026,1
CGKPKU,DOM,21,0,OW,2025,4
CGKPKU,DOM,21,0,OW,2026,3
CGKPKU,DOM,22,0,OW,2025,17
CGKPKU,DOM,22,0,OW,2026,10
CGKPKU,DOM,23,0,OW,2025,4
CGKPKU,DOM,23,0,OW,2026,18
CGKPKU,DOM,24,0,OW,2025,4
CGKPKU,DOM,24,0,OW,2026,14
CGKPKU,DOM,25,0,OW,2025,2
CGKPKU,DOM,25,0,OW,2026,8
CGKPKU,DOM,26,0,OW,2025,15
CGKPKU,DOM,26,0,OW,2026,7
CGKPKU,DOM,27,0,OW,2025,2
CGKPKU,DOM,28,0,OW,2025,7
CGKPKU,DOM,29,0,OW,2025,12
CGKPKU,DOM,29,0,OW,2026,3
CGKPKU,DOM,30,0,OW,2025,8
CGKPKU,DOM,30,0,OW,2026,4
CGKPKU,DOM,33,0,OW,2026,1
CGKPKU,DOM,34,0,OW,2025,3
CGKPKU,DOM,34,0,OW,2026,4
CGKPKU,DOM,36,0,OW,2025,1
CGKPKU,DOM,37,0,OW,2025,5
CGKPKU,DOM,37,0,OW,2026,2
CGKPKU,DOM,40,0,OW,2026,1
CGKPKU,DOM,42,0,OW,2025,5
CGKPKU,DOM,43,0,OW,2025,4
CGKPKU,DOM,44,0,OW,2026,2
CGKPKU,DOM,45,0,OW,2026,2
CGKPKU,DOM,46,0,OW,2025,1
CGKPKU,DOM,46,0,OW,2026,7
CGKPKU,DOM,47,0,OW,2025,7
CGKPKU,DOM,48,0,OW,2026,4
CGKPKU,DOM,50,0,OW,2025,6
CGKPKU,DOM,50,0,OW,2026,2
CGKPKU,DOM,51,0,OW,2025,1
CGKPKU,DOM,52,0,OW,2025,1
CGKPKU,DOM,52,0,OW,2026,1
CGKPKU,DOM,53,0,OW,2025,1
CGKPKU,DOM,54,0,OW,2025,4
CGKPKU,DOM,55,0,OW,2025,6
CGKPKU,DOM,55,0,OW,2026,5
CGKPKU,DOM,56,0,OW,2026,5
CGKPKU,DOM,57,0,OW,2025,3
CGKPKU,DOM,58,0,OW,2025,6
CGKPKU,DOM,58,0,OW,2026,4
CGKPKU,DOM,59,0,OW,2025,6
CGKPKU,DOM,60,0,OW,2025,1
CGKPKU,DOM,61,0,OW,2025,3
CGKPKU,DOM,61,0,OW,2026,3
CGKPKU,DOM,62,0,OW,2025,6
CGKPKU,DOM,62,0,OW,2026,2
CGKPKU,DOM,63,0,OW,2026,9
CGKPKU,DOM,64,0,OW,2025,3
CGKPKU,DOM,64,0,OW,2026,3
CGKPKU,DOM,65,0,OW,2025,1
CGKPKU,DOM,68,0,OW,2025,2
CGKPKU,DOM,68,0,OW,2026,8
CGKPKU,DOM,69,0,OW,2025,4
CGKPKU,DOM,70,0,OW,2025,7
CGKPKU,DOM,70,0,OW,2026,6
CGKPKU,DOM,71,0,OW,2025,4
CGKPKU,DOM,71,0,OW,2026,1
CGKPKU,DOM,72,0,OW,2025,2
CGKPKU,DOM,75,0,OW,2025,1
CGKPKU,DOM,77,0,OW,2026,6
CGKPKU,DOM,79,0,OW,2026,3
CGKPKU,DOM,81,0,OW,2025,12
CGKPKU,DOM,82,0,OW,2026,2
CGKPKU,DOM,84,0,OW,2025,1
CGKPKU,DOM,85,0,OW,2025,3
CGKPKU,DOM,85,0,OW,2026,2
CGKPKU,DOM,86,0,OW,2026,1
CGKPKU,DOM,87,0,OW,2026,4
CGKPKU,DOM,88,0,OW,2025,2
CGKPKU,DOM,88,0,OW,2026,8
CGKPKU,DOM,90,0,OW,2025,12
CGKPKU,DOM,90,0,OW,2026,2
CGKPKU,DOM,91,0,OW,2026,3
CGKPKU,DOM,99,0,OW,2025,5
CGKPKU,DOM,103,0,OW,2025,1
CGKPKU,DOM,105,0,OW,2025,5
CGKPKU,DOM,105,0,OW,2026,8
CGKPKU,DOM,109,0,OW,2026,2
CGKPKU,DOM,112,0,OW,2026,1
CGKPKU,DOM,113,0,OW,2026,1
CGKPKU,DOM,115,0,OW,2025,6
CGKPKU,DOM,116,0,OW,2025,2
CGKPKU,DOM,124,0,OW,2025,2
CGKPKU,DOM,131,0,OW,2026,2
CGKPKU,DOM,137,0,OW,2025,1
CGKPKU,DOM,153,0,OW,2025,3
CGKPKU,DOM,155,0,OW,2026,3
CGKPKU,DOM,174,0,OW,2025,1
CGKPKU,DOM,175,0,OW,2025,1
CGKPKU,DOM,176,0,OW,2025,1
CGKPKU,DOM,176,0,OW,2026,3
CGKPKU,DOM,182,0,OW,2026,2
CGKPKU,DOM,183,0,OW,2025,5
CGKPKU,DOM,184,0,OW,2025,5
CGKPKU,DOM,185,0,OW,2025,7
CGKPKU,DOM,187,0,OW,2025,5
CGKPKU,DOM,199,0,OW,2025,1
CGKPKU,DOM,206,0,OW,2025,6
CGKPKU,DOM,207,0,OW,2025,1
CGKPKU,DOM,213,0,OW,2026,2
CGKPKUCGK,DOM,0,1,RT,2025,7
CGKPKUCGK,DOM,0,1,RT,2026,5
CGKPKUCGK,DOM,0,2,RT,2025,5
CGKPKUCGK,DOM,0,2,RT,2026,2
CGKPKUCGK,DOM,0,3,RT,2025,6
CGKPKUCGK,DOM,0,3,RT,2026,8
CGKPKUCGK,DOM,0,4,RT,2025,4
CGKPKUCGK,DOM,0,4,RT,2026,1
CGKPKUCGK,DOM,0,6,RT,2026,6
CGKPKUCGK,DOM,0,8,RT,2025,5
CGKPKUCGK,DOM,0,8,RT,2026,6
CGKPKUCGK,DOM,0,10,RT,2026,2
CGKPKUCGK,DOM,0,12,RT,2026,1
CGKPKUCGK,DOM,0,25,RT,2025,12
CGKPKUCGK,DOM,0,40,RT,2025,10
CGKPKUCGK,DOM,0,40,RT,2026,1
CGKPKUCGK,DOM,1,1,RT,2026,6
CGKPKUCGK,DOM,1,2,RT,2025,8
CGKPKUCGK,DOM,1,2,RT,2026,7
CGKPKUCGK,DOM,1,3,RT,2025,1
CGKPKUCGK,DOM,1,3,RT,2026,2
CGKPKUCGK,DOM,1,6,RT,2025,6
CGKPKUCGK,DOM,1,6,RT,2026,6
CGKPKUCGK,DOM,1,8,RT,2026,6
CGKPKUCGK,DOM,1,12,RT,2026,2
CGKPKUCGK,DOM,1,25,RT,2025,2
CGKPKUCGK,DOM,1,25,RT,2026,3
CGKPKUCGK,DOM,1,40,RT,2025,2
CGKPKUCGK,DOM,2,1,RT,2025,5
CGKPKUCGK,DOM,2,2,RT,2025,5
CGKPKUCGK,DOM,2,2,RT,2026,3
CGKPKUCGK,DOM,2,3,RT,2025,6
CGKPKUCGK,DOM,2,4,RT,2025,6
CGKPKUCGK,DOM,2,4,RT,2026,3
CGKPKUCGK,DOM,2,5,RT,2025,1
CGKPKUCGK,DOM,2,5,RT,2026,6
CGKPKUCGK,DOM,2,6,RT,2025,6
CGKPKUCGK,DOM,2,6,RT,2026,1
CGKPKUCGK,DOM,2,8,RT,2025,4
CGKPKUCGK,DOM,2,12,RT,2026,6
CGKPKUCGK,DOM,2,14,RT,2026,1
CGKPKUCGK,DOM,2,25,RT,2025,6
CGKPKUCGK,DOM,2,40,RT,2026,2
CGKPKUCGK,DOM,3,1,RT,2025,8
CGKPKUCGK,DOM,3,1,RT,2026,7
CGKPKUCGK,DOM,3,2,RT,2026,1
CGKPKUCGK,DOM,3,3,RT,2025,1
CGKPKUCGK,DOM,3,3,RT,2026,4
CGKPKUCGK,DOM,3,4,RT,2026,6
CGKPKUCGK,DOM,3,7,RT,2026,1
CGKPKUCGK,DOM,3,8,RT,2025,1
CGKPKUCGK,DOM,3,10,RT,2026,1
CGKPKUCGK,DOM,3,12,RT,2026,1
CGKPKUCGK,DOM,3,14,RT,2025,1
CGKPKUCGK,DOM,3,14,RT,2026,3
CGKPKUCGK,DOM,3,25,RT,2025,1
CGKPKUCGK,DOM,3,25,RT,2026,3
CGKPKUCGK,DOM,3,40,RT,2025,4
CGKPKUCGK,DOM,4,1,RT,2025,3
CGKPKUCGK,DOM,4,1,RT,2026,7
CGKPKUCGK,DOM,4,2,RT,2026,1
CGKPKUCGK,DOM,4,3,RT,2025,3
CGKPKUCGK,DOM,4,3,RT,2026,1
CGKPKUCGK,DOM,4,4,RT,2025,1
CGKPKUCGK,DOM,4,5,RT,2025,2
CGKPKUCGK,DOM,4,5,RT,2026,3
CGKPKUCGK,DOM,4,6,RT,2025,4
CGKPKUCGK,DOM,4,6,RT,2026,4
CGKPKUCGK,DOM,4,7,RT,2025,2
CGKPKUCGK,DOM,4,10,RT,2026,4
CGKPKUCGK,DOM,4,14,RT,2025,2
CGKPKUCGK,DOM,4,18,RT,2025,1
CGKPKUCGK,DOM,4,18,RT,2026,1
CGKPKUCGK,DOM,5,1,RT,2026,1
CGKPKUCGK,DOM,5,2,RT,2025,8
CGKPKUCGK,DOM,5,2,RT,2026,3
CGKPKUCGK,DOM,5,3,RT,2025,4
CGKPKUCGK,DOM,5,5,RT,2025,1
CGKPKUCGK,DOM,5,5,RT,2026,5
CGKPKUCGK,DOM,5,6,RT,2025,4
CGKPKUCGK,DOM,5,6,RT,2026,7
CGKPKUCGK,DOM,5,7,RT,2025,2
CGKPKUCGK,DOM,5,7,RT,2026,6
CGKPKUCGK,DOM,5,8,RT,2026,1
CGKPKUCGK,DOM,5,12,RT,2025,7
CGKPKUCGK,DOM,5,12,RT,2026,4
CGKPKUCGK,DOM,5,14,RT,2025,3
CGKPKUCGK,DOM,5,25,RT,2025,1
CGKPKUCGK,DOM,5,40,RT,2026,4
CGKPKUCGK,DOM,6,1,RT,2025,11
CGKPKUCGK,DOM,6,2,RT,2025,4
CGKPKUCGK,DOM,6,2,RT,2026,2
CGKPKUCGK,DOM,6,3,RT,2025,4
CGKPKUCGK,DOM,6,4,RT,2025,1
CGKPKUCGK,DOM,6,4,RT,2026,6
CGKPKUCGK,DOM,6,5,RT,2025,2
CGKPKUCGK,DOM,6,5,RT,2026,2
CGKPKUCGK,DOM,6,6,RT,2026,3
CGKPKUCGK,DOM,6,7,RT,2026,5
CGKPKUCGK,DOM,6,12,RT,2025,2
CGKPKUCGK,DOM,6,12,RT,2026,1
CGKPKUCGK,DOM,6,18,RT,2025,6
CGKPKUCGK,DOM,6,25,RT,2026,2
CGKPKUCGK,DOM,7,1,RT,2025,2
CGKPKUCGK,DOM,7,2,RT,2025,8
CGKPKUCGK,DOM,7,2,RT,2026,2
CGKPKUCGK,DOM,7,3,RT,2026,2
CGKPKUCGK,DOM,7,4,RT,2025,1
CGKPKUCGK,DOM,7,5,RT,2025,3
CGKPKUCGK,DOM,7,6,RT,2026,5
CGKPKUCGK,DOM,7,12,RT,2025,2
CGKPKUCGK,DOM,7,18,RT,2026,2
CGKPKUCGK,DOM,8,1,RT,2025,2
CGKPKUCGK,DOM,8,1,RT,2026,2
CGKPKUCGK,DOM,8,2,RT,2025,1
CGKPKUCGK,DOM,8,2,RT,2026,1
CGKPKUCGK,DOM,8,3,RT,2026,2
CGKPKUCGK,DOM,8,6,RT,2025,5
CGKPKUCGK,DOM,8,10,RT,2025,3
CGKPKUCGK,DOM,8,14,RT,2026,1
CGKPKUCGK,DOM,8,18,RT,2025,3
CGKPKUCGK,DOM,8,40,RT,2025,2
CGKPKUCGK,DOM,9,1,RT,2025,3
CGKPKUCGK,DOM,9,1,RT,2026,5
CGKPKUCGK,DOM,9,3,RT,2026,11
CGKPKUCGK,DOM,9,5,RT,2025,2
CGKPKUCGK,DOM,9,6,RT,2026,2
CGKPKUCGK,DOM,9,7,RT,2025,4
CGKPKUCGK,DOM,9,8,RT,2025,1
CGKPKUCGK,DOM,9,8,RT,2026,3
CGKPKUCGK,DOM,9,10,RT,2026,2
CGKPKUCGK,DOM,9,12,RT,2026,1
CGKPKUCGK,DOM,10,1,RT,2025,3
CGKPKUCGK,DOM,10,3,RT,2026,1
CGKPKUCGK,DOM,10,5,RT,2025,1
CGKPKUCGK,DOM,10,6,RT,2025,5
CGKPKUCGK,DOM,10,6,RT,2026,2
CGKPKUCGK,DOM,10,7,RT,2025,3
CGKPKUCGK,DOM,11,1,RT,2025,1
CGKPKUCGK,DOM,11,1,RT,2026,3
CGKPKUCGK,DOM,11,2,RT,2025,4
CGKPKUCGK,DOM,11,4,RT,2025,2
CGKPKUCGK,DOM,11,5,RT,2025,1
CGKPKUCGK,DOM,11,6,RT,2026,5
CGKPKUCGK,DOM,11,7,RT,2026,2
CGKPKUCGK,DOM,11,10,RT,2025,3
CGKPKUCGK,DOM,11,40,RT,2025,1
CGKPKUCGK,DOM,12,2,RT,2026,5
CGKPKUCGK,DOM,12,3,RT,2025,1
CGKPKUCGK,DOM,12,3,RT,2026,6
CGKPKUCGK,DOM,12,8,RT,2026,1
CGKPKUCGK,DOM,12,12,RT,2025,1
CGKPKUCGK,DOM,13,2,RT,2025,2
CGKPKUCGK,DOM,13,2,RT,2026,1
CGKPKUCGK,DOM,13,3,RT,2025,1
CGKPKUCGK,DOM,13,6,RT,2025,8
CGKPKUCGK,DOM,13,8,RT,2025,1
CGKPKUCGK,DOM,13,8,RT,2026,1
CGKPKUCGK,DOM,13,14,RT,2025,1
CGKPKUCGK,DOM,13,40,RT,2026,1
CGKPKUCGK,DOM,14,14,RT,2025,1
CGKPKUCGK,DOM,14,18,RT,2026,5
CGKPKUCGK,DOM,15,1,RT,2025,4
CGKPKUCGK,DOM,15,3,RT,2025,6
CGKPKUCGK,DOM,15,3,RT,2026,1
CGKPKUCGK,DOM,15,5,RT,2026,4
CGKPKUCGK,DOM,15,7,RT,2026,5
CGKPKUCGK,DOM,15,10,RT,2025,1
CGKPKUCGK,DOM,15,12,RT,2026,2
CGKPKUCGK,DOM,15,14,RT,2026,2
CGKPKUCGK,DOM,16,1,RT,2026,2
CGKPKUCGK,DOM,16,2,RT,2025,1
CGKPKUCGK,DOM,16,7,RT,2025,1
CGKPKUCGK,DOM,16,8,RT,2025,3
CGKPKUCGK,DOM,16,8,RT,2026,5
CGKPKUCGK,DOM,16,12,RT,2025,1
CGKPKUCGK,DOM,16,14,RT,2026,4
CGKPKUCGK,DOM,16,25,RT,2026,9
CGKPKUCGK,DOM,16,40,RT,2025,2
CGKPKUCGK,DOM,17,1,RT,2025,1
CGKPKUCGK,DOM,17,4,RT,2026,2
CGKPKUCGK,DOM,17,10,RT,2025,2
CGKPKUCGK,DOM,17,25,RT,2025,2
CGKPKUCGK,DOM,18,6,RT,2025,1
CGKPKUCGK,DOM,18,8,RT,2025,1
CGKPKUCGK,DOM,18,10,RT,2026,3
CGKPKUCGK,DOM,18,12,RT,2025,1
CGKPKUCGK,DOM,18,18,RT,2025,1
CGKPKUCGK,DOM,19,5,RT,2025,6
CGKPKUCGK,DOM,19,6,RT,2026,3
CGKPKUCGK,DOM,19,10,RT,2025,2
CGKPKUCGK,DOM,19,12,RT,2025,1
CGKPKUCGK,DOM,19,25,RT,2026,1
CGKPKUCGK,DOM,20,1,RT,2025,2
CGKPKUCGK,DOM,20,2,RT,2025,3
CGKPKUCGK,DOM,20,3,RT,2025,4
CGKPKUCGK,DOM,20,6,RT,2025,1
CGKPKUCGK,DOM,20,7,RT,2025,2
CGKPKUCGK,DOM,20,8,RT,2025,4
CGKPKUCGK,DOM,20,12,RT,2026,3
CGKPKUCGK,DOM,20,14,RT,2025,2
CGKPKUCGK,DOM,20,25,RT,2026,2
CGKPKUCGK,DOM,21,2,RT,2026,5
CGKPKUCGK,DOM,21,3,RT,2026,2
CGKPKUCGK,DOM,21,4,RT,2025,1
CGKPKUCGK,DOM,21,6,RT,2025,5
CGKPKUCGK,DOM,21,7,RT,2025,3
CGKPKUCGK,DOM,21,10,RT,2025,1
CGKPKUCGK,DOM,21,10,RT,2026,2
CGKPKUCGK,DOM,21,14,RT,2025,1
CGKPKUCGK,DOM,22,3,RT,2025,1
CGKPKUCGK,DOM,22,6,RT,2025,3
CGKPKUCGK,DOM,22,7,RT,2025,3
CGKPKUCGK,DOM,22,14,RT,2025,1
CGKPKUCGK,DOM,23,1,RT,2025,1
CGKPKUCGK,DOM,23,1,RT,2026,2
CGKPKUCGK,DOM,23,5,RT,2026,1
CGKPKUCGK,DOM,23,6,RT,2026,3
CGKPKUCGK,DOM,23,10,RT,2026,6
CGKPKUCGK,DOM,23,14,RT,2026,1
CGKPKUCGK,DOM,23,18,RT,2025,1
CGKPKUCGK,DOM,24,8,RT,2026,2
CGKPKUCGK,DOM,24,14,RT,2025,1
CGKPKUCGK,DOM,24,40,RT,2026,1
CGKPKUCGK,DOM,25,3,RT,2025,6
CGKPKUCGK,DOM,25,3,RT,2026,10
CGKPKUCGK,DOM,25,4,RT,2025,6
CGKPKUCGK,DOM,25,5,RT,2026,1
CGKPKUCGK,DOM,25,6,RT,2026,4
CGKPKUCGK,DOM,25,10,RT,2025,2
CGKPKUCGK,DOM,25,14,RT,2025,3
CGKPKUCGK,DOM,25,40,RT,2026,2
CGKPKUCGK,DOM,26,2,RT,2025,2
CGKPKUCGK,DOM,26,4,RT,2026,9
CGKPKUCGK,DOM,26,6,RT,2026,6
CGKPKUCGK,DOM,26,7,RT,2025,6
CGKPKUCGK,DOM,26,12,RT,2025,12
CGKPKUCGK,DOM,26,18,RT,2025,2
CGKPKUCGK,DOM,26,25,RT,2026,1
CGKPKUCGK,DOM,27,1,RT,2025,3
CGKPKUCGK,DOM,27,1,RT,2026,3
CGKPKUCGK,DOM,27,4,RT,2025,1
CGKPKUCGK,DOM,27,5,RT,2026,1
CGKPKUCGK,DOM,27,8,RT,2025,2
CGKPKUCGK,DOM,27,10,RT,2025,4
CGKPKUCGK,DOM,27,10,RT,2026,1
CGKPKUCGK,DOM,27,14,RT,2025,1
CGKPKUCGK,DOM,27,25,RT,2025,6
CGKPKUCGK,DOM,28,1,RT,2026,1
CGKPKUCGK,DOM,28,4,RT,2026,6
CGKPKUCGK,DOM,28,6,RT,2026,1
CGKPKUCGK,DOM,28,12,RT,2025,3
CGKPKUCGK,DOM,29,1,RT,2025,3
CGKPKUCGK,DOM,29,1,RT,2026,3
CGKPKUCGK,DOM,29,2,RT,2025,2
CGKPKUCGK,DOM,29,3,RT,2025,2
CGKPKUCGK,DOM,29,5,RT,2025,2
CGKPKUCGK,DOM,29,25,RT,2025,3
CGKPKUCGK,DOM,29,25,RT,2026,4
CGKPKUCGK,DOM,29,40,RT,2026,1
CGKPKUCGK,DOM,30,1,RT,2025,1
CGKPKUCGK,DOM,30,1,RT,2026,1
CGKPKUCGK,DOM,30,2,RT,2025,4
CGKPKUCGK,DOM,30,5,RT,2026,3
CGKPKUCGK,DOM,30,6,RT,2025,1
CGKPKUCGK,DOM,30,6,RT,2026,1
CGKPKUCGK,DOM,30,12,RT,2025,7
CGKPKUCGK,DOM,30,14,RT,2026,1
CGKPKUCGK,DOM,30,18,RT,2025,4
CGKPKUCGK,DOM,30,25,RT,2025,1
CGKPKUCGK,DOM,31,8,RT,2026,6
CGKPKUCGK,DOM,31,10,RT,2025,1
CGKPKUCGK,DOM,32,2,RT,2026,4
CGKPKUCGK,DOM,32,5,RT,2025,1
CGKPKUCGK,DOM,33,10,RT,2025,2
CGKPKUCGK,DOM,33,25,RT,2026,1
CGKPKUCGK,DOM,34,5,RT,2026,6
CGKPKUCGK,DOM,34,7,RT,2025,1
CGKPKUCGK,DOM,34,8,RT,2026,1
CGKPKUCGK,DOM,35,6,RT,2025,1
CGKPKUCGK,DOM,35,10,RT,2026,1
CGKPKUCGK,DOM,36,1,RT,2025,2
CGKPKUCGK,DOM,36,3,RT,2026,2
CGKPKUCGK,DOM,36,5,RT,2025,1
CGKPKUCGK,DOM,36,10,RT,2025,5
CGKPKUCGK,DOM,37,3,RT,2026,4
CGKPKUCGK,DOM,37,4,RT,2025,1
CGKPKUCGK,DOM,37,12,RT,2025,6
CGKPKUCGK,DOM,38,1,RT,2025,1
CGKPKUCGK,DOM,40,1,RT,2026,3
CGKPKUCGK,DOM,40,2,RT,2026,1
CGKPKUCGK,DOM,40,18,RT,2026,1
CGKPKUCGK,DOM,41,2,RT,2025,2
CGKPKUCGK,DOM,41,8,RT,2025,1
CGKPKUCGK,DOM,41,8,RT,2026,2
CGKPKUCGK,DOM,41,14,RT,2025,1
CGKPKUCGK,DOM,42,6,RT,2026,1
CGKPKUCGK,DOM,42,40,RT,2025,4
CGKPKUCGK,DOM,43,1,RT,2025,1
CGKPKUCGK,DOM,43,5,RT,2025,2
CGKPKUCGK,DOM,43,25,RT,2025,3
CGKPKUCGK,DOM,44,10,RT,2025,2
CGKPKUCGK,DOM,46,25,RT,2025,6
CGKPKUCGK,DOM,47,7,RT,2026,3
CGKPKUCGK,DOM,47,10,RT,2025,1
CGKPKUCGK,DOM,47,12,RT,2025,5
CGKPKUCGK,DOM,49,2,RT,2026,1
CGKPKUCGK,DOM,49,7,RT,2026,2
CGKPKUCGK,DOM,49,18,RT,2025,4
CGKPKUCGK,DOM,50,1,RT,2025,1
CGKPKUCGK,DOM,50,8,RT,2025,2
CGKPKUCGK,DOM,50,12,RT,2025,1
CGKPKUCGK,DOM,51,1,RT,2026,6
CGKPKUCGK,DOM,51,3,RT,2025,1
CGKPKUCGK,DOM,51,14,RT,2025,6
CGKPKUCGK,DOM,51,18,RT,2025,1
CGKPKUCGK,DOM,51,25,RT,2025,1
CGKPKUCGK,DOM,52,12,RT,2025,2
CGKPKUCGK,DOM,52,14,RT,2025,1
CGKPKUCGK,DOM,53,6,RT,2025,4
CGKPKUCGK,DOM,53,18,RT,2025,3
CGKPKUCGK,DOM,54,1,RT,2025,2
CGKPKUCGK,DOM,54,12,RT,2026,6
CGKPKUCGK,DOM,54,14,RT,2025,2
CGKPKUCGK,DOM,54,14,RT,2026,1
CGKPKUCGK,DOM,54,25,RT,2025,1
CGKPKUCGK,DOM,55,8,RT,2025,3
CGKPKUCGK,DOM,58,4,RT,2026,2
CGKPKUCGK,DOM,59,1,RT,2025,1
CGKPKUCGK,DOM,59,1,RT,2026,6
CGKPKUCGK,DOM,59,2,RT,2025,1
CGKPKUCGK,DOM,59,12,RT,2026,1
CGKPKUCGK,DOM,60,2,RT,2026,4
CGKPKUCGK,DOM,60,8,RT,2026,2
CGKPKUCGK,DOM,61,6,RT,2025,1
CGKPKUCGK,DOM,61,8,RT,2026,2
CGKPKUCGK,DOM,61,25,RT,2025,4
CGKPKUCGK,DOM,63,1,RT,2026,2
CGKPKUCGK,DOM,63,3,RT,2025,6
CGKPKUCGK,DOM,63,4,RT,2025,1
CGKPKUCGK,DOM,63,5,RT,2026,2
CGKPKUCGK,DOM,63,8,RT,2026,2
CGKPKUCGK,DOM,64,2,RT,2025,1
CGKPKUCGK,DOM,64,3,RT,2025,1
CGKPKUCGK,DOM,65,3,RT,2026,4
CGKPKUCGK,DOM,65,4,RT,2026,6
CGKPKUCGK,DOM,65,6,RT,2026,2
CGKPKUCGK,DOM,66,4,RT,2025,4
CGKPKUCGK,DOM,67,3,RT,2025,1
CGKPKUCGK,DOM,67,4,RT,2025,1
CGKPKUCGK,DOM,67,14,RT,2026,1
CGKPKUCGK,DOM,69,3,RT,2026,2
CGKPKUCGK,DOM,69,25,RT,2025,2
CGKPKUCGK,DOM,71,2,RT,2026,1
CGKPKUCGK,DOM,72,2,RT,2025,1
CGKPKUCGK,DOM,72,18,RT,2026,3
CGKPKUCGK,DOM,73,1,RT,2025,4
CGKPKUCGK,DOM,73,3,RT,2026,6
CGKPKUCGK,DOM,73,40,RT,2025,1
CGKPKUCGK,DOM,74,4,RT,2025,4
CGKPKUCGK,DOM,74,14,RT,2026,5
CGKPKUCGK,DOM,75,10,RT,2025,1
CGKPKUCGK,DOM,76,5,RT,2026,1
CGKPKUCGK,DOM,77,12,RT,2026,6
CGKPKUCGK,DOM,78,4,RT,2025,6
CGKPKUCGK,DOM,78,40,RT,2026,1
CGKPKUCGK,DOM,79,2,RT,2026,6
CGKPKUCGK,DOM,80,12,RT,2025,2
CGKPKUCGK,DOM,80,40,RT,2025,1
CGKPKUCGK,DOM,82,1,RT,2026,2
CGKPKUCGK,DOM,82,10,RT,2025,2
CGKPKUCGK,DOM,82,18,RT,2026,1
CGKPKUCGK,DOM,84,2,RT,2025,3
CGKPKUCGK,DOM,85,3,RT,2025,1
CGKPKUCGK,DOM,85,5,RT,2025,1
CGKPKUCGK,DOM,86,7,RT,2025,1
CGKPKUCGK,DOM,87,8,RT,2025,2
CGKPKUCGK,DOM,87,12,RT,2025,2
CGKPKUCGK,DOM,88,2,RT,2025,2
CGKPKUCGK,DOM,89,7,RT,2026,1
CGKPKUCGK,DOM,90,1,RT,2025,1
CGKPKUCGK,DOM,90,1,RT,2026,5
CGKPKUCGK,DOM,90,14,RT,2026,6
CGKPKUCGK,DOM,99,18,RT,2026,1
CGKPKUCGK,DOM,102,7,RT,2026,6
CGKPKUCGK,DOM,103,8,RT,2025,2
CGKPKUCGK,DOM,106,25,RT,2026,2
CGKPKUCGK,DOM,109,3,RT,2025,2
CGKPKUCGK,DOM,112,8,RT,2026,2
CGKPKUCGK,DOM,114,1,RT,2025,2
CGKPKUCGK,DOM,115,3,RT,2026,2
CGKPKUCGK,DOM,116,12,RT,2025,2
CGKPKUCGK,DOM,117,3,RT,2026,2
CGKPKUCGK,DOM,119,40,RT,2026,2
CGKPKUCGK,DOM,122,3,RT,2026,3
CGKPKUCGK,DOM,124,4,RT,2026,1
CGKPKUCGK,DOM,130,1,RT,2025,1
CGKPKUCGK,DOM,130,3,RT,2026,2
CGKPKUCGK,DOM,130,25,RT,2025,1
CGKPKUCGK,DOM,131,25,RT,2026,1
CGKPKUCGK,DOM,135,6,RT,2026,1
CGKPKUCGK,DOM,136,14,RT,2025,1
CGKPKUCGK,DOM,139,1,RT,2025,3
CGKPKUCGK,DOM,141,18,RT,2025,6
CGKPKUCGK,DOM,143,3,RT,2025,1
CGKPKUCGK,DOM,144,14,RT,2026,2
CGKPKUCGK,DOM,152,25,RT,2026,5
CGKPKUCGK,DOM,158,25,RT,2026,2
CGKPKUCGK,DOM,162,18,RT,2026,1
CGKPKUCGK,DOM,163,7,RT,2026,6
CGKPKUCGK,DOM,166,4,RT,2025,1
CGKPKUCGK,DOM,167,3,RT,2026,2
CGKPKUCGK,DOM,169,10,RT,2025,2
CGKPKUCGK,DOM,169,25,RT,2025,1
CGKPKUCGK,DOM,174,7,RT,2025,2
CGKPKUCGK,DOM,178,40,RT,2025,2
CGKPKUCGK,DOM,183,8,RT,2025,2
CGKPKUCGK,DOM,185,1,RT,2025,1
CGKPKUCGK,DOM,186,3,RT,2025,1
CGKPKUCGK,DOM,186,25,RT,2025,6
CGKPKUCGK,DOM,191,3,RT,2026,4
CGKPKUCGK,DOM,191,4,RT,2025,6
CGKPKUCGK,DOM,196,2,RT,2026,4
CGKPKUCGK,DOM,197,40,RT,2026,1
CGKPKUCGK,DOM,202,2,RT,2026,3
CGKPKUCGK,DOM,206,4,RT,2026,2
CGKPKUCGK,DOM,209,6,RT,2025,1
CGKPKUCGK,DOM,211,3,RT,2025,6
CGKPKUCGK,DOM,216,5,RT,2025,3
CGKPKUCGK,DOM,218,12,RT,2025,1
CGKPLM,DOM,0,0,OW,2025,36
CGKPLM,DOM,0,0,OW,2026,15
CGKPLM,DOM,1,0,OW,2025,14
CGKPLM,DOM,1,0,OW,2026,16
CGKPLM,DOM,2,0,OW,2025,19
CGKPLM,DOM,2,0,OW,2026,17
CGKPLM,DOM,3,0,OW,2025,28
CGKPLM,DOM,3,0,OW,2026,12
CGKPLM,DOM,4,0,OW,2025,24
CGKPLM,DOM,4,0,OW,2026,16
CGKPLM,DOM,5,0,OW,2025,28
CGKPLM,DOM,5,0,OW,2026,10
CGKPLM,DOM,6,0,OW,2025,14
CGKPLM,DOM,6,0,OW,2026,13
CGKPLM,DOM,7,0,OW,2025,20
CGKPLM,DOM,7,0,OW,2026,23
CGKPLM,DOM,8,0,OW,2025,11
CGKPLM,DOM,8,0,OW,2026,17
CGKPLM,DOM,9,0,OW,2025,14
CGKPLM,DOM,9,0,OW,2026,15
CGKPLM,DOM,10,0,OW,2025,11
CGKPLM,DOM,10,0,OW,2026,8
CGKPLM,DOM,11,0,OW,2025,14
CGKPLM,DOM,11,0,OW,2026,14
CGKPLM,DOM,12,0,OW,2025,16
CGKPLM,DOM,12,0,OW,2026,9
CGKPLM,DOM,13,0,OW,2025,8
CGKPLM,DOM,13,0,OW,2026,3
CGKPLM,DOM,14,0,OW,2025,19
CGKPLM,DOM,14,0,OW,2026,9
CGKPLM,DOM,15,0,OW,2025,9
CGKPLM,DOM,15,0,OW,2026,10
CGKPLM,DOM,16,0,OW,2025,3
CGKPLM,DOM,16,0,OW,2026,12
CGKPLM,DOM,17,0,OW,2025,10
CGKPLM,DOM,17,0,OW,2026,11
CGKPLM,DOM,18,0,OW,2025,12
CGKPLM,DOM,18,0,OW,2026,19
CGKPLM,DOM,19,0,OW,2025,14
CGKPLM,DOM,19,0,OW,2026,9
CGKPLM,DOM,20,0,OW,2025,21
CGKPLM,DOM,20,0,OW,2026,8
CGKPLM,DOM,21,0,OW,2025,20
CGKPLM,DOM,21,0,OW,2026,8
CGKPLM,DOM,22,0,OW,2025,20
CGKPLM,DOM,22,0,OW,2026,10
CGKPLM,DOM,23,0,OW,2025,14
CGKPLM,DOM,24,0,OW,2025,30
CGKPLM,DOM,24,0,OW,2026,18
CGKPLM,DOM,25,0,OW,2025,9
CGKPLM,DOM,25,0,OW,2026,5
CGKPLM,DOM,26,0,OW,2025,16
CGKPLM,DOM,26,0,OW,2026,15
CGKPLM,DOM,27,0,OW,2025,23
CGKPLM,DOM,27,0,OW,2026,14
CGKPLM,DOM,28,0,OW,2025,6
CGKPLM,DOM,29,0,OW,2025,22
CGKPLM,DOM,29,0,OW,2026,18
CGKPLM,DOM,30,0,OW,2025,23
CGKPLM,DOM,30,0,OW,2026,9
CGKPLM,DOM,31,0,OW,2026,1
CGKPLM,DOM,32,0,OW,2026,4
CGKPLM,DOM,33,0,OW,2025,1
CGKPLM,DOM,33,0,OW,2026,4
CGKPLM,DOM,34,0,OW,2025,1
CGKPLM,DOM,34,0,OW,2026,6
CGKPLM,DOM,36,0,OW,2025,1
CGKPLM,DOM,36,0,OW,2026,6
CGKPLM,DOM,37,0,OW,2026,1
CGKPLM,DOM,38,0,OW,2025,1
CGKPLM,DOM,38,0,OW,2026,11
CGKPLM,DOM,39,0,OW,2026,1
CGKPLM,DOM,40,0,OW,2025,9
CGKPLM,DOM,40,0,OW,2026,3
CGKPLM,DOM,41,0,OW,2025,4
CGKPLM,DOM,42,0,OW,2025,2
CGKPLM,DOM,43,0,OW,2025,7
CGKPLM,DOM,43,0,OW,2026,6
CGKPLM,DOM,44,0,OW,2025,6
CGKPLM,DOM,45,0,OW,2025,6
CGKPLM,DOM,45,0,OW,2026,6
CGKPLM,DOM,46,0,OW,2025,7
CGKPLM,DOM,46,0,OW,2026,1
CGKPLM,DOM,47,0,OW,2026,4
CGKPLM,DOM,48,0,OW,2025,6
CGKPLM,DOM,49,0,OW,2025,2
CGKPLM,DOM,49,0,OW,2026,6
CGKPLM,DOM,50,0,OW,2025,3
CGKPLM,DOM,52,0,OW,2025,2
CGKPLM,DOM,52,0,OW,2026,3
CGKPLM,DOM,54,0,OW,2025,1
CGKPLM,DOM,54,0,OW,2026,1
CGKPLM,DOM,55,0,OW,2025,2
CGKPLM,DOM,56,0,OW,2025,5
CGKPLM,DOM,56,0,OW,2026,6
CGKPLM,DOM,57,0,OW,2025,1
CGKPLM,DOM,57,0,OW,2026,7
CGKPLM,DOM,58,0,OW,2025,10
CGKPLM,DOM,58,0,OW,2026,1
CGKPLM,DOM,60,0,OW,2025,5
CGKPLM,DOM,64,0,OW,2025,1
CGKPLM,DOM,65,0,OW,2025,6
CGKPLM,DOM,66,0,OW,2025,3
CGKPLM,DOM,66,0,OW,2026,3
CGKPLM,DOM,67,0,OW,2025,5
CGKPLM,DOM,67,0,OW,2026,1
CGKPLM,DOM,69,0,OW,2026,3
CGKPLM,DOM,70,0,OW,2025,6
CGKPLM,DOM,70,0,OW,2026,3
CGKPLM,DOM,72,0,OW,2026,3
CGKPLM,DOM,74,0,OW,2026,4
CGKPLM,DOM,75,0,OW,2025,5
CGKPLM,DOM,75,0,OW,2026,9
CGKPLM,DOM,76,0,OW,2025,2
CGKPLM,DOM,77,0,OW,2025,3
CGKPLM,DOM,77,0,OW,2026,5
CGKPLM,DOM,79,0,OW,2025,5
CGKPLM,DOM,79,0,OW,2026,2
CGKPLM,DOM,80,0,OW,2025,16
CGKPLM,DOM,81,0,OW,2025,6
CGKPLM,DOM,81,0,OW,2026,2
CGKPLM,DOM,82,0,OW,2026,4
CGKPLM,DOM,83,0,OW,2025,1
CGKPLM,DOM,84,0,OW,2025,1
CGKPLM,DOM,86,0,OW,2025,5
CGKPLM,DOM,88,0,OW,2025,3
CGKPLM,DOM,89,0,OW,2025,2
CGKPLM,DOM,89,0,OW,2026,4
CGKPLM,DOM,90,0,OW,2025,6
CGKPLM,DOM,90,0,OW,2026,5
CGKPLM,DOM,94,0,OW,2025,3
CGKPLM,DOM,97,0,OW,2025,2
CGKPLM,DOM,99,0,OW,2025,1
CGKPLM,DOM,99,0,OW,2026,4
CGKPLM,DOM,103,0,OW,2025,1
CGKPLM,DOM,103,0,OW,2026,6
CGKPLM,DOM,104,0,OW,2025,4
CGKPLM,DOM,105,0,OW,2025,1
CGKPLM,DOM,106,0,OW,2025,5
CGKPLM,DOM,108,0,OW,2025,1
CGKPLM,DOM,112,0,OW,2025,4
CGKPLM,DOM,113,0,OW,2026,2
CGKPLM,DOM,122,0,OW,2025,1
CGKPLM,DOM,124,0,OW,2025,4
CGKPLM,DOM,124,0,OW,2026,4
CGKPLM,DOM,128,0,OW,2025,4
CGKPLM,DOM,130,0,OW,2025,1
CGKPLM,DOM,135,0,OW,2026,2
CGKPLM,DOM,136,0,OW,2026,4
CGKPLM,DOM,137,0,OW,2025,6
CGKPLM,DOM,137,0,OW,2026,1
CGKPLM,DOM,141,0,OW,2025,2
CGKPLM,DOM,145,0,OW,2025,4
CGKPLM,DOM,145,0,OW,2026,4
CGKPLM,DOM,146,0,OW,2025,1
CGKPLM,DOM,148,0,OW,2025,2
CGKPLM,DOM,152,0,OW,2026,1
CGKPLM,DOM,158,0,OW,2026,2
CGKPLM,DOM,168,0,OW,2026,1
CGKPLM,DOM,170,0,OW,2026,1
CGKPLM,DOM,171,0,OW,2025,1
CGKPLM,DOM,172,0,OW,2025,1
CGKPLM,DOM,172,0,OW,2026,6
CGKPLM,DOM,174,0,OW,2026,5
CGKPLM,DOM,175,0,OW,2026,4
CGKPLM,DOM,176,0,OW,2025,5
CGKPLM,DOM,178,0,OW,2026,2
CGKPLM,DOM,182,0,OW,2025,1
CGKPLM,DOM,184,0,OW,2025,1
CGKPLM,DOM,188,0,OW,2026,2
CGKPLM,DOM,189,0,OW,2026,2
CGKPLM,DOM,190,0,OW,2026,5
CGKPLM,DOM,191,0,OW,2025,10
CGKPLM,DOM,192,0,OW,2025,2
CGKPLM,DOM,194,0,OW,2026,2
CGKPLM,DOM,200,0,OW,2025,2
CGKPLM,DOM,205,0,OW,2025,1
CGKPLM,DOM,206,0,OW,2025,5
CGKPLM,DOM,207,0,OW,2025,1
CGKPLM,DOM,209,0,OW,2025,1
CGKPLM,DOM,213,0,OW,2026,3
CGKPLM,DOM,217,0,OW,2026,2
CGKPLMCGK,DOM,0,1,RT,2025,5
CGKPLMCGK,DOM,0,2,RT,2025,2
CGKPLMCGK,DOM,0,2,RT,2026,1
CGKPLMCGK,DOM,0,3,RT,2025,3
CGKPLMCGK,DOM,0,3,RT,2026,4
CGKPLMCGK,DOM,0,4,RT,2025,1
CGKPLMCGK,DOM,0,4,RT,2026,5
CGKPLMCGK,DOM,0,5,RT,2025,4
CGKPLMCGK,DOM,0,6,RT,2025,2
CGKPLMCGK,DOM,0,8,RT,2025,1
CGKPLMCGK,DOM,0,10,RT,2025,2
CGKPLMCGK,DOM,0,10,RT,2026,1
CGKPLMCGK,DOM,0,12,RT,2025,5
CGKPLMCGK,DOM,0,12,RT,2026,3
CGKPLMCGK,DOM,0,25,RT,2025,4
CGKPLMCGK,DOM,0,25,RT,2026,1
CGKPLMCGK,DOM,0,40,RT,2025,3
CGKPLMCGK,DOM,1,1,RT,2025,2
CGKPLMCGK,DOM,1,1,RT,2026,1
CGKPLMCGK,DOM,1,2,RT,2026,2
CGKPLMCGK,DOM,1,3,RT,2026,4
CGKPLMCGK,DOM,1,4,RT,2026,7
CGKPLMCGK,DOM,1,5,RT,2026,1
CGKPLMCGK,DOM,1,6,RT,2025,2
CGKPLMCGK,DOM,1,6,RT,2026,7
CGKPLMCGK,DOM,1,7,RT,2026,3
CGKPLMCGK,DOM,1,8,RT,2025,8
CGKPLMCGK,DOM,1,12,RT,2026,2
CGKPLMCGK,DOM,1,14,RT,2025,6
CGKPLMCGK,DOM,1,14,RT,2026,3
CGKPLMCGK,DOM,1,25,RT,2025,2
CGKPLMCGK,DOM,1,25,RT,2026,7
CGKPLMCGK,DOM,1,40,RT,2025,1
CGKPLMCGK,DOM,2,2,RT,2025,5
CGKPLMCGK,DOM,2,3,RT,2025,4
CGKPLMCGK,DOM,2,4,RT,2025,1
CGKPLMCGK,DOM,2,5,RT,2025,2
CGKPLMCGK,DOM,2,10,RT,2025,3
CGKPLMCGK,DOM,2,12,RT,2026,3
CGKPLMCGK,DOM,2,14,RT,2025,9
CGKPLMCGK,DOM,2,25,RT,2025,8
CGKPLMCGK,DOM,2,25,RT,2026,4
CGKPLMCGK,DOM,3,1,RT,2025,5
CGKPLMCGK,DOM,3,1,RT,2026,4
CGKPLMCGK,DOM,3,2,RT,2025,1
CGKPLMCGK,DOM,3,2,RT,2026,8
CGKPLMCGK,DOM,3,3,RT,2025,2
CGKPLMCGK,DOM,3,3,RT,2026,3
CGKPLMCGK,DOM,3,4,RT,2025,3
CGKPLMCGK,DOM,3,4,RT,2026,6
CGKPLMCGK,DOM,3,5,RT,2025,1
CGKPLMCGK,DOM,3,6,RT,2026,2
CGKPLMCGK,DOM,3,7,RT,2025,6
CGKPLMCGK,DOM,3,7,RT,2026,4
CGKPLMCGK,DOM,3,10,RT,2026,6
CGKPLMCGK,DOM,3,14,RT,2025,8
CGKPLMCGK,DOM,3,25,RT,2025,2
CGKPLMCGK,DOM,3,40,RT,2026,6
CGKPLMCGK,DOM,4,1,RT,2026,4
CGKPLMCGK,DOM,4,2,RT,2025,2
CGKPLMCGK,DOM,4,3,RT,2025,1
CGKPLMCGK,DOM,4,4,RT,2026,4
CGKPLMCGK,DOM,4,5,RT,2025,4
CGKPLMCGK,DOM,4,7,RT,2025,3
CGKPLMCGK,DOM,4,7,RT,2026,2
CGKPLMCGK,DOM,4,8,RT,2026,1
CGKPLMCGK,DOM,4,10,RT,2025,3
CGKPLMCGK,DOM,4,12,RT,2025,2
CGKPLMCGK,DOM,4,12,RT,2026,1
CGKPLMCGK,DOM,4,14,RT,2025,1
CGKPLMCGK,DOM,4,14,RT,2026,2
CGKPLMCGK,DOM,4,18,RT,2025,1
CGKPLMCGK,DOM,4,18,RT,2026,3
CGKPLMCGK,DOM,4,25,RT,2025,2
CGKPLMCGK,DOM,4,40,RT,2026,3
CGKPLMCGK,DOM,5,1,RT,2025,9
CGKPLMCGK,DOM,5,2,RT,2026,4
CGKPLMCGK,DOM,5,3,RT,2025,4
CGKPLMCGK,DOM,5,3,RT,2026,1
CGKPLMCGK,DOM,5,7,RT,2025,1
CGKPLMCGK,DOM,5,7,RT,2026,1
CGKPLMCGK,DOM,5,10,RT,2025,2
CGKPLMCGK,DOM,5,12,RT,2025,7
CGKPLMCGK,DOM,5,12,RT,2026,1
CGKPLMCGK,DOM,6,1,RT,2025,8
CGKPLMCGK,DOM,6,1,RT,2026,3
CGKPLMCGK,DOM,6,2,RT,2025,1
CGKPLMCGK,DOM,6,3,RT,2025,6
CGKPLMCGK,DOM,6,3,RT,2026,7
CGKPLMCGK,DOM,6,4,RT,2026,1
CGKPLMCGK,DOM,6,5,RT,2025,2
CGKPLMCGK,DOM,6,6,RT,2026,5
CGKPLMCGK,DOM,6,7,RT,2025,11
CGKPLMCGK,DOM,6,8,RT,2025,11
CGKPLMCGK,DOM,6,8,RT,2026,4
CGKPLMCGK,DOM,6,10,RT,2026,3
CGKPLMCGK,DOM,6,12,RT,2026,8
CGKPLMCGK,DOM,6,14,RT,2025,4
CGKPLMCGK,DOM,6,25,RT,2025,4
CGKPLMCGK,DOM,6,40,RT,2026,1
CGKPLMCGK,DOM,7,1,RT,2025,9
CGKPLMCGK,DOM,7,1,RT,2026,4
CGKPLMCGK,DOM,7,2,RT,2025,1
CGKPLMCGK,DOM,7,3,RT,2025,9
CGKPLMCGK,DOM,7,3,RT,2026,6
CGKPLMCGK,DOM,7,5,RT,2025,4
CGKPLMCGK,DOM,7,6,RT,2025,2
CGKPLMCGK,DOM,7,7,RT,2026,2
CGKPLMCGK,DOM,7,8,RT,2026,6
CGKPLMCGK,DOM,7,12,RT,2026,1
CGKPLMCGK,DOM,7,14,RT,2026,2
CGKPLMCGK,DOM,7,18,RT,2025,1
CGKPLMCGK,DOM,7,18,RT,2026,1
CGKPLMCGK,DOM,7,25,RT,2025,1
CGKPLMCGK,DOM,7,40,RT,2025,1
CGKPLMCGK,DOM,7,40,RT,2026,1
CGKPLMCGK,DOM,8,1,RT,2025,2
CGKPLMCGK,DOM,8,1,RT,2026,2
CGKPLMCGK,DOM,8,2,RT,2025,1
CGKPLMCGK,DOM,8,3,RT,2025,4
CGKPLMCGK,DOM,8,6,RT,2025,2
CGKPLMCGK,DOM,8,6,RT,2026,1
CGKPLMCGK,DOM,8,7,RT,2026,3
CGKPLMCGK,DOM,8,10,RT,2026,3
CGKPLMCGK,DOM,8,18,RT,2026,1
CGKPLMCGK,DOM,8,25,RT,2025,1
CGKPLMCGK,DOM,8,40,RT,2025,1
CGKPLMCGK,DOM,9,1,RT,2025,2
CGKPLMCGK,DOM,9,2,RT,2025,1
CGKPLMCGK,DOM,9,2,RT,2026,2
CGKPLMCGK,DOM,9,4,RT,2025,2
CGKPLMCGK,DOM,9,6,RT,2025,2
CGKPLMCGK,DOM,9,7,RT,2025,12
CGKPLMCGK,DOM,9,7,RT,2026,2
CGKPLMCGK,DOM,9,10,RT,2025,1
CGKPLMCGK,DOM,9,18,RT,2026,1
CGKPLMCGK,DOM,10,3,RT,2026,2
CGKPLMCGK,DOM,10,4,RT,2026,4
CGKPLMCGK,DOM,10,5,RT,2025,6
CGKPLMCGK,DOM,10,10,RT,2025,2
CGKPLMCGK,DOM,10,14,RT,2026,1
CGKPLMCGK,DOM,10,25,RT,2025,2
CGKPLMCGK,DOM,10,40,RT,2025,3
CGKPLMCGK,DOM,10,40,RT,2026,1
CGKPLMCGK,DOM,11,1,RT,2025,2
CGKPLMCGK,DOM,11,2,RT,2025,1
CGKPLMCGK,DOM,11,2,RT,2026,2
CGKPLMCGK,DOM,11,4,RT,2025,2
CGKPLMCGK,DOM,11,5,RT,2025,2
CGKPLMCGK,DOM,11,8,RT,2026,1
CGKPLMCGK,DOM,11,12,RT,2025,1
CGKPLMCGK,DOM,11,18,RT,2025,4
CGKPLMCGK,DOM,11,25,RT,2025,1
CGKPLMCGK,DOM,11,25,RT,2026,1
CGKPLMCGK,DOM,12,1,RT,2025,6
CGKPLMCGK,DOM,12,2,RT,2025,3
CGKPLMCGK,DOM,12,2,RT,2026,1
CGKPLMCGK,DOM,12,3,RT,2026,10
CGKPLMCGK,DOM,12,7,RT,2025,5
CGKPLMCGK,DOM,12,10,RT,2026,1
CGKPLMCGK,DOM,12,40,RT,2026,1
CGKPLMCGK,DOM,13,1,RT,2025,7
CGKPLMCGK,DOM,13,1,RT,2026,4
CGKPLMCGK,DOM,13,2,RT,2025,2
CGKPLMCGK,DOM,13,2,RT,2026,6
CGKPLMCGK,DOM,13,3,RT,2025,13
CGKPLMCGK,DOM,13,5,RT,2026,3
CGKPLMCGK,DOM,13,6,RT,2025,6
CGKPLMCGK,DOM,13,12,RT,2025,2
CGKPLMCGK,DOM,13,18,RT,2025,1
CGKPLMCGK,DOM,13,25,RT,2026,2
CGKPLMCGK,DOM,13,40,RT,2026,4
CGKPLMCGK,DOM,14,1,RT,2025,1
CGKPLMCGK,DOM,14,1,RT,2026,2
CGKPLMCGK,DOM,14,2,RT,2025,4
CGKPLMCGK,DOM,14,3,RT,2026,6
CGKPLMCGK,DOM,14,4,RT,2025,2
CGKPLMCGK,DOM,14,5,RT,2025,6
CGKPLMCGK,DOM,14,7,RT,2026,1
CGKPLMCGK,DOM,14,8,RT,2025,2
CGKPLMCGK,DOM,14,12,RT,2026,8
CGKPLMCGK,DOM,14,25,RT,2025,1
CGKPLMCGK,DOM,15,1,RT,2026,3
CGKPLMCGK,DOM,15,2,RT,2025,1
CGKPLMCGK,DOM,15,3,RT,2025,3
CGKPLMCGK,DOM,15,3,RT,2026,1
CGKPLMCGK,DOM,15,4,RT,2025,2
CGKPLMCGK,DOM,15,14,RT,2026,1
CGKPLMCGK,DOM,15,18,RT,2025,6
CGKPLMCGK,DOM,15,25,RT,2026,1
CGKPLMCGK,DOM,16,1,RT,2026,1
CGKPLMCGK,DOM,16,3,RT,2026,11
CGKPLMCGK,DOM,16,4,RT,2025,2
CGKPLMCGK,DOM,16,6,RT,2025,1
CGKPLMCGK,DOM,16,10,RT,2025,7
CGKPLMCGK,DOM,16,12,RT,2025,5
CGKPLMCGK,DOM,16,14,RT,2026,7
CGKPLMCGK,DOM,17,1,RT,2026,1
CGKPLMCGK,DOM,17,2,RT,2025,7
CGKPLMCGK,DOM,17,3,RT,2025,1
CGKPLMCGK,DOM,17,3,RT,2026,7
CGKPLMCGK,DOM,17,5,RT,2025,1
CGKPLMCGK,DOM,17,7,RT,2025,3
CGKPLMCGK,DOM,17,8,RT,2025,3
CGKPLMCGK,DOM,17,14,RT,2026,4
CGKPLMCGK,DOM,17,18,RT,2025,1
CGKPLMCGK,DOM,17,18,RT,2026,2
CGKPLMCGK,DOM,17,40,RT,2026,1
CGKPLMCGK,DOM,18,1,RT,2026,2
CGKPLMCGK,DOM,18,2,RT,2025,1
CGKPLMCGK,DOM,18,18,RT,2025,1
CGKPLMCGK,DOM,18,25,RT,2025,2
CGKPLMCGK,DOM,19,1,RT,2026,8
CGKPLMCGK,DOM,19,2,RT,2025,2
CGKPLMCGK,DOM,19,3,RT,2026,1
CGKPLMCGK,DOM,19,6,RT,2026,1
CGKPLMCGK,DOM,19,7,RT,2026,2
CGKPLMCGK,DOM,19,10,RT,2026,1
CGKPLMCGK,DOM,19,12,RT,2025,1
CGKPLMCGK,DOM,19,25,RT,2026,2
CGKPLMCGK,DOM,19,40,RT,2025,5
CGKPLMCGK,DOM,20,3,RT,2026,5
CGKPLMCGK,DOM,20,4,RT,2026,1
CGKPLMCGK,DOM,20,10,RT,2025,6
CGKPLMCGK,DOM,20,40,RT,2025,12
CGKPLMCGK,DOM,21,1,RT,2026,5
CGKPLMCGK,DOM,21,2,RT,2025,1
CGKPLMCGK,DOM,21,2,RT,2026,2
CGKPLMCGK,DOM,21,3,RT,2026,3
CGKPLMCGK,DOM,21,6,RT,2025,2
CGKPLMCGK,DOM,21,8,RT,2026,2
CGKPLMCGK,DOM,21,12,RT,2026,4
CGKPLMCGK,DOM,21,14,RT,2026,1
CGKPLMCGK,DOM,22,2,RT,2025,1
CGKPLMCGK,DOM,22,2,RT,2026,7
CGKPLMCGK,DOM,22,3,RT,2025,6
CGKPLMCGK,DOM,22,4,RT,2026,4
CGKPLMCGK,DOM,22,5,RT,2026,2
CGKPLMCGK,DOM,22,6,RT,2025,1
CGKPLMCGK,DOM,22,6,RT,2026,3
CGKPLMCGK,DOM,22,7,RT,2026,2
CGKPLMCGK,DOM,22,8,RT,2026,2
CGKPLMCGK,DOM,22,10,RT,2026,1
CGKPLMCGK,DOM,22,18,RT,2026,3
CGKPLMCGK,DOM,22,40,RT,2025,4
CGKPLMCGK,DOM,22,40,RT,2026,2
CGKPLMCGK,DOM,23,1,RT,2025,6
CGKPLMCGK,DOM,23,2,RT,2025,3
CGKPLMCGK,DOM,23,3,RT,2025,3
CGKPLMCGK,DOM,23,4,RT,2025,3
CGKPLMCGK,DOM,23,5,RT,2025,2
CGKPLMCGK,DOM,23,5,RT,2026,3
CGKPLMCGK,DOM,23,6,RT,2025,1
CGKPLMCGK,DOM,23,7,RT,2026,1
CGKPLMCGK,DOM,23,8,RT,2025,6
CGKPLMCGK,DOM,23,14,RT,2025,1
CGKPLMCGK,DOM,23,14,RT,2026,1
CGKPLMCGK,DOM,24,1,RT,2025,1
CGKPLMCGK,DOM,24,2,RT,2025,6
CGKPLMCGK,DOM,24,2,RT,2026,3
CGKPLMCGK,DOM,24,3,RT,2025,7
CGKPLMCGK,DOM,24,4,RT,2025,4
CGKPLMCGK,DOM,24,4,RT,2026,3
CGKPLMCGK,DOM,24,8,RT,2025,2
CGKPLMCGK,DOM,24,10,RT,2025,2
CGKPLMCGK,DOM,24,12,RT,2026,2
CGKPLMCGK,DOM,24,14,RT,2025,8
CGKPLMCGK,DOM,24,25,RT,2026,1
CGKPLMCGK,DOM,24,40,RT,2025,2
CGKPLMCGK,DOM,25,1,RT,2026,4
CGKPLMCGK,DOM,25,2,RT,2025,2
CGKPLMCGK,DOM,25,3,RT,2026,4
CGKPLMCGK,DOM,25,4,RT,2025,3
CGKPLMCGK,DOM,25,4,RT,2026,4
CGKPLMCGK,DOM,25,5,RT,2026,5
CGKPLMCGK,DOM,25,10,RT,2025,1
CGKPLMCGK,DOM,25,10,RT,2026,1
CGKPLMCGK,DOM,25,14,RT,2026,2
CGKPLMCGK,DOM,25,18,RT,2025,2
CGKPLMCGK,DOM,25,18,RT,2026,6
CGKPLMCGK,DOM,25,25,RT,2025,5
CGKPLMCGK,DOM,25,40,RT,2025,3
CGKPLMCGK,DOM,26,2,RT,2026,2
CGKPLMCGK,DOM,26,3,RT,2026,5
CGKPLMCGK,DOM,26,7,RT,2026,5
CGKPLMCGK,DOM,26,12,RT,2025,1
CGKPLMCGK,DOM,26,18,RT,2026,9
CGKPLMCGK,DOM,26,25,RT,2026,1
CGKPLMCGK,DOM,27,1,RT,2026,3
CGKPLMCGK,DOM,27,2,RT,2025,6
CGKPLMCGK,DOM,27,5,RT,2025,3
CGKPLMCGK,DOM,27,6,RT,2026,2
CGKPLMCGK,DOM,27,7,RT,2026,6
CGKPLMCGK,DOM,27,25,RT,2025,5
CGKPLMCGK,DOM,27,40,RT,2026,5
CGKPLMCGK,DOM,28,1,RT,2025,1
CGKPLMCGK,DOM,28,4,RT,2025,2
CGKPLMCGK,DOM,28,4,RT,2026,6
CGKPLMCGK,DOM,28,5,RT,2025,5
CGKPLMCGK,DOM,28,12,RT,2025,4
CGKPLMCGK,DOM,28,18,RT,2025,1
CGKPLMCGK,DOM,28,40,RT,2025,4
CGKPLMCGK,DOM,29,1,RT,2025,3
CGKPLMCGK,DOM,29,1,RT,2026,1
CGKPLMCGK,DOM,29,2,RT,2025,3
CGKPLMCGK,DOM,29,4,RT,2026,1
CGKPLMCGK,DOM,29,5,RT,2025,5
CGKPLMCGK,DOM,29,6,RT,2025,11
CGKPLMCGK,DOM,29,6,RT,2026,1
CGKPLMCGK,DOM,29,7,RT,2025,4
CGKPLMCGK,DOM,29,12,RT,2026,1
CGKPLMCGK,DOM,29,14,RT,2025,2
CGKPLMCGK,DOM,29,14,RT,2026,1
CGKPLMCGK,DOM,29,18,RT,2026,3
CGKPLMCGK,DOM,30,2,RT,2025,1
CGKPLMCGK,DOM,30,3,RT,2026,3
CGKPLMCGK,DOM,30,4,RT,2025,1
CGKPLMCGK,DOM,30,4,RT,2026,6
CGKPLMCGK,DOM,30,5,RT,2025,1
CGKPLMCGK,DOM,30,5,RT,2026,2
CGKPLMCGK,DOM,30,12,RT,2026,7
CGKPLMCGK,DOM,30,14,RT,2025,4
CGKPLMCGK,DOM,30,18,RT,2025,1
CGKPLMCGK,DOM,30,18,RT,2026,2
CGKPLMCGK,DOM,30,25,RT,2025,1
CGKPLMCGK,DOM,32,1,RT,2025,1
CGKPLMCGK,DOM,32,1,RT,2026,1
CGKPLMCGK,DOM,32,4,RT,2025,6
CGKPLMCGK,DOM,34,40,RT,2025,1
CGKPLMCGK,DOM,36,2,RT,2025,2
CGKPLMCGK,DOM,36,7,RT,2026,3
CGKPLMCGK,DOM,36,18,RT,2025,6
CGKPLMCGK,DOM,37,1,RT,2025,3
CGKPLMCGK,DOM,38,8,RT,2025,1
CGKPLMCGK,DOM,39,25,RT,2026,1
CGKPLMCGK,DOM,40,1,RT,2026,4
CGKPLMCGK,DOM,40,18,RT,2025,5
CGKPLMCGK,DOM,40,18,RT,2026,2
CGKPLMCGK,DOM,40,25,RT,2025,1
CGKPLMCGK,DOM,41,4,RT,2026,3
CGKPLMCGK,DOM,41,5,RT,2025,5
CGKPLMCGK,DOM,41,8,RT,2025,3
CGKPLMCGK,DOM,42,10,RT,2026,4
CGKPLMCGK,DOM,42,18,RT,2025,1
CGKPLMCGK,DOM,42,18,RT,2026,3
CGKPLMCGK,DOM,42,25,RT,2025,4
CGKPLMCGK,DOM,43,1,RT,2026,1
CGKPLMCGK,DOM,43,14,RT,2026,2
CGKPLMCGK,DOM,44,2,RT,2026,1
CGKPLMCGK,DOM,44,18,RT,2026,2
CGKPLMCGK,DOM,45,12,RT,2026,1
CGKPLMCGK,DOM,46,2,RT,2025,1
CGKPLMCGK,DOM,46,12,RT,2025,1
CGKPLMCGK,DOM,46,40,RT,2025,5
CGKPLMCGK,DOM,47,2,RT,2025,5
CGKPLMCGK,DOM,47,3,RT,2025,4
CGKPLMCGK,DOM,47,3,RT,2026,1
CGKPLMCGK,DOM,47,14,RT,2026,3
CGKPLMCGK,DOM,47,18,RT,2026,4
CGKPLMCGK,DOM,48,2,RT,2026,6
CGKPLMCGK,DOM,48,5,RT,2025,1
CGKPLMCGK,DOM,49,3,RT,2025,2
CGKPLMCGK,DOM,50,3,RT,2026,3
CGKPLMCGK,DOM,50,4,RT,2026,2
CGKPLMCGK,DOM,50,8,RT,2025,5
CGKPLMCGK,DOM,50,25,RT,2025,2
CGKPLMCGK,DOM,51,4,RT,2025,1
CGKPLMCGK,DOM,51,6,RT,2026,2
CGKPLMCGK,DOM,51,12,RT,2025,5
CGKPLMCGK,DOM,52,12,RT,2026,1
CGKPLMCGK,DOM,53,2,RT,2025,6
CGKPLMCGK,DOM,53,2,RT,2026,1
CGKPLMCGK,DOM,53,3,RT,2026,1
CGKPLMCGK,DOM,53,5,RT,2025,1
CGKPLMCGK,DOM,53,40,RT,2026,4
CGKPLMCGK,DOM,54,3,RT,2025,1
CGKPLMCGK,DOM,54,6,RT,2025,6
CGKPLMCGK,DOM,54,25,RT,2026,2
CGKPLMCGK,DOM,56,3,RT,2025,2
CGKPLMCGK,DOM,57,2,RT,2025,1
CGKPLMCGK,DOM,57,2,RT,2026,2
CGKPLMCGK,DOM,57,4,RT,2025,1
CGKPLMCGK,DOM,57,40,RT,2025,1
CGKPLMCGK,DOM,58,6,RT,2025,4
CGKPLMCGK,DOM,59,14,RT,2026,1
CGKPLMCGK,DOM,59,18,RT,2026,1
CGKPLMCGK,DOM,59,25,RT,2025,2
CGKPLMCGK,DOM,60,5,RT,2025,1
CGKPLMCGK,DOM,60,10,RT,2026,5
CGKPLMCGK,DOM,60,14,RT,2025,2
CGKPLMCGK,DOM,60,18,RT,2025,2
CGKPLMCGK,DOM,61,1,RT,2026,3
CGKPLMCGK,DOM,61,2,RT,2025,1
CGKPLMCGK,DOM,61,7,RT,2026,1
CGKPLMCGK,DOM,62,1,RT,2026,3
CGKPLMCGK,DOM,62,2,RT,2026,1
CGKPLMCGK,DOM,62,3,RT,2026,1
CGKPLMCGK,DOM,62,5,RT,2026,3
CGKPLMCGK,DOM,62,7,RT,2026,2
CGKPLMCGK,DOM,62,25,RT,2025,1
CGKPLMCGK,DOM,63,3,RT,2026,4
CGKPLMCGK,DOM,63,5,RT,2026,1
CGKPLMCGK,DOM,63,7,RT,2025,1
CGKPLMCGK,DOM,63,10,RT,2026,4
CGKPLMCGK,DOM,64,3,RT,2026,2
CGKPLMCGK,DOM,65,3,RT,2026,3
CGKPLMCGK,DOM,65,7,RT,2025,2
CGKPLMCGK,DOM,65,8,RT,2026,3
CGKPLMCGK,DOM,65,14,RT,2025,4
CGKPLMCGK,DOM,65,18,RT,2025,6
CGKPLMCGK,DOM,66,3,RT,2025,6
CGKPLMCGK,DOM,66,10,RT,2025,1
CGKPLMCGK,DOM,67,1,RT,2026,1
CGKPLMCGK,DOM,67,2,RT,2026,4
CGKPLMCGK,DOM,67,25,RT,2026,1
CGKPLMCGK,DOM,68,2,RT,2026,6
CGKPLMCGK,DOM,68,4,RT,2025,5
CGKPLMCGK,DOM,68,18,RT,2025,3
CGKPLMCGK,DOM,68,40,RT,2025,6
CGKPLMCGK,DOM,69,3,RT,2025,6
CGKPLMCGK,DOM,69,8,RT,2026,3
CGKPLMCGK,DOM,70,1,RT,2025,4
CGKPLMCGK,DOM,70,10,RT,2026,1
CGKPLMCGK,DOM,70,18,RT,2026,1
CGKPLMCGK,DOM,70,40,RT,2025,2
CGKPLMCGK,DOM,72,1,RT,2026,1
CGKPLMCGK,DOM,72,4,RT,2025,2
CGKPLMCGK,DOM,72,25,RT,2025,1
CGKPLMCGK,DOM,72,40,RT,2025,1
CGKPLMCGK,DOM,73,3,RT,2025,1
CGKPLMCGK,DOM,73,3,RT,2026,2
CGKPLMCGK,DOM,73,4,RT,2026,1
CGKPLMCGK,DOM,74,2,RT,2025,3
CGKPLMCGK,DOM,75,10,RT,2025,2
CGKPLMCGK,DOM,76,7,RT,2026,1
CGKPLMCGK,DOM,76,10,RT,2026,1
CGKPLMCGK,DOM,76,12,RT,2025,3
CGKPLMCGK,DOM,77,10,RT,2025,1
CGKPLMCGK,DOM,77,12,RT,2025,6
CGKPLMCGK,DOM,78,14,RT,2025,1
CGKPLMCGK,DOM,79,14,RT,2025,1
CGKPLMCGK,DOM,80,18,RT,2026,2
CGKPLMCGK,DOM,80,25,RT,2026,1
CGKPLMCGK,DOM,80,40,RT,2025,1
CGKPLMCGK,DOM,81,2,RT,2026,1
CGKPLMCGK,DOM,81,8,RT,2026,1
CGKPLMCGK,DOM,81,14,RT,2025,3
CGKPLMCGK,DOM,81,18,RT,2026,5
CGKPLMCGK,DOM,82,1,RT,2025,1
CGKPLMCGK,DOM,82,3,RT,2026,3
CGKPLMCGK,DOM,83,2,RT,2025,2
CGKPLMCGK,DOM,83,2,RT,2026,2
CGKPLMCGK,DOM,83,7,RT,2025,4
CGKPLMCGK,DOM,83,10,RT,2026,2
CGKPLMCGK,DOM,85,1,RT,2026,3
CGKPLMCGK,DOM,85,2,RT,2025,2
CGKPLMCGK,DOM,85,4,RT,2026,2
CGKPLMCGK,DOM,85,14,RT,2025,1
CGKPLMCGK,DOM,86,1,RT,2025,2
CGKPLMCGK,DOM,86,7,RT,2026,2
CGKPLMCGK,DOM,86,14,RT,2025,1
CGKPLMCGK,DOM,86,18,RT,2026,2
CGKPLMCGK,DOM,87,3,RT,2025,1
CGKPLMCGK,DOM,87,18,RT,2025,2
CGKPLMCGK,DOM,88,1,RT,2025,4
CGKPLMCGK,DOM,88,10,RT,2026,1
CGKPLMCGK,DOM,88,40,RT,2025,1
CGKPLMCGK,DOM,89,6,RT,2025,4
CGKPLMCGK,DOM,90,10,RT,2025,1
CGKPLMCGK,DOM,91,1,RT,2025,3
CGKPLMCGK,DOM,91,6,RT,2025,5
CGKPLMCGK,DOM,92,4,RT,2026,2
CGKPLMCGK,DOM,96,8,RT,2025,1
CGKPLMCGK,DOM,96,10,RT,2025,4
CGKPLMCGK,DOM,98,18,RT,2025,2
CGKPLMCGK,DOM,100,12,RT,2026,2
CGKPLMCGK,DOM,103,8,RT,2025,4
CGKPLMCGK,DOM,107,40,RT,2025,1
CGKPLMCGK,DOM,112,1,RT,2026,3
CGKPLMCGK,DOM,114,3,RT,2025,2
CGKPLMCGK,DOM,118,3,RT,2025,1
CGKPLMCGK,DOM,119,2,RT,2026,3
CGKPLMCGK,DOM,122,2,RT,2026,3
CGKPLMCGK,DOM,124,2,RT,2026,3
CGKPLMCGK,DOM,124,8,RT,2026,1
CGKPLMCGK,DOM,125,6,RT,2025,1
CGKPLMCGK,DOM,125,18,RT,2026,5
CGKPLMCGK,DOM,128,3,RT,2025,1
CGKPLMCGK,DOM,131,10,RT,2025,3
CGKPLMCGK,DOM,133,3,RT,2025,4
CGKPLMCGK,DOM,135,2,RT,2025,3
CGKPLMCGK,DOM,135,40,RT,2025,1
CGKPLMCGK,DOM,136,5,RT,2026,5
CGKPLMCGK,DOM,142,18,RT,2025,2
CGKPLMCGK,DOM,143,10,RT,2025,3
CGKPLMCGK,DOM,148,1,RT,2026,2
CGKPLMCGK,DOM,151,6,RT,2025,4
CGKPLMCGK,DOM,152,7,RT,2025,4
CGKPLMCGK,DOM,153,40,RT,2025,2
CGKPLMCGK,DOM,155,10,RT,2026,5
CGKPLMCGK,DOM,159,1,RT,2025,2
CGKPLMCGK,DOM,159,25,RT,2025,3
CGKPLMCGK,DOM,162,12,RT,2025,6
CGKPLMCGK,DOM,166,3,RT,2025,4
CGKPLMCGK,DOM,168,40,RT,2025,1
CGKPLMCGK,DOM,169,8,RT,2025,1
CGKPLMCGK,DOM,170,4,RT,2026,2
CGKPLMCGK,DOM,170,40,RT,2025,6
CGKPLMCGK,DOM,171,25,RT,2025,2
CGKPLMCGK,DOM,171,25,RT,2026,3
CGKPLMCGK,DOM,172,10,RT,2025,1
CGKPLMCGK,DOM,173,14,RT,2025,6
CGKPLMCGK,DOM,175,25,RT,2026,1
CGKPLMCGK,DOM,176,2,RT,2025,2
CGKPLMCGK,DOM,177,4,RT,2025,4
CGKPLMCGK,DOM,177,6,RT,2025,1
CGKPLMCGK,DOM,179,1,RT,2025,3
CGKPLMCGK,DOM,183,5,RT,2025,2
CGKPLMCGK,DOM,188,7,RT,2025,1
CGKPLMCGK,DOM,192,1,RT,2025,3
CGKPLMCGK,DOM,192,40,RT,2026,3
CGKPLMCGK,DOM,198,2,RT,2025,2
CGKPLMCGK,DOM,199,2,RT,2026,5
CGKPLMCGK,DOM,203,1,RT,2026,2
CGKPLMCGK,DOM,203,10,RT,2025,4
CGKPLMCGK,DOM,204,12,RT,2026,1
CGKPLMCGK,DOM,209,6,RT,2025,5
CGKPLMCGK,DOM,211,1,RT,2025,4
CGKPLMCGK,DOM,212,3,RT,2025,3
CGKPLMCGK,DOM,213,2,RT,2025,1
CGKPLMCGK,DOM,214,40,RT,2026,2
CGKPLMCGK,DOM,216,1,RT,2025,5
CGKPLMCGK,DOM,216,4,RT,2026,2
CGKPLMCGK,DOM,216,5,RT,2025,3
CGKPNK,DOM,0,0,OW,2025,13
CGKPNK,DOM,0,0,OW,2026,7
CGKPNK,DOM,1,0,OW,2025,22
CGKPNK,DOM,1,0,OW,2026,20
CGKPNK,DOM,2,0,OW,2025,14
CGKPNK,DOM,2,0,OW,2026,4
CGKPNK,DOM,3,0,OW,2025,7
CGKPNK,DOM,3,0,OW,2026,15
CGKPNK,DOM,4,0,OW,2025,11
CGKPNK,DOM,4,0,OW,2026,30
CGKPNK,DOM,5,0,OW,2025,23
CGKPNK,DOM,5,0,OW,2026,3
CGKPNK,DOM,6,0,OW,2025,22
CGKPNK,DOM,6,0,OW,2026,10
CGKPNK,DOM,7,0,OW,2025,19
CGKPNK,DOM,7,0,OW,2026,12
CGKPNK,DOM,8,0,OW,2025,7
CGKPNK,DOM,8,0,OW,2026,4
CGKPNK,DOM,9,0,OW,2025,3
CGKPNK,DOM,9,0,OW,2026,13
CGKPNK,DOM,10,0,OW,2025,9
CGKPNK,DOM,10,0,OW,2026,7
CGKPNK,DOM,11,0,OW,2025,8
CGKPNK,DOM,11,0,OW,2026,17
CGKPNK,DOM,12,0,OW,2025,5
CGKPNK,DOM,12,0,OW,2026,17
CGKPNK,DOM,13,0,OW,2025,16
CGKPNK,DOM,13,0,OW,2026,3
CGKPNK,DOM,14,0,OW,2025,12
CGKPNK,DOM,14,0,OW,2026,8
CGKPNK,DOM,15,0,OW,2025,9
CGKPNK,DOM,15,0,OW,2026,5
CGKPNK,DOM,16,0,OW,2025,7
CGKPNK,DOM,16,0,OW,2026,10
CGKPNK,DOM,17,0,OW,2025,1
CGKPNK,DOM,17,0,OW,2026,5
CGKPNK,DOM,18,0,OW,2025,1
CGKPNK,DOM,18,0,OW,2026,3
CGKPNK,DOM,19,0,OW,2025,6
CGKPNK,DOM,19,0,OW,2026,7
CGKPNK,DOM,20,0,OW,2025,13
CGKPNK,DOM,20,0,OW,2026,9
CGKPNK,DOM,21,0,OW,2025,1
CGKPNK,DOM,21,0,OW,2026,8
CGKPNK,DOM,22,0,OW,2025,5
CGKPNK,DOM,22,0,OW,2026,1
CGKPNK,DOM,23,0,OW,2025,5
CGKPNK,DOM,24,0,OW,2025,9
CGKPNK,DOM,24,0,OW,2026,5
CGKPNK,DOM,25,0,OW,2025,12
CGKPNK,DOM,26,0,OW,2025,11
CGKPNK,DOM,26,0,OW,2026,5
CGKPNK,DOM,27,0,OW,2025,11
CGKPNK,DOM,27,0,OW,2026,8
CGKPNK,DOM,28,0,OW,2025,11
CGKPNK,DOM,28,0,OW,2026,10
CGKPNK,DOM,29,0,OW,2025,12
CGKPNK,DOM,29,0,OW,2026,4
CGKPNK,DOM,30,0,OW,2025,27
CGKPNK,DOM,30,0,OW,2026,12
CGKPNK,DOM,32,0,OW,2025,2
CGKPNK,DOM,32,0,OW,2026,1
CGKPNK,DOM,33,0,OW,2026,4
CGKPNK,DOM,34,0,OW,2025,1
CGKPNK,DOM,34,0,OW,2026,3
CGKPNK,DOM,35,0,OW,2025,2
CGKPNK,DOM,35,0,OW,2026,1
CGKPNK,DOM,36,0,OW,2025,5
CGKPNK,DOM,37,0,OW,2025,1
CGKPNK,DOM,37,0,OW,2026,3
CGKPNK,DOM,39,0,OW,2026,4
CGKPNK,DOM,40,0,OW,2026,7
CGKPNK,DOM,41,0,OW,2025,3
CGKPNK,DOM,42,0,OW,2026,9
CGKPNK,DOM,43,0,OW,2025,3
CGKPNK,DOM,44,0,OW,2025,2
CGKPNK,DOM,44,0,OW,2026,5
CGKPNK,DOM,46,0,OW,2026,3
CGKPNK,DOM,47,0,OW,2026,4
CGKPNK,DOM,48,0,OW,2025,3
CGKPNK,DOM,48,0,OW,2026,7
CGKPNK,DOM,49,0,OW,2025,1
CGKPNK,DOM,49,0,OW,2026,2
CGKPNK,DOM,50,0,OW,2026,5
CGKPNK,DOM,51,0,OW,2025,3
CGKPNK,DOM,52,0,OW,2025,4
CGKPNK,DOM,52,0,OW,2026,2
CGKPNK,DOM,53,0,OW,2025,4
CGKPNK,DOM,53,0,OW,2026,1
CGKPNK,DOM,54,0,OW,2025,7
CGKPNK,DOM,55,0,OW,2025,1
CGKPNK,DOM,55,0,OW,2026,1
CGKPNK,DOM,57,0,OW,2025,3
CGKPNK,DOM,58,0,OW,2025,4
CGKPNK,DOM,60,0,OW,2025,2
CGKPNK,DOM,61,0,OW,2025,5
CGKPNK,DOM,61,0,OW,2026,3
CGKPNK,DOM,62,0,OW,2025,1
CGKPNK,DOM,64,0,OW,2026,2
CGKPNK,DOM,66,0,OW,2026,2
CGKPNK,DOM,68,0,OW,2026,3
CGKPNK,DOM,69,0,OW,2026,3
CGKPNK,DOM,70,0,OW,2026,2
CGKPNK,DOM,71,0,OW,2025,4
CGKPNK,DOM,71,0,OW,2026,1
CGKPNK,DOM,72,0,OW,2025,1
CGKPNK,DOM,72,0,OW,2026,6
CGKPNK,DOM,73,0,OW,2025,2
CGKPNK,DOM,74,0,OW,2025,7
CGKPNK,DOM,74,0,OW,2026,2
CGKPNK,DOM,76,0,OW,2025,7
CGKPNK,DOM,77,0,OW,2025,1
CGKPNK,DOM,78,0,OW,2026,3
CGKPNK,DOM,79,0,OW,2026,3
CGKPNK,DOM,80,0,OW,2025,11
CGKPNK,DOM,81,0,OW,2025,6
CGKPNK,DOM,81,0,OW,2026,6
CGKPNK,DOM,82,0,OW,2025,8
CGKPNK,DOM,82,0,OW,2026,6
CGKPNK,DOM,83,0,OW,2025,1
CGKPNK,DOM,83,0,OW,2026,3
CGKPNK,DOM,84,0,OW,2025,1
CGKPNK,DOM,85,0,OW,2025,2
CGKPNK,DOM,86,0,OW,2025,3
CGKPNK,DOM,87,0,OW,2025,1
CGKPNK,DOM,88,0,OW,2025,7
CGKPNK,DOM,89,0,OW,2025,3
CGKPNK,DOM,89,0,OW,2026,3
CGKPNK,DOM,90,0,OW,2025,3
CGKPNK,DOM,92,0,OW,2025,6
CGKPNK,DOM,94,0,OW,2025,3
CGKPNK,DOM,98,0,OW,2026,6
CGKPNK,DOM,100,0,OW,2026,2
CGKPNK,DOM,101,0,OW,2025,1
CGKPNK,DOM,104,0,OW,2025,3
CGKPNK,DOM,125,0,OW,2025,1
CGKPNK,DOM,125,0,OW,2026,5
CGKPNK,DOM,136,0,OW,2026,2
CGKPNK,DOM,139,0,OW,2025,1
CGKPNK,DOM,140,0,OW,2025,6
CGKPNK,DOM,141,0,OW,2026,1
CGKPNK,DOM,147,0,OW,2025,3
CGKPNK,DOM,148,0,OW,2025,2
CGKPNK,DOM,151,0,OW,2025,4
CGKPNK,DOM,160,0,OW,2026,7
CGKPNK,DOM,161,0,OW,2025,2
CGKPNK,DOM,164,0,OW,2025,2
CGKPNK,DOM,165,0,OW,2026,3
CGKPNK,DOM,167,0,OW,2026,1
CGKPNK,DOM,173,0,OW,2025,2
CGKPNK,DOM,175,0,OW,2025,1
CGKPNK,DOM,178,0,OW,2026,6
CGKPNK,DOM,179,0,OW,2025,4
CGKPNK,DOM,181,0,OW,2025,2
CGKPNK,DOM,183,0,OW,2025,2
CGKPNK,DOM,184,0,OW,2025,1
CGKPNK,DOM,188,0,OW,2026,6
CGKPNK,DOM,189,0,OW,2025,1
CGKPNK,DOM,194,0,OW,2026,4
CGKPNK,DOM,200,0,OW,2025,4
CGKPNK,DOM,205,0,OW,2026,2
CGKPNK,DOM,206,0,OW,2025,2
CGKPNK,DOM,207,0,OW,2025,5
CGKPNK,DOM,209,0,OW,2025,1
CGKPNK,DOM,211,0,OW,2026,1
CGKPNK,DOM,212,0,OW,2025,2
CGKPNK,DOM,219,0,OW,2025,2
CGKPNKCGK,DOM,0,1,RT,2026,2
CGKPNKCGK,DOM,0,2,RT,2025,8
CGKPNKCGK,DOM,0,2,RT,2026,7
CGKPNKCGK,DOM,0,3,RT,2026,2
CGKPNKCGK,DOM,0,4,RT,2026,1
CGKPNKCGK,DOM,0,6,RT,2026,1
CGKPNKCGK,DOM,0,7,RT,2025,8
CGKPNKCGK,DOM,0,7,RT,2026,6
CGKPNKCGK,DOM,0,10,RT,2026,3
CGKPNKCGK,DOM,0,12,RT,2025,2
CGKPNKCGK,DOM,0,12,RT,2026,2
CGKPNKCGK,DOM,1,2,RT,2025,2
CGKPNKCGK,DOM,1,2,RT,2026,9
CGKPNKCGK,DOM,1,3,RT,2025,3
CGKPNKCGK,DOM,1,3,RT,2026,7
CGKPNKCGK,DOM,1,12,RT,2026,6
CGKPNKCGK,DOM,1,14,RT,2025,5
CGKPNKCGK,DOM,1,14,RT,2026,3
CGKPNKCGK,DOM,2,2,RT,2026,2
CGKPNKCGK,DOM,2,3,RT,2025,5
CGKPNKCGK,DOM,2,3,RT,2026,4
CGKPNKCGK,DOM,2,4,RT,2025,9
CGKPNKCGK,DOM,2,5,RT,2026,3
CGKPNKCGK,DOM,2,12,RT,2025,1
CGKPNKCGK,DOM,2,12,RT,2026,1
CGKPNKCGK,DOM,2,14,RT,2026,1
CGKPNKCGK,DOM,2,25,RT,2026,1
CGKPNKCGK,DOM,2,40,RT,2026,2
CGKPNKCGK,DOM,3,1,RT,2025,1
CGKPNKCGK,DOM,3,1,RT,2026,1
CGKPNKCGK,DOM,3,2,RT,2025,2
CGKPNKCGK,DOM,3,2,RT,2026,15
CGKPNKCGK,DOM,3,3,RT,2026,6
CGKPNKCGK,DOM,3,5,RT,2025,5
CGKPNKCGK,DOM,3,7,RT,2025,6
CGKPNKCGK,DOM,3,7,RT,2026,2
CGKPNKCGK,DOM,3,8,RT,2026,2
CGKPNKCGK,DOM,3,10,RT,2025,5
CGKPNKCGK,DOM,3,10,RT,2026,3
CGKPNKCGK,DOM,3,12,RT,2025,2
CGKPNKCGK,DOM,3,25,RT,2025,5
CGKPNKCGK,DOM,3,25,RT,2026,5
CGKPNKCGK,DOM,3,40,RT,2025,2
CGKPNKCGK,DOM,4,1,RT,2025,2
CGKPNKCGK,DOM,4,1,RT,2026,1
CGKPNKCGK,DOM,4,2,RT,2025,2
CGKPNKCGK,DOM,4,2,RT,2026,3
CGKPNKCGK,DOM,4,3,RT,2025,2
CGKPNKCGK,DOM,4,3,RT,2026,5
CGKPNKCGK,DOM,4,8,RT,2025,2
CGKPNKCGK,DOM,4,8,RT,2026,2
CGKPNKCGK,DOM,4,12,RT,2026,2
CGKPNKCGK,DOM,4,14,RT,2025,1
CGKPNKCGK,DOM,4,25,RT,2025,1
CGKPNKCGK,DOM,4,40,RT,2025,1
CGKPNKCGK,DOM,5,1,RT,2026,2
CGKPNKCGK,DOM,5,2,RT,2026,1
CGKPNKCGK,DOM,5,3,RT,2025,4
CGKPNKCGK,DOM,5,3,RT,2026,4
CGKPNKCGK,DOM,5,4,RT,2025,6
CGKPNKCGK,DOM,5,4,RT,2026,5
CGKPNKCGK,DOM,5,5,RT,2025,1
CGKPNKCGK,DOM,5,6,RT,2025,2
CGKPNKCGK,DOM,5,6,RT,2026,10
CGKPNKCGK,DOM,5,7,RT,2025,3
CGKPNKCGK,DOM,5,7,RT,2026,1
CGKPNKCGK,DOM,5,8,RT,2026,6
CGKPNKCGK,DOM,5,12,RT,2026,6
CGKPNKCGK,DOM,5,14,RT,2025,1
CGKPNKCGK,DOM,5,18,RT,2025,2
CGKPNKCGK,DOM,5,25,RT,2025,2
CGKPNKCGK,DOM,5,40,RT,2025,2
CGKPNKCGK,DOM,6,1,RT,2025,4
CGKPNKCGK,DOM,6,1,RT,2026,2
CGKPNKCGK,DOM,6,2,RT,2025,5
CGKPNKCGK,DOM,6,3,RT,2026,3
CGKPNKCGK,DOM,6,5,RT,2026,4
CGKPNKCGK,DOM,6,6,RT,2025,2
CGKPNKCGK,DOM,6,7,RT,2025,6
CGKPNKCGK,DOM,6,8,RT,2025,2
CGKPNKCGK,DOM,6,12,RT,2025,13
CGKPNKCGK,DOM,6,14,RT,2025,1
CGKPNKCGK,DOM,6,14,RT,2026,1
CGKPNKCGK,DOM,6,18,RT,2026,5
CGKPNKCGK,DOM,6,40,RT,2026,1
CGKPNKCGK,DOM,7,1,RT,2025,5
CGKPNKCGK,DOM,7,1,RT,2026,4
CGKPNKCGK,DOM,7,2,RT,2025,5
CGKPNKCGK,DOM,7,2,RT,2026,2
CGKPNKCGK,DOM,7,6,RT,2026,4
CGKPNKCGK,DOM,7,10,RT,2025,4
CGKPNKCGK,DOM,7,10,RT,2026,5
CGKPNKCGK,DOM,7,12,RT,2025,1
CGKPNKCGK,DOM,7,14,RT,2025,3
CGKPNKCGK,DOM,7,18,RT,2025,7
CGKPNKCGK,DOM,8,2,RT,2026,1
CGKPNKCGK,DOM,8,3,RT,2026,1
CGKPNKCGK,DOM,8,4,RT,2025,1
CGKPNKCGK,DOM,8,6,RT,2025,2
CGKPNKCGK,DOM,8,7,RT,2025,1
CGKPNKCGK,DOM,8,8,RT,2025,4
CGKPNKCGK,DOM,8,10,RT,2026,5
CGKPNKCGK,DOM,8,25,RT,2026,3
CGKPNKCGK,DOM,9,1,RT,2025,1
CGKPNKCGK,DOM,9,3,RT,2025,5
CGKPNKCGK,DOM,9,7,RT,2025,1
CGKPNKCGK,DOM,9,10,RT,2025,2
CGKPNKCGK,DOM,9,14,RT,2025,2
CGKPNKCGK,DOM,9,25,RT,2025,1
CGKPNKCGK,DOM,10,1,RT,2025,1
CGKPNKCGK,DOM,10,1,RT,2026,2
CGKPNKCGK,DOM,10,3,RT,2025,3
CGKPNKCGK,DOM,10,3,RT,2026,2
CGKPNKCGK,DOM,10,6,RT,2025,1
CGKPNKCGK,DOM,10,6,RT,2026,2
CGKPNKCGK,DOM,10,7,RT,2026,6
CGKPNKCGK,DOM,10,8,RT,2025,1
CGKPNKCGK,DOM,10,18,RT,2025,3
CGKPNKCGK,DOM,11,3,RT,2025,3
CGKPNKCGK,DOM,11,3,RT,2026,3
CGKPNKCGK,DOM,11,5,RT,2025,6
CGKPNKCGK,DOM,11,6,RT,2025,2
CGKPNKCGK,DOM,11,6,RT,2026,9
CGKPNKCGK,DOM,11,10,RT,2025,9
CGKPNKCGK,DOM,11,12,RT,2026,2
CGKPNKCGK,DOM,11,18,RT,2025,1
CGKPNKCGK,DOM,11,25,RT,2026,1
CGKPNKCGK,DOM,11,40,RT,2025,6
CGKPNKCGK,DOM,12,1,RT,2026,2
CGKPNKCGK,DOM,12,2,RT,2025,6
CGKPNKCGK,DOM,12,2,RT,2026,6
CGKPNKCGK,DOM,12,3,RT,2026,2
CGKPNKCGK,DOM,12,7,RT,2026,1
CGKPNKCGK,DOM,12,10,RT,2026,2
CGKPNKCGK,DOM,12,14,RT,2026,4
CGKPNKCGK,DOM,13,2,RT,2026,6
CGKPNKCGK,DOM,13,3,RT,2025,1
CGKPNKCGK,DOM,13,3,RT,2026,1
CGKPNKCGK,DOM,13,4,RT,2025,2
CGKPNKCGK,DOM,13,4,RT,2026,2
CGKPNKCGK,DOM,13,12,RT,2025,5
CGKPNKCGK,DOM,13,14,RT,2026,1
CGKPNKCGK,DOM,13,25,RT,2025,4
CGKPNKCGK,DOM,14,1,RT,2025,3
CGKPNKCGK,DOM,14,1,RT,2026,2
CGKPNKCGK,DOM,14,3,RT,2025,2
CGKPNKCGK,DOM,14,4,RT,2025,2
CGKPNKCGK,DOM,14,4,RT,2026,5
CGKPNKCGK,DOM,14,6,RT,2025,5
CGKPNKCGK,DOM,14,8,RT,2025,1
CGKPNKCGK,DOM,14,8,RT,2026,6
CGKPNKCGK,DOM,14,12,RT,2026,1
CGKPNKCGK,DOM,14,40,RT,2025,2
CGKPNKCGK,DOM,14,40,RT,2026,2
CGKPNKCGK,DOM,15,1,RT,2025,2
CGKPNKCGK,DOM,15,1,RT,2026,4
CGKPNKCGK,DOM,15,3,RT,2025,4
CGKPNKCGK,DOM,15,4,RT,2026,2
CGKPNKCGK,DOM,15,10,RT,2025,3
CGKPNKCGK,DOM,15,18,RT,2026,2
CGKPNKCGK,DOM,15,40,RT,2025,3
CGKPNKCGK,DOM,15,40,RT,2026,4
CGKPNKCGK,DOM,16,1,RT,2026,6
CGKPNKCGK,DOM,16,2,RT,2025,1
CGKPNKCGK,DOM,16,3,RT,2026,12
CGKPNKCGK,DOM,16,4,RT,2025,4
CGKPNKCGK,DOM,16,4,RT,2026,2
CGKPNKCGK,DOM,16,5,RT,2026,2
CGKPNKCGK,DOM,16,7,RT,2025,2
CGKPNKCGK,DOM,16,10,RT,2026,3
CGKPNKCGK,DOM,16,12,RT,2026,1
CGKPNKCGK,DOM,16,18,RT,2025,3
CGKPNKCGK,DOM,16,25,RT,2025,5
CGKPNKCGK,DOM,17,1,RT,2026,1
CGKPNKCGK,DOM,17,6,RT,2025,6
CGKPNKCGK,DOM,17,8,RT,2026,4
CGKPNKCGK,DOM,17,14,RT,2025,1
CGKPNKCGK,DOM,17,14,RT,2026,1
CGKPNKCGK,DOM,17,18,RT,2026,1
CGKPNKCGK,DOM,17,25,RT,2026,3
CGKPNKCGK,DOM,18,2,RT,2025,3
CGKPNKCGK,DOM,18,3,RT,2026,4
CGKPNKCGK,DOM,18,4,RT,2025,4
CGKPNKCGK,DOM,18,4,RT,2026,2
CGKPNKCGK,DOM,18,7,RT,2026,1
CGKPNKCGK,DOM,18,8,RT,2026,2
CGKPNKCGK,DOM,18,10,RT,2026,2
CGKPNKCGK,DOM,18,12,RT,2025,9
CGKPNKCGK,DOM,18,14,RT,2026,1
CGKPNKCGK,DOM,18,18,RT,2025,2
CGKPNKCGK,DOM,18,40,RT,2026,3
CGKPNKCGK,DOM,19,1,RT,2025,6
CGKPNKCGK,DOM,19,2,RT,2025,2
CGKPNKCGK,DOM,19,3,RT,2026,1
CGKPNKCGK,DOM,19,4,RT,2025,2
CGKPNKCGK,DOM,19,4,RT,2026,6
CGKPNKCGK,DOM,19,6,RT,2026,6
CGKPNKCGK,DOM,19,7,RT,2025,2
CGKPNKCGK,DOM,19,8,RT,2025,6
CGKPNKCGK,DOM,19,8,RT,2026,1
CGKPNKCGK,DOM,19,10,RT,2026,5
CGKPNKCGK,DOM,19,25,RT,2025,2
CGKPNKCGK,DOM,19,40,RT,2025,1
CGKPNKCGK,DOM,20,3,RT,2026,1
CGKPNKCGK,DOM,20,5,RT,2025,3
CGKPNKCGK,DOM,20,7,RT,2025,6
CGKPNKCGK,DOM,20,8,RT,2026,5
CGKPNKCGK,DOM,20,10,RT,2025,8
CGKPNKCGK,DOM,20,18,RT,2025,3
CGKPNKCGK,DOM,20,25,RT,2026,1
CGKPNKCGK,DOM,21,1,RT,2026,3
CGKPNKCGK,DOM,21,2,RT,2025,5
CGKPNKCGK,DOM,21,3,RT,2025,1
CGKPNKCGK,DOM,21,4,RT,2025,2
CGKPNKCGK,DOM,21,6,RT,2025,2
CGKPNKCGK,DOM,21,6,RT,2026,2
CGKPNKCGK,DOM,21,10,RT,2026,1
CGKPNKCGK,DOM,21,25,RT,2026,3
CGKPNKCGK,DOM,21,40,RT,2025,1
CGKPNKCGK,DOM,22,1,RT,2026,8
CGKPNKCGK,DOM,22,6,RT,2026,4
CGKPNKCGK,DOM,22,7,RT,2026,1
CGKPNKCGK,DOM,22,14,RT,2026,2
CGKPNKCGK,DOM,22,40,RT,2026,1
CGKPNKCGK,DOM,23,1,RT,2026,4
CGKPNKCGK,DOM,23,2,RT,2025,2
CGKPNKCGK,DOM,23,2,RT,2026,1
CGKPNKCGK,DOM,23,5,RT,2026,1
CGKPNKCGK,DOM,23,8,RT,2026,1
CGKPNKCGK,DOM,23,10,RT,2025,2
CGKPNKCGK,DOM,23,12,RT,2026,4
CGKPNKCGK,DOM,24,2,RT,2026,6
CGKPNKCGK,DOM,24,3,RT,2026,2
CGKPNKCGK,DOM,24,6,RT,2026,1
CGKPNKCGK,DOM,24,7,RT,2026,1
CGKPNKCGK,DOM,24,10,RT,2026,1
CGKPNKCGK,DOM,24,14,RT,2025,1
CGKPNKCGK,DOM,24,18,RT,2025,2
CGKPNKCGK,DOM,25,1,RT,2025,2
CGKPNKCGK,DOM,25,10,RT,2025,2
CGKPNKCGK,DOM,25,10,RT,2026,2
CGKPNKCGK,DOM,25,12,RT,2026,1
CGKPNKCGK,DOM,25,25,RT,2025,2
CGKPNKCGK,DOM,25,25,RT,2026,3
CGKPNKCGK,DOM,25,40,RT,2025,1
CGKPNKCGK,DOM,25,40,RT,2026,6
CGKPNKCGK,DOM,26,1,RT,2025,4
CGKPNKCGK,DOM,26,1,RT,2026,2
CGKPNKCGK,DOM,26,2,RT,2025,2
CGKPNKCGK,DOM,26,2,RT,2026,1
CGKPNKCGK,DOM,26,4,RT,2025,2
CGKPNKCGK,DOM,26,10,RT,2025,1
CGKPNKCGK,DOM,26,12,RT,2025,12
CGKPNKCGK,DOM,26,14,RT,2025,1
CGKPNKCGK,DOM,27,6,RT,2025,1
CGKPNKCGK,DOM,27,8,RT,2025,4
CGKPNKCGK,DOM,27,18,RT,2025,4
CGKPNKCGK,DOM,27,25,RT,2026,3
CGKPNKCGK,DOM,28,3,RT,2025,1
CGKPNKCGK,DOM,28,3,RT,2026,2
CGKPNKCGK,DOM,28,5,RT,2025,1
CGKPNKCGK,DOM,28,7,RT,2026,1
CGKPNKCGK,DOM,28,10,RT,2026,4
CGKPNKCGK,DOM,28,14,RT,2025,1
CGKPNKCGK,DOM,28,18,RT,2025,1
CGKPNKCGK,DOM,28,40,RT,2025,3
CGKPNKCGK,DOM,29,4,RT,2026,1
CGKPNKCGK,DOM,29,5,RT,2025,4
CGKPNKCGK,DOM,29,8,RT,2026,1
CGKPNKCGK,DOM,29,14,RT,2026,1
CGKPNKCGK,DOM,29,40,RT,2025,2
CGKPNKCGK,DOM,29,40,RT,2026,1
CGKPNKCGK,DOM,30,1,RT,2025,3
CGKPNKCGK,DOM,30,1,RT,2026,6
CGKPNKCGK,DOM,30,5,RT,2026,7
CGKPNKCGK,DOM,30,6,RT,2026,2
CGKPNKCGK,DOM,30,7,RT,2025,6
CGKPNKCGK,DOM,30,10,RT,2025,1
CGKPNKCGK,DOM,31,1,RT,2026,1
CGKPNKCGK,DOM,31,5,RT,2026,2
CGKPNKCGK,DOM,31,6,RT,2026,3
CGKPNKCGK,DOM,31,8,RT,2025,1
CGKPNKCGK,DOM,32,2,RT,2025,6
CGKPNKCGK,DOM,32,2,RT,2026,6
CGKPNKCGK,DOM,32,3,RT,2026,1
CGKPNKCGK,DOM,33,12,RT,2026,2
CGKPNKCGK,DOM,34,1,RT,2026,1
CGKPNKCGK,DOM,34,2,RT,2026,4
CGKPNKCGK,DOM,34,3,RT,2025,3
CGKPNKCGK,DOM,37,40,RT,2025,2
CGKPNKCGK,DOM,38,2,RT,2026,2
CGKPNKCGK,DOM,38,4,RT,2025,1
CGKPNKCGK,DOM,38,5,RT,2026,5
CGKPNKCGK,DOM,38,10,RT,2025,2
CGKPNKCGK,DOM,39,6,RT,2025,2
CGKPNKCGK,DOM,40,1,RT,2025,4
CGKPNKCGK,DOM,40,10,RT,2026,3
CGKPNKCGK,DOM,41,1,RT,2025,1
CGKPNKCGK,DOM,42,3,RT,2025,2
CGKPNKCGK,DOM,42,8,RT,2025,1
CGKPNKCGK,DOM,42,18,RT,2026,6
CGKPNKCGK,DOM,42,40,RT,2025,2
CGKPNKCGK,DOM,43,1,RT,2026,3
CGKPNKCGK,DOM,43,3,RT,2025,2
CGKPNKCGK,DOM,43,8,RT,2025,3
CGKPNKCGK,DOM,43,18,RT,2025,3
CGKPNKCGK,DOM,44,3,RT,2025,2
CGKPNKCGK,DOM,44,6,RT,2025,1
CGKPNKCGK,DOM,44,8,RT,2026,2
CGKPNKCGK,DOM,44,18,RT,2025,2
CGKPNKCGK,DOM,44,18,RT,2026,1
CGKPNKCGK,DOM,45,5,RT,2025,1
CGKPNKCGK,DOM,45,5,RT,2026,2
CGKPNKCGK,DOM,45,14,RT,2025,1
CGKPNKCGK,DOM,45,40,RT,2026,1
CGKPNKCGK,DOM,46,4,RT,2026,1
CGKPNKCGK,DOM,46,12,RT,2025,2
CGKPNKCGK,DOM,47,3,RT,2026,1
CGKPNKCGK,DOM,47,8,RT,2026,2
CGKPNKCGK,DOM,48,5,RT,2025,2
CGKPNKCGK,DOM,48,18,RT,2026,2
CGKPNKCGK,DOM,49,2,RT,2025,1
CGKPNKCGK,DOM,50,1,RT,2025,1
CGKPNKCGK,DOM,50,6,RT,2026,1
CGKPNKCGK,DOM,50,10,RT,2026,1
CGKPNKCGK,DOM,52,10,RT,2025,2
CGKPNKCGK,DOM,55,1,RT,2026,1
CGKPNKCGK,DOM,55,3,RT,2025,3
CGKPNKCGK,DOM,55,18,RT,2025,2
CGKPNKCGK,DOM,56,4,RT,2025,4
CGKPNKCGK,DOM,59,3,RT,2026,4
CGKPNKCGK,DOM,60,2,RT,2026,2
CGKPNKCGK,DOM,60,40,RT,2025,1
CGKPNKCGK,DOM,62,1,RT,2025,3
CGKPNKCGK,DOM,62,8,RT,2026,6
CGKPNKCGK,DOM,63,1,RT,2026,2
CGKPNKCGK,DOM,63,8,RT,2025,1
CGKPNKCGK,DOM,64,3,RT,2025,4
CGKPNKCGK,DOM,66,1,RT,2026,2
CGKPNKCGK,DOM,66,2,RT,2025,3
CGKPNKCGK,DOM,67,1,RT,2025,3
CGKPNKCGK,DOM,67,2,RT,2025,3
CGKPNKCGK,DOM,67,6,RT,2026,4
CGKPNKCGK,DOM,68,2,RT,2025,1
CGKPNKCGK,DOM,68,3,RT,2025,6
CGKPNKCGK,DOM,68,25,RT,2025,4
CGKPNKCGK,DOM,69,8,RT,2025,1
CGKPNKCGK,DOM,70,3,RT,2026,4
CGKPNKCGK,DOM,71,2,RT,2025,3
CGKPNKCGK,DOM,72,1,RT,2025,4
CGKPNKCGK,DOM,72,1,RT,2026,1
CGKPNKCGK,DOM,72,3,RT,2025,1
CGKPNKCGK,DOM,72,18,RT,2025,1
CGKPNKCGK,DOM,73,10,RT,2025,1
CGKPNKCGK,DOM,73,25,RT,2026,3
CGKPNKCGK,DOM,74,10,RT,2026,1
CGKPNKCGK,DOM,74,12,RT,2026,1
CGKPNKCGK,DOM,75,1,RT,2026,2
CGKPNKCGK,DOM,75,25,RT,2026,2
CGKPNKCGK,DOM,76,3,RT,2025,6
CGKPNKCGK,DOM,76,10,RT,2026,2
CGKPNKCGK,DOM,77,8,RT,2025,1
CGKPNKCGK,DOM,77,12,RT,2026,3
CGKPNKCGK,DOM,78,4,RT,2026,1
CGKPNKCGK,DOM,79,1,RT,2026,2
CGKPNKCGK,DOM,79,2,RT,2026,1
CGKPNKCGK,DOM,79,3,RT,2026,1
CGKPNKCGK,DOM,80,3,RT,2025,1
CGKPNKCGK,DOM,80,4,RT,2025,3
CGKPNKCGK,DOM,80,14,RT,2025,4
CGKPNKCGK,DOM,82,6,RT,2026,1
CGKPNKCGK,DOM,82,7,RT,2026,1
CGKPNKCGK,DOM,82,8,RT,2026,1
CGKPNKCGK,DOM,82,12,RT,2026,3
CGKPNKCGK,DOM,83,5,RT,2026,1
CGKPNKCGK,DOM,84,7,RT,2025,1
CGKPNKCGK,DOM,84,8,RT,2025,2
CGKPNKCGK,DOM,85,5,RT,2025,3
CGKPNKCGK,DOM,85,6,RT,2026,2
CGKPNKCGK,DOM,85,8,RT,2025,2
CGKPNKCGK,DOM,85,18,RT,2025,6
CGKPNKCGK,DOM,86,3,RT,2026,2
CGKPNKCGK,DOM,86,10,RT,2025,1
CGKPNKCGK,DOM,87,2,RT,2026,1
CGKPNKCGK,DOM,87,10,RT,2026,3
CGKPNKCGK,DOM,88,10,RT,2025,6
CGKPNKCGK,DOM,89,10,RT,2025,1
CGKPNKCGK,DOM,89,12,RT,2026,2
CGKPNKCGK,DOM,90,4,RT,2026,1
CGKPNKCGK,DOM,90,8,RT,2026,1
CGKPNKCGK,DOM,91,5,RT,2025,1
CGKPNKCGK,DOM,91,6,RT,2025,3
CGKPNKCGK,DOM,97,3,RT,2025,1
CGKPNKCGK,DOM,100,10,RT,2025,2
CGKPNKCGK,DOM,101,1,RT,2026,2
CGKPNKCGK,DOM,102,4,RT,2025,3
CGKPNKCGK,DOM,104,12,RT,2026,3
CGKPNKCGK,DOM,104,14,RT,2025,1
CGKPNKCGK,DOM,105,2,RT,2025,1
CGKPNKCGK,DOM,112,14,RT,2025,2
CGKPNKCGK,DOM,113,6,RT,2025,1
CGKPNKCGK,DOM,116,14,RT,2025,1
CGKPNKCGK,DOM,117,2,RT,2025,3
CGKPNKCGK,DOM,118,3,RT,2026,2
CGKPNKCGK,DOM,120,7,RT,2026,1
CGKPNKCGK,DOM,129,1,RT,2026,1
CGKPNKCGK,DOM,129,5,RT,2025,2
CGKPNKCGK,DOM,139,2,RT,2025,1
CGKPNKCGK,DOM,140,2,RT,2026,1
CGKPNKCGK,DOM,141,1,RT,2025,2
CGKPNKCGK,DOM,142,4,RT,2025,1
CGKPNKCGK,DOM,143,10,RT,2026,1
CGKPNKCGK,DOM,144,12,RT,2025,3
CGKPNKCGK,DOM,148,12,RT,2025,2
CGKPNKCGK,DOM,151,8,RT,2025,1
CGKPNKCGK,DOM,157,4,RT,2026,2
CGKPNKCGK,DOM,159,10,RT,2026,2
CGKPNKCGK,DOM,161,12,RT,2025,1
CGKPNKCGK,DOM,163,2,RT,2026,1
CGKPNKCGK,DOM,163,5,RT,2025,1
CGKPNKCGK,DOM,169,2,RT,2026,2
CGKPNKCGK,DOM,169,3,RT,2025,2
CGKPNKCGK,DOM,171,25,RT,2025,3
CGKPNKCGK,DOM,173,25,RT,2026,1
CGKPNKCGK,DOM,179,1,RT,2026,2
CGKPNKCGK,DOM,179,12,RT,2026,1
CGKPNKCGK,DOM,182,8,RT,2025,4
CGKPNKCGK,DOM,183,2,RT,2026,1
CGKPNKCGK,DOM,183,18,RT,2026,3
CGKPNKCGK,DOM,185,40,RT,2026,1
CGKPNKCGK,DOM,186,25,RT,2026,1
CGKPNKCGK,DOM,188,25,RT,2025,3
CGKPNKCGK,DOM,190,10,RT,2025,3
CGKPNKCGK,DOM,191,14,RT,2026,6
CGKPNKCGK,DOM,192,40,RT,2025,2
CGKPNKCGK,DOM,201,4,RT,2025,1
CGKPNKCGK,DOM,206,2,RT,2025,4
CGKPNKCGK,DOM,207,40,RT,2026,3
CGKPNKCGK,DOM,210,4,RT,2025,2
CGKPNKCGK,DOM,212,1,RT,2025,2
CGKPVG,INT,0,0,OW,2025,3
CGKPVG,INT,0,0,OW,2026,7
CGKPVG,INT,1,0,OW,2025,4
CGKPVG,INT,1,0,OW,2026,8
CGKPVG,INT,2,0,OW,2025,8
CGKPVG,INT,2,0,OW,2026,2
CGKPVG,INT,3,0,OW,2025,4
CGKPVG,INT,3,0,OW,2026,2
CGKPVG,INT,4,0,OW,2025,9
CGKPVG,INT,4,0,OW,2026,3
CGKPVG,INT,5,0,OW,2025,3
CGKPVG,INT,5,0,OW,2026,1
CGKPVG,INT,6,0,OW,2026,5
CGKPVG,INT,7,0,OW,2025,8
CGKPVG,INT,7,0,OW,2026,7
CGKPVG,INT,8,0,OW,2025,3
CGKPVG,INT,8,0,OW,2026,3
CGKPVG,INT,9,0,OW,2026,3
CGKPVG,INT,10,0,OW,2025,13
CGKPVG,INT,11,0,OW,2025,3
CGKPVG,INT,11,0,OW,2026,1
CGKPVG,INT,12,0,OW,2025,3
CGKPVG,INT,12,0,OW,2026,5
CGKPVG,INT,13,0,OW,2025,8
CGKPVG,INT,13,0,OW,2026,2
CGKPVG,INT,14,0,OW,2026,9
CGKPVG,INT,15,0,OW,2025,4
CGKPVG,INT,15,0,OW,2026,1
CGKPVG,INT,16,0,OW,2025,2
CGKPVG,INT,16,0,OW,2026,8
CGKPVG,INT,17,0,OW,2025,3
CGKPVG,INT,18,0,OW,2025,1
CGKPVG,INT,18,0,OW,2026,2
CGKPVG,INT,19,0,OW,2025,3
CGKPVG,INT,20,0,OW,2025,5
CGKPVG,INT,20,0,OW,2026,9
CGKPVG,INT,21,0,OW,2025,2
CGKPVG,INT,21,0,OW,2026,4
CGKPVG,INT,22,0,OW,2025,2
CGKPVG,INT,22,0,OW,2026,2
CGKPVG,INT,23,0,OW,2025,6
CGKPVG,INT,23,0,OW,2026,5
CGKPVG,INT,24,0,OW,2026,11
CGKPVG,INT,25,0,OW,2026,1
CGKPVG,INT,26,0,OW,2025,2
CGKPVG,INT,26,0,OW,2026,5
CGKPVG,INT,27,0,OW,2025,8
CGKPVG,INT,28,0,OW,2025,5
CGKPVG,INT,28,0,OW,2026,14
CGKPVG,INT,29,0,OW,2026,8
CGKPVG,INT,30,0,OW,2026,1
CGKPVG,INT,32,0,OW,2026,5
CGKPVG,INT,33,0,OW,2025,3
CGKPVG,INT,38,0,OW,2026,3
CGKPVG,INT,42,0,OW,2025,3
CGKPVG,INT,45,0,OW,2026,5
CGKPVG,INT,46,0,OW,2025,1
CGKPVG,INT,50,0,OW,2025,3
CGKPVG,INT,55,0,OW,2025,1
CGKPVG,INT,59,0,OW,2025,2
CGKPVG,INT,61,0,OW,2025,1
CGKPVG,INT,62,0,OW,2025,6
CGKPVG,INT,64,0,OW,2026,3
CGKPVG,INT,70,0,OW,2025,3
CGKPVG,INT,71,0,OW,2025,3
CGKPVG,INT,71,0,OW,2026,3
CGKPVG,INT,72,0,OW,2025,3
CGKPVG,INT,73,0,OW,2025,1
CGKPVG,INT,79,0,OW,2026,1
CGKPVG,INT,81,0,OW,2025,4
CGKPVG,INT,81,0,OW,2026,1
CGKPVG,INT,82,0,OW,2025,2
CGKPVG,INT,84,0,OW,2025,1
CGKPVG,INT,85,0,OW,2025,4
CGKPVG,INT,86,0,OW,2026,6
CGKPVG,INT,90,0,OW,2026,2
CGKPVG,INT,93,0,OW,2026,1
CGKPVG,INT,97,0,OW,2026,1
CGKPVG,INT,119,0,OW,2026,1
CGKPVG,INT,127,0,OW,2026,2
CGKPVG,INT,156,0,OW,2025,1
CGKPVG,INT,166,0,OW,2025,1
CGKPVG,INT,176,0,OW,2025,1
CGKPVG,INT,183,0,OW,2025,3
CGKPVG,INT,184,0,OW,2026,1
CGKPVG,INT,201,0,OW,2025,1
CGKPVG,INT,202,0,OW,2026,5
CGKPVG,INT,207,0,OW,2025,3
CGKPVG,INT,217,0,OW,2026,1
CGKPVGCGK,INT,0,3,RT,2025,4
CGKPVGCGK,INT,0,3,RT,2026,3
CGKPVGCGK,INT,0,14,RT,2025,4
CGKPVGCGK,INT,0,14,RT,2026,1
CGKPVGCGK,INT,0,40,RT,2026,1
CGKPVGCGK,INT,1,2,RT,2025,3
CGKPVGCGK,INT,1,3,RT,2025,2
CGKPVGCGK,INT,1,3,RT,2026,1
CGKPVGCGK,INT,1,8,RT,2025,1
CGKPVGCGK,INT,1,18,RT,2026,2
CGKPVGCGK,INT,1,25,RT,2025,6
CGKPVGCGK,INT,1,40,RT,2025,1
CGKPVGCGK,INT,2,2,RT,2026,2
CGKPVGCGK,INT,2,6,RT,2025,3
CGKPVGCGK,INT,2,7,RT,2026,4
CGKPVGCGK,INT,2,10,RT,2025,3
CGKPVGCGK,INT,2,12,RT,2025,2
CGKPVGCGK,INT,3,4,RT,2025,2
CGKPVGCGK,INT,3,5,RT,2026,1
CGKPVGCGK,INT,3,12,RT,2025,2
CGKPVGCGK,INT,4,1,RT,2026,1
CGKPVGCGK,INT,4,2,RT,2025,2
CGKPVGCGK,INT,4,2,RT,2026,2
CGKPVGCGK,INT,4,12,RT,2026,3
CGKPVGCGK,INT,5,2,RT,2026,1
CGKPVGCGK,INT,5,3,RT,2026,6
CGKPVGCGK,INT,5,4,RT,2026,5
CGKPVGCGK,INT,5,8,RT,2025,3
CGKPVGCGK,INT,5,14,RT,2026,1
CGKPVGCGK,INT,5,25,RT,2025,1
CGKPVGCGK,INT,6,1,RT,2026,2
CGKPVGCGK,INT,6,2,RT,2026,1
CGKPVGCGK,INT,6,4,RT,2026,1
CGKPVGCGK,INT,6,6,RT,2026,2
CGKPVGCGK,INT,6,8,RT,2025,3
CGKPVGCGK,INT,6,25,RT,2025,2
CGKPVGCGK,INT,6,40,RT,2026,1
CGKPVGCGK,INT,7,3,RT,2025,7
CGKPVGCGK,INT,7,4,RT,2025,1
CGKPVGCGK,INT,7,10,RT,2025,4
CGKPVGCGK,INT,7,10,RT,2026,1
CGKPVGCGK,INT,7,12,RT,2025,2
CGKPVGCGK,INT,8,6,RT,2025,1
CGKPVGCGK,INT,8,6,RT,2026,4
CGKPVGCGK,INT,8,14,RT,2026,3
CGKPVGCGK,INT,8,25,RT,2025,3
CGKPVGCGK,INT,8,40,RT,2025,1
CGKPVGCGK,INT,9,25,RT,2025,1
CGKPVGCGK,INT,10,2,RT,2025,4
CGKPVGCGK,INT,10,3,RT,2025,3
CGKPVGCGK,INT,10,4,RT,2025,1
CGKPVGCGK,INT,10,7,RT,2025,1
CGKPVGCGK,INT,10,12,RT,2026,3
CGKPVGCGK,INT,12,2,RT,2025,2
CGKPVGCGK,INT,12,2,RT,2026,3
CGKPVGCGK,INT,12,3,RT,2026,2
CGKPVGCGK,INT,12,5,RT,2025,1
CGKPVGCGK,INT,12,6,RT,2025,6
CGKPVGCGK,INT,13,4,RT,2026,4
CGKPVGCGK,INT,13,18,RT,2026,1
CGKPVGCGK,INT,14,7,RT,2025,2
CGKPVGCGK,INT,15,4,RT,2025,6
CGKPVGCGK,INT,16,1,RT,2025,4
CGKPVGCGK,INT,16,1,RT,2026,1
CGKPVGCGK,INT,16,6,RT,2025,1
CGKPVGCGK,INT,17,1,RT,2026,1
CGKPVGCGK,INT,17,7,RT,2025,2
CGKPVGCGK,INT,17,10,RT,2025,4
CGKPVGCGK,INT,17,40,RT,2025,1
CGKPVGCGK,INT,18,1,RT,2025,2
CGKPVGCGK,INT,18,2,RT,2025,4
CGKPVGCGK,INT,18,3,RT,2025,6
CGKPVGCGK,INT,18,8,RT,2026,6
CGKPVGCGK,INT,19,7,RT,2025,1
CGKPVGCGK,INT,19,14,RT,2025,3
CGKPVGCGK,INT,19,14,RT,2026,6
CGKPVGCGK,INT,19,40,RT,2025,1
CGKPVGCGK,INT,20,2,RT,2025,4
CGKPVGCGK,INT,20,3,RT,2025,1
CGKPVGCGK,INT,20,6,RT,2025,4
CGKPVGCGK,INT,21,1,RT,2026,1
CGKPVGCGK,INT,21,5,RT,2026,1
CGKPVGCGK,INT,21,6,RT,2025,1
CGKPVGCGK,INT,21,6,RT,2026,1
CGKPVGCGK,INT,21,7,RT,2026,1
CGKPVGCGK,INT,21,12,RT,2026,6
CGKPVGCGK,INT,21,40,RT,2025,7
CGKPVGCGK,INT,22,1,RT,2025,4
CGKPVGCGK,INT,23,2,RT,2025,1
CGKPVGCGK,INT,23,18,RT,2026,2
CGKPVGCGK,INT,23,25,RT,2026,3
CGKPVGCGK,INT,23,40,RT,2025,7
CGKPVGCGK,INT,24,1,RT,2025,6
CGKPVGCGK,INT,24,6,RT,2026,2
CGKPVGCGK,INT,25,3,RT,2026,1
CGKPVGCGK,INT,25,40,RT,2026,1
CGKPVGCGK,INT,26,2,RT,2025,3
CGKPVGCGK,INT,26,10,RT,2025,2
CGKPVGCGK,INT,26,40,RT,2025,1
CGKPVGCGK,INT,26,40,RT,2026,3
CGKPVGCGK,INT,27,1,RT,2025,1
CGKPVGCGK,INT,27,2,RT,2025,1
CGKPVGCGK,INT,27,2,RT,2026,1
CGKPVGCGK,INT,27,3,RT,2026,1
CGKPVGCGK,INT,27,6,RT,2026,1
CGKPVGCGK,INT,27,8,RT,2026,2
CGKPVGCGK,INT,27,10,RT,2026,2
CGKPVGCGK,INT,27,14,RT,2026,1
CGKPVGCGK,INT,28,5,RT,2026,1
CGKPVGCGK,INT,28,12,RT,2025,6
CGKPVGCGK,INT,29,10,RT,2025,1
CGKPVGCGK,INT,29,14,RT,2026,5
CGKPVGCGK,INT,30,1,RT,2026,6
CGKPVGCGK,INT,30,2,RT,2026,2
CGKPVGCGK,INT,30,8,RT,2026,1
CGKPVGCGK,INT,33,10,RT,2026,3
CGKPVGCGK,INT,35,14,RT,2025,2
CGKPVGCGK,INT,35,18,RT,2026,3
CGKPVGCGK,INT,36,3,RT,2025,1
CGKPVGCGK,INT,36,8,RT,2026,1
CGKPVGCGK,INT,37,10,RT,2025,1
CGKPVGCGK,INT,41,1,RT,2025,6
CGKPVGCGK,INT,44,4,RT,2025,3
CGKPVGCGK,INT,50,14,RT,2025,1
CGKPVGCGK,INT,53,7,RT,2026,1
CGKPVGCGK,INT,53,18,RT,2025,1
CGKPVGCGK,INT,54,6,RT,2026,3
CGKPVGCGK,INT,55,7,RT,2026,2
CGKPVGCGK,INT,62,14,RT,2025,3
CGKPVGCGK,INT,63,3,RT,2026,2
CGKPVGCGK,INT,63,6,RT,2026,2
CGKPVGCGK,INT,65,12,RT,2025,1
CGKPVGCGK,INT,66,7,RT,2026,3
CGKPVGCGK,INT,67,2,RT,2025,1
CGKPVGCGK,INT,67,6,RT,2026,1
CGKPVGCGK,INT,68,2,RT,2025,2
CGKPVGCGK,INT,68,2,RT,2026,3
CGKPVGCGK,INT,71,1,RT,2026,1
CGKPVGCGK,INT,79,6,RT,2025,1
CGKPVGCGK,INT,80,25,RT,2026,2
CGKPVGCGK,INT,82,12,RT,2025,5
CGKPVGCGK,INT,84,2,RT,2025,3
CGKPVGCGK,INT,86,4,RT,2026,1
CGKPVGCGK,INT,87,2,RT,2025,1
CGKPVGCGK,INT,89,10,RT,2025,2
CGKPVGCGK,INT,93,2,RT,2025,2
CGKPVGCGK,INT,96,25,RT,2025,3
CGKPVGCGK,INT,98,8,RT,2026,1
CGKPVGCGK,INT,98,10,RT,2025,2
CGKPVGCGK,INT,103,8,RT,2026,1
CGKPVGCGK,INT,105,14,RT,2026,1
CGKPVGCGK,INT,106,12,RT,2026,3
CGKPVGCGK,INT,112,3,RT,2026,2
CGKPVGCGK,INT,135,12,RT,2026,1
CGKPVGCGK,INT,137,18,RT,2026,2
CGKPVGCGK,INT,157,1,RT,2025,2
CGKPVGCGK,INT,181,25,RT,2026,3
CGKPVGCGK,INT,211,14,RT,2025,5
CGKPVGCGK,INT,213,4,RT,2025,3
CGKSIN,INT,0,0,OW,2025,17
CGKSIN,INT,0,0,OW,2026,29
CGKSIN,INT,1,0,OW,2025,30
CGKSIN,INT,1,0,OW,2026,24
CGKSIN,INT,2,0,OW,2025,40
CGKSIN,INT,2,0,OW,2026,19
CGKSIN,INT,3,0,OW,2025,28
CGKSIN,INT,3,0,OW,2026,30
CGKSIN,INT,4,0,OW,2025,42
CGKSIN,INT,4,0,OW,2026,29
CGKSIN,INT,5,0,OW,2025,50
CGKSIN,INT,5,0,OW,2026,27
CGKSIN,INT,6,0,OW,2025,37
CGKSIN,INT,6,0,OW,2026,21
CGKSIN,INT,7,0,OW,2025,45
CGKSIN,INT,7,0,OW,2026,10
CGKSIN,INT,8,0,OW,2025,27
CGKSIN,INT,8,0,OW,2026,20
CGKSIN,INT,9,0,OW,2025,13
CGKSIN,INT,9,0,OW,2026,27
CGKSIN,INT,10,0,OW,2025,25
CGKSIN,INT,10,0,OW,2026,16
CGKSIN,INT,11,0,OW,2025,22
CGKSIN,INT,11,0,OW,2026,17
CGKSIN,INT,12,0,OW,2025,22
CGKSIN,INT,12,0,OW,2026,14
CGKSIN,INT,13,0,OW,2025,18
CGKSIN,INT,13,0,OW,2026,16
CGKSIN,INT,14,0,OW,2025,45
CGKSIN,INT,14,0,OW,2026,4
CGKSIN,INT,15,0,OW,2025,16
CGKSIN,INT,15,0,OW,2026,13
CGKSIN,INT,16,0,OW,2025,28
CGKSIN,INT,16,0,OW,2026,17
CGKSIN,INT,17,0,OW,2025,13
CGKSIN,INT,17,0,OW,2026,16
CGKSIN,INT,18,0,OW,2025,18
CGKSIN,INT,18,0,OW,2026,32
CGKSIN,INT,19,0,OW,2025,20
CGKSIN,INT,19,0,OW,2026,14
CGKSIN,INT,20,0,OW,2025,30
CGKSIN,INT,20,0,OW,2026,34
CGKSIN,INT,21,0,OW,2025,15
CGKSIN,INT,21,0,OW,2026,10
CGKSIN,INT,22,0,OW,2025,8
CGKSIN,INT,22,0,OW,2026,16
CGKSIN,INT,23,0,OW,2025,30
CGKSIN,INT,23,0,OW,2026,12
CGKSIN,INT,24,0,OW,2025,25
CGKSIN,INT,24,0,OW,2026,10
CGKSIN,INT,25,0,OW,2025,18
CGKSIN,INT,25,0,OW,2026,12
CGKSIN,INT,26,0,OW,2025,23
CGKSIN,INT,26,0,OW,2026,13
CGKSIN,INT,27,0,OW,2025,16
CGKSIN,INT,27,0,OW,2026,14
CGKSIN,INT,28,0,OW,2025,9
CGKSIN,INT,28,0,OW,2026,23
CGKSIN,INT,29,0,OW,2025,18
CGKSIN,INT,29,0,OW,2026,17
CGKSIN,INT,30,0,OW,2025,22
CGKSIN,INT,30,0,OW,2026,14
CGKSIN,INT,31,0,OW,2025,2
CGKSIN,INT,31,0,OW,2026,3
CGKSIN,INT,32,0,OW,2025,6
CGKSIN,INT,32,0,OW,2026,11
CGKSIN,INT,33,0,OW,2025,12
CGKSIN,INT,33,0,OW,2026,1
CGKSIN,INT,34,0,OW,2026,8
CGKSIN,INT,35,0,OW,2026,4
CGKSIN,INT,36,0,OW,2025,1
CGKSIN,INT,37,0,OW,2025,2
CGKSIN,INT,37,0,OW,2026,1
CGKSIN,INT,38,0,OW,2025,8
CGKSIN,INT,38,0,OW,2026,2
CGKSIN,INT,40,0,OW,2025,6
CGKSIN,INT,40,0,OW,2026,2
CGKSIN,INT,41,0,OW,2026,4
CGKSIN,INT,42,0,OW,2025,4
CGKSIN,INT,44,0,OW,2025,11
CGKSIN,INT,45,0,OW,2025,2
CGKSIN,INT,45,0,OW,2026,1
CGKSIN,INT,46,0,OW,2026,7
CGKSIN,INT,47,0,OW,2025,4
CGKSIN,INT,47,0,OW,2026,2
CGKSIN,INT,48,0,OW,2025,7
CGKSIN,INT,49,0,OW,2025,6
CGKSIN,INT,49,0,OW,2026,3
CGKSIN,INT,50,0,OW,2025,9
CGKSIN,INT,50,0,OW,2026,5
CGKSIN,INT,51,0,OW,2025,3
CGKSIN,INT,51,0,OW,2026,5
CGKSIN,INT,52,0,OW,2025,3
CGKSIN,INT,53,0,OW,2025,2
CGKSIN,INT,54,0,OW,2025,15
CGKSIN,INT,54,0,OW,2026,6
CGKSIN,INT,55,0,OW,2025,10
CGKSIN,INT,55,0,OW,2026,2
CGKSIN,INT,56,0,OW,2025,10
CGKSIN,INT,56,0,OW,2026,7
CGKSIN,INT,57,0,OW,2025,4
CGKSIN,INT,57,0,OW,2026,8
CGKSIN,INT,58,0,OW,2026,5
CGKSIN,INT,60,0,OW,2025,6
CGKSIN,INT,61,0,OW,2025,12
CGKSIN,INT,61,0,OW,2026,5
CGKSIN,INT,62,0,OW,2026,2
CGKSIN,INT,63,0,OW,2025,4
CGKSIN,INT,64,0,OW,2025,1
CGKSIN,INT,64,0,OW,2026,1
CGKSIN,INT,65,0,OW,2025,3
CGKSIN,INT,65,0,OW,2026,4
CGKSIN,INT,66,0,OW,2025,11
CGKSIN,INT,66,0,OW,2026,5
CGKSIN,INT,67,0,OW,2025,6
CGKSIN,INT,67,0,OW,2026,1
CGKSIN,INT,68,0,OW,2025,9
CGKSIN,INT,68,0,OW,2026,5
CGKSIN,INT,69,0,OW,2025,5
CGKSIN,INT,70,0,OW,2025,4
CGKSIN,INT,70,0,OW,2026,1
CGKSIN,INT,71,0,OW,2025,7
CGKSIN,INT,71,0,OW,2026,2
CGKSIN,INT,72,0,OW,2025,2
CGKSIN,INT,73,0,OW,2025,2
CGKSIN,INT,73,0,OW,2026,7
CGKSIN,INT,74,0,OW,2025,7
CGKSIN,INT,74,0,OW,2026,2
CGKSIN,INT,75,0,OW,2025,4
CGKSIN,INT,75,0,OW,2026,3
CGKSIN,INT,76,0,OW,2026,6
CGKSIN,INT,77,0,OW,2025,6
CGKSIN,INT,77,0,OW,2026,6
CGKSIN,INT,78,0,OW,2025,1
CGKSIN,INT,79,0,OW,2025,15
CGKSIN,INT,80,0,OW,2025,6
CGKSIN,INT,80,0,OW,2026,2
CGKSIN,INT,81,0,OW,2025,4
CGKSIN,INT,81,0,OW,2026,4
CGKSIN,INT,82,0,OW,2025,6
CGKSIN,INT,83,0,OW,2026,15
CGKSIN,INT,84,0,OW,2025,7
CGKSIN,INT,85,0,OW,2025,7
CGKSIN,INT,85,0,OW,2026,1
CGKSIN,INT,86,0,OW,2025,7
CGKSIN,INT,86,0,OW,2026,2
CGKSIN,INT,87,0,OW,2026,5
CGKSIN,INT,89,0,OW,2025,8
CGKSIN,INT,89,0,OW,2026,1
CGKSIN,INT,90,0,OW,2025,6
CGKSIN,INT,90,0,OW,2026,10
CGKSIN,INT,93,0,OW,2025,2
CGKSIN,INT,94,0,OW,2026,3
CGKSIN,INT,96,0,OW,2025,1
CGKSIN,INT,97,0,OW,2026,6
CGKSIN,INT,98,0,OW,2025,4
CGKSIN,INT,99,0,OW,2025,4
CGKSIN,INT,102,0,OW,2025,4
CGKSIN,INT,104,0,OW,2025,4
CGKSIN,INT,105,0,OW,2025,3
CGKSIN,INT,105,0,OW,2026,1
CGKSIN,INT,109,0,OW,2026,2
CGKSIN,INT,110,0,OW,2025,6
CGKSIN,INT,114,0,OW,2026,2
CGKSIN,INT,119,0,OW,2025,1
CGKSIN,INT,119,0,OW,2026,1
CGKSIN,INT,123,0,OW,2025,1
CGKSIN,INT,125,0,OW,2025,6
CGKSIN,INT,126,0,OW,2026,1
CGKSIN,INT,128,0,OW,2025,3
CGKSIN,INT,129,0,OW,2025,4
CGKSIN,INT,130,0,OW,2026,1
CGKSIN,INT,132,0,OW,2025,5
CGKSIN,INT,132,0,OW,2026,2
CGKSIN,INT,133,0,OW,2025,1
CGKSIN,INT,138,0,OW,2025,1
CGKSIN,INT,141,0,OW,2026,1
CGKSIN,INT,142,0,OW,2026,2
CGKSIN,INT,143,0,OW,2025,2
CGKSIN,INT,145,0,OW,2025,6
CGKSIN,INT,148,0,OW,2025,8
CGKSIN,INT,149,0,OW,2025,2
CGKSIN,INT,153,0,OW,2025,4
CGKSIN,INT,156,0,OW,2025,4
CGKSIN,INT,160,0,OW,2025,1
CGKSIN,INT,160,0,OW,2026,2
CGKSIN,INT,163,0,OW,2025,2
CGKSIN,INT,166,0,OW,2026,3
CGKSIN,INT,168,0,OW,2025,2
CGKSIN,INT,170,0,OW,2025,3
CGKSIN,INT,177,0,OW,2026,2
CGKSIN,INT,181,0,OW,2026,6
CGKSIN,INT,182,0,OW,2025,5
CGKSIN,INT,182,0,OW,2026,1
CGKSIN,INT,183,0,OW,2025,2
CGKSIN,INT,184,0,OW,2025,2
CGKSIN,INT,186,0,OW,2026,2
CGKSIN,INT,188,0,OW,2025,6
CGKSIN,INT,194,0,OW,2025,1
CGKSIN,INT,194,0,OW,2026,3
CGKSIN,INT,195,0,OW,2025,1
CGKSIN,INT,196,0,OW,2026,5
CGKSIN,INT,197,0,OW,2026,1
CGKSIN,INT,198,0,OW,2025,12
CGKSIN,INT,199,0,OW,2025,3
CGKSIN,INT,200,0,OW,2026,1
CGKSIN,INT,201,0,OW,2026,3
CGKSIN,INT,208,0,OW,2025,3
CGKSIN,INT,212,0,OW,2025,1
CGKSIN,INT,217,0,OW,2025,2
CGKSIN,INT,219,0,OW,2025,6
CGKSINCGK,INT,0,1,RT,2025,6
CGKSINCGK,INT,0,1,RT,2026,6
CGKSINCGK,INT,0,2,RT,2025,13
CGKSINCGK,INT,0,2,RT,2026,10
CGKSINCGK,INT,0,3,RT,2025,2
CGKSINCGK,INT,0,3,RT,2026,1
CGKSINCGK,INT,0,5,RT,2025,5
CGKSINCGK,INT,0,6,RT,2025,8
CGKSINCGK,INT,0,7,RT,2025,8
CGKSINCGK,INT,0,7,RT,2026,4
CGKSINCGK,INT,0,8,RT,2025,6
CGKSINCGK,INT,0,8,RT,2026,4
CGKSINCGK,INT,0,12,RT,2025,4
CGKSINCGK,INT,0,12,RT,2026,1
CGKSINCGK,INT,0,14,RT,2025,1
CGKSINCGK,INT,0,18,RT,2025,4
CGKSINCGK,INT,0,25,RT,2025,5
CGKSINCGK,INT,0,25,RT,2026,5
CGKSINCGK,INT,0,40,RT,2026,6
CGKSINCGK,INT,1,1,RT,2025,11
CGKSINCGK,INT,1,1,RT,2026,4
CGKSINCGK,INT,1,2,RT,2025,3
CGKSINCGK,INT,1,3,RT,2025,2
CGKSINCGK,INT,1,4,RT,2026,5
CGKSINCGK,INT,1,5,RT,2025,1
CGKSINCGK,INT,1,7,RT,2025,6
CGKSINCGK,INT,1,7,RT,2026,4
CGKSINCGK,INT,1,8,RT,2025,13
CGKSINCGK,INT,1,8,RT,2026,2
CGKSINCGK,INT,1,10,RT,2025,5
CGKSINCGK,INT,1,10,RT,2026,5
CGKSINCGK,INT,1,12,RT,2026,5
CGKSINCGK,INT,1,14,RT,2025,9
CGKSINCGK,INT,1,14,RT,2026,2
CGKSINCGK,INT,1,18,RT,2025,4
CGKSINCGK,INT,1,18,RT,2026,5
CGKSINCGK,INT,1,25,RT,2025,3
CGKSINCGK,INT,1,25,RT,2026,1
CGKSINCGK,INT,1,40,RT,2025,2
CGKSINCGK,INT,1,40,RT,2026,11
CGKSINCGK,INT,2,1,RT,2025,5
CGKSINCGK,INT,2,2,RT,2025,4
CGKSINCGK,INT,2,2,RT,2026,5
CGKSINCGK,INT,2,3,RT,2025,4
CGKSINCGK,INT,2,3,RT,2026,16
CGKSINCGK,INT,2,4,RT,2025,2
CGKSINCGK,INT,2,4,RT,2026,5
CGKSINCGK,INT,2,5,RT,2025,2
CGKSINCGK,INT,2,6,RT,2026,2
CGKSINCGK,INT,2,7,RT,2025,3
CGKSINCGK,INT,2,8,RT,2025,3
CGKSINCGK,INT,2,8,RT,2026,1
CGKSINCGK,INT,2,10,RT,2025,3
CGKSINCGK,INT,2,10,RT,2026,3
CGKSINCGK,INT,2,12,RT,2025,3
CGKSINCGK,INT,2,18,RT,2025,1
CGKSINCGK,INT,2,18,RT,2026,1
CGKSINCGK,INT,2,40,RT,2025,10
CGKSINCGK,INT,3,1,RT,2025,5
CGKSINCGK,INT,3,1,RT,2026,1
CGKSINCGK,INT,3,2,RT,2025,5
CGKSINCGK,INT,3,2,RT,2026,1
CGKSINCGK,INT,3,4,RT,2025,5
CGKSINCGK,INT,3,5,RT,2025,4
CGKSINCGK,INT,3,6,RT,2025,4
CGKSINCGK,INT,3,6,RT,2026,2
CGKSINCGK,INT,3,7,RT,2025,5
CGKSINCGK,INT,3,7,RT,2026,1
CGKSINCGK,INT,3,8,RT,2025,12
CGKSINCGK,INT,3,8,RT,2026,8
CGKSINCGK,INT,3,10,RT,2026,4
CGKSINCGK,INT,3,12,RT,2025,2
CGKSINCGK,INT,3,14,RT,2026,1
CGKSINCGK,INT,3,18,RT,2025,7
CGKSINCGK,INT,3,25,RT,2025,6
CGKSINCGK,INT,3,25,RT,2026,2
CGKSINCGK,INT,3,40,RT,2025,3
CGKSINCGK,INT,4,1,RT,2025,7
CGKSINCGK,INT,4,1,RT,2026,5
CGKSINCGK,INT,4,2,RT,2025,3
CGKSINCGK,INT,4,2,RT,2026,4
CGKSINCGK,INT,4,3,RT,2025,4
CGKSINCGK,INT,4,3,RT,2026,1
CGKSINCGK,INT,4,4,RT,2025,2
CGKSINCGK,INT,4,4,RT,2026,2
CGKSINCGK,INT,4,5,RT,2025,7
CGKSINCGK,INT,4,5,RT,2026,4
CGKSINCGK,INT,4,7,RT,2025,5
CGKSINCGK,INT,4,7,RT,2026,6
CGKSINCGK,INT,4,8,RT,2025,4
CGKSINCGK,INT,4,8,RT,2026,7
CGKSINCGK,INT,4,10,RT,2025,5
CGKSINCGK,INT,4,12,RT,2026,1
CGKSINCGK,INT,4,14,RT,2025,1
CGKSINCGK,INT,4,14,RT,2026,3
CGKSINCGK,INT,4,25,RT,2025,2
CGKSINCGK,INT,4,40,RT,2025,2
CGKSINCGK,INT,4,40,RT,2026,2
CGKSINCGK,INT,5,1,RT,2025,9
CGKSINCGK,INT,5,1,RT,2026,4
CGKSINCGK,INT,5,2,RT,2026,2
CGKSINCGK,INT,5,3,RT,2025,1
CGKSINCGK,INT,5,3,RT,2026,6
CGKSINCGK,INT,5,4,RT,2025,2
CGKSINCGK,INT,5,5,RT,2025,6
CGKSINCGK,INT,5,6,RT,2025,5
CGKSINCGK,INT,5,6,RT,2026,1
CGKSINCGK,INT,5,7,RT,2025,8
CGKSINCGK,INT,5,8,RT,2025,4
CGKSINCGK,INT,5,8,RT,2026,3
CGKSINCGK,INT,5,10,RT,2026,4
CGKSINCGK,INT,5,12,RT,2025,1
CGKSINCGK,INT,5,12,RT,2026,2
CGKSINCGK,INT,5,14,RT,2025,5
CGKSINCGK,INT,5,14,RT,2026,4
CGKSINCGK,INT,5,18,RT,2025,7
CGKSINCGK,INT,5,18,RT,2026,3
CGKSINCGK,INT,5,25,RT,2025,1
CGKSINCGK,INT,5,25,RT,2026,1
CGKSINCGK,INT,5,40,RT,2025,1
CGKSINCGK,INT,5,40,RT,2026,2
CGKSINCGK,INT,6,1,RT,2025,5
CGKSINCGK,INT,6,2,RT,2025,7
CGKSINCGK,INT,6,2,RT,2026,9
CGKSINCGK,INT,6,3,RT,2025,7
CGKSINCGK,INT,6,3,RT,2026,5
CGKSINCGK,INT,6,4,RT,2025,3
CGKSINCGK,INT,6,5,RT,2025,2
CGKSINCGK,INT,6,6,RT,2025,2
CGKSINCGK,INT,6,7,RT,2025,1
CGKSINCGK,INT,6,8,RT,2025,3
CGKSINCGK,INT,6,8,RT,2026,3
CGKSINCGK,INT,6,10,RT,2026,2
CGKSINCGK,INT,6,12,RT,2025,2
CGKSINCGK,INT,6,14,RT,2025,1
CGKSINCGK,INT,6,14,RT,2026,1
CGKSINCGK,INT,6,18,RT,2025,1
CGKSINCGK,INT,6,18,RT,2026,6
CGKSINCGK,INT,6,25,RT,2026,1
CGKSINCGK,INT,6,40,RT,2026,1
CGKSINCGK,INT,7,1,RT,2026,5
CGKSINCGK,INT,7,2,RT,2025,9
CGKSINCGK,INT,7,2,RT,2026,8
CGKSINCGK,INT,7,3,RT,2025,7
CGKSINCGK,INT,7,3,RT,2026,11
CGKSINCGK,INT,7,4,RT,2025,1
CGKSINCGK,INT,7,4,RT,2026,6
CGKSINCGK,INT,7,5,RT,2026,1
CGKSINCGK,INT,7,6,RT,2025,5
CGKSINCGK,INT,7,7,RT,2025,3
CGKSINCGK,INT,7,8,RT,2025,6
CGKSINCGK,INT,7,10,RT,2026,6
CGKSINCGK,INT,7,12,RT,2025,3
CGKSINCGK,INT,7,14,RT,2026,2
CGKSINCGK,INT,7,18,RT,2025,3
CGKSINCGK,INT,7,18,RT,2026,3
CGKSINCGK,INT,7,25,RT,2026,2
CGKSINCGK,INT,7,40,RT,2025,1
CGKSINCGK,INT,8,1,RT,2025,3
CGKSINCGK,INT,8,1,RT,2026,4
CGKSINCGK,INT,8,2,RT,2026,6
CGKSINCGK,INT,8,3,RT,2025,4
CGKSINCGK,INT,8,4,RT,2025,4
CGKSINCGK,INT,8,6,RT,2025,4
CGKSINCGK,INT,8,7,RT,2025,4
CGKSINCGK,INT,8,7,RT,2026,2
CGKSINCGK,INT,8,8,RT,2025,2
CGKSINCGK,INT,8,8,RT,2026,1
CGKSINCGK,INT,8,10,RT,2026,2
CGKSINCGK,INT,8,12,RT,2025,3
CGKSINCGK,INT,8,14,RT,2026,3
CGKSINCGK,INT,8,25,RT,2026,1
CGKSINCGK,INT,9,1,RT,2026,2
CGKSINCGK,INT,9,2,RT,2025,1
CGKSINCGK,INT,9,2,RT,2026,7
CGKSINCGK,INT,9,3,RT,2025,8
CGKSINCGK,INT,9,3,RT,2026,2
CGKSINCGK,INT,9,6,RT,2025,1
CGKSINCGK,INT,9,6,RT,2026,1
CGKSINCGK,INT,9,25,RT,2025,1
CGKSINCGK,INT,9,25,RT,2026,2
CGKSINCGK,INT,9,40,RT,2025,1
CGKSINCGK,INT,9,40,RT,2026,3
CGKSINCGK,INT,10,1,RT,2026,3
CGKSINCGK,INT,10,2,RT,2025,9
CGKSINCGK,INT,10,2,RT,2026,5
CGKSINCGK,INT,10,3,RT,2026,2
CGKSINCGK,INT,10,4,RT,2026,3
CGKSINCGK,INT,10,5,RT,2025,2
CGKSINCGK,INT,10,5,RT,2026,2
CGKSINCGK,INT,10,6,RT,2025,5
CGKSINCGK,INT,10,7,RT,2026,3
CGKSINCGK,INT,10,10,RT,2025,6
CGKSINCGK,INT,10,14,RT,2026,1
CGKSINCGK,INT,10,25,RT,2026,1
CGKSINCGK,INT,10,40,RT,2025,1
CGKSINCGK,INT,11,1,RT,2025,2
CGKSINCGK,INT,11,6,RT,2025,1
CGKSINCGK,INT,11,7,RT,2025,6
CGKSINCGK,INT,11,7,RT,2026,2
CGKSINCGK,INT,11,12,RT,2025,3
CGKSINCGK,INT,11,14,RT,2025,1
CGKSINCGK,INT,11,14,RT,2026,6
CGKSINCGK,INT,11,18,RT,2025,1
CGKSINCGK,INT,11,18,RT,2026,2
CGKSINCGK,INT,11,25,RT,2026,1
CGKSINCGK,INT,12,1,RT,2025,6
CGKSINCGK,INT,12,1,RT,2026,1
CGKSINCGK,INT,12,2,RT,2026,4
CGKSINCGK,INT,12,3,RT,2025,2
CGKSINCGK,INT,12,3,RT,2026,1
CGKSINCGK,INT,12,4,RT,2025,3
CGKSINCGK,INT,12,4,RT,2026,1
CGKSINCGK,INT,12,6,RT,2026,7
CGKSINCGK,INT,12,7,RT,2025,3
CGKSINCGK,INT,12,18,RT,2025,3
CGKSINCGK,INT,12,25,RT,2025,4
CGKSINCGK,INT,12,25,RT,2026,4
CGKSINCGK,INT,12,40,RT,2025,4
CGKSINCGK,INT,13,1,RT,2025,8
CGKSINCGK,INT,13,1,RT,2026,2
CGKSINCGK,INT,13,2,RT,2025,2
CGKSINCGK,INT,13,3,RT,2025,7
CGKSINCGK,INT,13,5,RT,2025,2
CGKSINCGK,INT,13,5,RT,2026,2
CGKSINCGK,INT,13,7,RT,2026,5
CGKSINCGK,INT,13,8,RT,2025,6
CGKSINCGK,INT,13,8,RT,2026,4
CGKSINCGK,INT,13,10,RT,2025,4
CGKSINCGK,INT,13,10,RT,2026,4
CGKSINCGK,INT,13,12,RT,2025,1
CGKSINCGK,INT,13,12,RT,2026,1
CGKSINCGK,INT,13,14,RT,2025,1
CGKSINCGK,INT,13,14,RT,2026,6
CGKSINCGK,INT,13,18,RT,2026,4
CGKSINCGK,INT,13,25,RT,2025,1
CGKSINCGK,INT,13,40,RT,2026,5
CGKSINCGK,INT,14,2,RT,2025,3
CGKSINCGK,INT,14,2,RT,2026,4
CGKSINCGK,INT,14,3,RT,2026,7
CGKSINCGK,INT,14,4,RT,2026,4
CGKSINCGK,INT,14,5,RT,2026,7
CGKSINCGK,INT,14,6,RT,2025,6
CGKSINCGK,INT,14,10,RT,2025,3
CGKSINCGK,INT,14,10,RT,2026,6
CGKSINCGK,INT,14,12,RT,2025,1
CGKSINCGK,INT,14,14,RT,2026,1
CGKSINCGK,INT,14,25,RT,2025,6
CGKSINCGK,INT,15,1,RT,2025,1
CGKSINCGK,INT,15,1,RT,2026,1
CGKSINCGK,INT,15,2,RT,2025,2
CGKSINCGK,INT,15,2,RT,2026,1
CGKSINCGK,INT,15,3,RT,2025,6
CGKSINCGK,INT,15,5,RT,2025,1
CGKSINCGK,INT,15,6,RT,2025,1
CGKSINCGK,INT,15,7,RT,2026,3
CGKSINCGK,INT,15,10,RT,2026,2
CGKSINCGK,INT,15,12,RT,2025,2
CGKSINCGK,INT,15,14,RT,2025,1
CGKSINCGK,INT,15,14,RT,2026,3
CGKSINCGK,INT,15,18,RT,2025,3
CGKSINCGK,INT,15,25,RT,2026,4
CGKSINCGK,INT,16,1,RT,2026,3
CGKSINCGK,INT,16,2,RT,2025,3
CGKSINCGK,INT,16,3,RT,2026,3
CGKSINCGK,INT,16,4,RT,2025,6
CGKSINCGK,INT,16,5,RT,2025,1
CGKSINCGK,INT,16,6,RT,2025,6
CGKSINCGK,INT,16,8,RT,2025,1
CGKSINCGK,INT,16,14,RT,2025,6
CGKSINCGK,INT,16,14,RT,2026,6
CGKSINCGK,INT,16,18,RT,2025,2
CGKSINCGK,INT,16,18,RT,2026,2
CGKSINCGK,INT,16,40,RT,2025,1
CGKSINCGK,INT,16,40,RT,2026,5
CGKSINCGK,INT,17,1,RT,2026,2
CGKSINCGK,INT,17,2,RT,2025,9
CGKSINCGK,INT,17,3,RT,2025,1
CGKSINCGK,INT,17,3,RT,2026,1
CGKSINCGK,INT,17,4,RT,2025,2
CGKSINCGK,INT,17,4,RT,2026,4
CGKSINCGK,INT,17,5,RT,2025,2
CGKSINCGK,INT,17,7,RT,2025,4
CGKSINCGK,INT,17,7,RT,2026,2
CGKSINCGK,INT,17,8,RT,2025,4
CGKSINCGK,INT,17,10,RT,2025,6
CGKSINCGK,INT,17,12,RT,2025,1
CGKSINCGK,INT,17,12,RT,2026,2
CGKSINCGK,INT,17,14,RT,2025,1
CGKSINCGK,INT,17,18,RT,2025,3
CGKSINCGK,INT,17,25,RT,2025,2
CGKSINCGK,INT,17,25,RT,2026,4
CGKSINCGK,INT,18,1,RT,2025,3
CGKSINCGK,INT,18,1,RT,2026,1
CGKSINCGK,INT,18,2,RT,2026,2
CGKSINCGK,INT,18,3,RT,2025,5
CGKSINCGK,INT,18,3,RT,2026,4
CGKSINCGK,INT,18,4,RT,2025,5
CGKSINCGK,INT,18,6,RT,2025,4
CGKSINCGK,INT,18,7,RT,2025,7
CGKSINCGK,INT,18,7,RT,2026,2
CGKSINCGK,INT,18,14,RT,2025,5
CGKSINCGK,INT,18,18,RT,2026,7
CGKSINCGK,INT,18,25,RT,2025,1
CGKSINCGK,INT,18,40,RT,2025,1
CGKSINCGK,INT,19,1,RT,2026,4
CGKSINCGK,INT,19,2,RT,2026,3
CGKSINCGK,INT,19,3,RT,2025,6
CGKSINCGK,INT,19,3,RT,2026,9
CGKSINCGK,INT,19,4,RT,2025,3
CGKSINCGK,INT,19,7,RT,2025,10
CGKSINCGK,INT,19,8,RT,2025,3
CGKSINCGK,INT,19,8,RT,2026,8
CGKSINCGK,INT,19,10,RT,2026,1
CGKSINCGK,INT,19,12,RT,2025,6
CGKSINCGK,INT,20,1,RT,2026,6
CGKSINCGK,INT,20,3,RT,2026,9
CGKSINCGK,INT,20,5,RT,2025,4
CGKSINCGK,INT,20,7,RT,2026,2
CGKSINCGK,INT,20,8,RT,2025,10
CGKSINCGK,INT,20,8,RT,2026,1
CGKSINCGK,INT,20,10,RT,2025,6
CGKSINCGK,INT,20,12,RT,2025,1
CGKSINCGK,INT,20,12,RT,2026,1
CGKSINCGK,INT,20,18,RT,2025,1
CGKSINCGK,INT,20,18,RT,2026,3
CGKSINCGK,INT,20,25,RT,2025,1
CGKSINCGK,INT,20,40,RT,2025,2
CGKSINCGK,INT,21,1,RT,2026,4
CGKSINCGK,INT,21,2,RT,2025,1
CGKSINCGK,INT,21,3,RT,2025,1
CGKSINCGK,INT,21,3,RT,2026,3
CGKSINCGK,INT,21,4,RT,2025,1
CGKSINCGK,INT,21,5,RT,2025,6
CGKSINCGK,INT,21,6,RT,2026,3
CGKSINCGK,INT,21,7,RT,2026,1
CGKSINCGK,INT,21,8,RT,2026,2
CGKSINCGK,INT,21,10,RT,2025,4
CGKSINCGK,INT,21,14,RT,2026,2
CGKSINCGK,INT,21,18,RT,2026,3
CGKSINCGK,INT,22,1,RT,2025,5
CGKSINCGK,INT,22,2,RT,2026,1
CGKSINCGK,INT,22,3,RT,2026,5
CGKSINCGK,INT,22,4,RT,2026,6
CGKSINCGK,INT,22,5,RT,2025,1
CGKSINCGK,INT,22,8,RT,2026,1
CGKSINCGK,INT,22,10,RT,2025,5
CGKSINCGK,INT,22,10,RT,2026,5
CGKSINCGK,INT,22,12,RT,2025,4
CGKSINCGK,INT,22,25,RT,2025,3
CGKSINCGK,INT,23,1,RT,2025,4
CGKSINCGK,INT,23,2,RT,2025,3
CGKSINCGK,INT,23,3,RT,2025,8
CGKSINCGK,INT,23,3,RT,2026,2
CGKSINCGK,INT,23,4,RT,2025,3
CGKSINCGK,INT,23,7,RT,2026,2
CGKSINCGK,INT,23,8,RT,2026,7
CGKSINCGK,INT,23,10,RT,2025,1
CGKSINCGK,INT,23,12,RT,2025,2
CGKSINCGK,INT,23,12,RT,2026,1
CGKSINCGK,INT,23,14,RT,2025,1
CGKSINCGK,INT,23,40,RT,2025,4
CGKSINCGK,INT,24,1,RT,2025,1
CGKSINCGK,INT,24,1,RT,2026,5
CGKSINCGK,INT,24,2,RT,2025,4
CGKSINCGK,INT,24,2,RT,2026,4
CGKSINCGK,INT,24,3,RT,2025,12
CGKSINCGK,INT,24,3,RT,2026,5
CGKSINCGK,INT,24,4,RT,2025,3
CGKSINCGK,INT,24,5,RT,2026,1
CGKSINCGK,INT,24,6,RT,2025,1
CGKSINCGK,INT,24,7,RT,2025,8
CGKSINCGK,INT,24,7,RT,2026,2
CGKSINCGK,INT,24,8,RT,2026,3
CGKSINCGK,INT,24,12,RT,2025,2
CGKSINCGK,INT,24,12,RT,2026,5
CGKSINCGK,INT,24,14,RT,2025,3
CGKSINCGK,INT,24,18,RT,2025,6
CGKSINCGK,INT,24,18,RT,2026,3
CGKSINCGK,INT,24,25,RT,2025,4
CGKSINCGK,INT,24,25,RT,2026,1
CGKSINCGK,INT,24,40,RT,2025,1
CGKSINCGK,INT,24,40,RT,2026,2
CGKSINCGK,INT,25,1,RT,2025,6
CGKSINCGK,INT,25,2,RT,2025,5
CGKSINCGK,INT,25,2,RT,2026,2
CGKSINCGK,INT,25,4,RT,2026,3
CGKSINCGK,INT,25,5,RT,2025,4
CGKSINCGK,INT,25,5,RT,2026,5
CGKSINCGK,INT,25,6,RT,2025,4
CGKSINCGK,INT,25,7,RT,2026,4
CGKSINCGK,INT,25,8,RT,2025,3
CGKSINCGK,INT,25,10,RT,2025,4
CGKSINCGK,INT,25,10,RT,2026,1
CGKSINCGK,INT,25,12,RT,2025,3
CGKSINCGK,INT,25,14,RT,2025,6
CGKSINCGK,INT,25,18,RT,2025,3
CGKSINCGK,INT,25,18,RT,2026,3
CGKSINCGK,INT,25,25,RT,2025,2
CGKSINCGK,INT,25,40,RT,2025,2
CGKSINCGK,INT,26,1,RT,2025,2
CGKSINCGK,INT,26,2,RT,2025,1
CGKSINCGK,INT,26,3,RT,2025,1
CGKSINCGK,INT,26,3,RT,2026,2
CGKSINCGK,INT,26,5,RT,2026,5
CGKSINCGK,INT,26,7,RT,2025,4
CGKSINCGK,INT,26,12,RT,2025,1
CGKSINCGK,INT,26,12,RT,2026,4
CGKSINCGK,INT,26,18,RT,2025,6
CGKSINCGK,INT,26,18,RT,2026,6
CGKSINCGK,INT,26,25,RT,2025,1
CGKSINCGK,INT,26,40,RT,2026,6
CGKSINCGK,INT,27,1,RT,2025,2
CGKSINCGK,INT,27,1,RT,2026,2
CGKSINCGK,INT,27,2,RT,2025,1
CGKSINCGK,INT,27,2,RT,2026,4
CGKSINCGK,INT,27,3,RT,2025,4
CGKSINCGK,INT,27,3,RT,2026,6
CGKSINCGK,INT,27,4,RT,2026,1
CGKSINCGK,INT,27,5,RT,2025,2
CGKSINCGK,INT,27,6,RT,2025,6
CGKSINCGK,INT,27,6,RT,2026,8
CGKSINCGK,INT,27,7,RT,2025,1
CGKSINCGK,INT,27,7,RT,2026,2
CGKSINCGK,INT,27,8,RT,2026,1
CGKSINCGK,INT,27,10,RT,2025,1
CGKSINCGK,INT,27,10,RT,2026,1
CGKSINCGK,INT,27,14,RT,2025,3
CGKSINCGK,INT,27,18,RT,2025,1
CGKSINCGK,INT,27,40,RT,2025,6
CGKSINCGK,INT,28,1,RT,2025,7
CGKSINCGK,INT,28,2,RT,2025,2
CGKSINCGK,INT,28,2,RT,2026,6
CGKSINCGK,INT,28,3,RT,2025,4
CGKSINCGK,INT,28,4,RT,2025,2
CGKSINCGK,INT,28,5,RT,2026,1
CGKSINCGK,INT,28,6,RT,2025,8
CGKSINCGK,INT,28,7,RT,2025,14
CGKSINCGK,INT,28,10,RT,2025,1
CGKSINCGK,INT,28,12,RT,2025,3
CGKSINCGK,INT,28,14,RT,2025,6
CGKSINCGK,INT,29,1,RT,2025,5
CGKSINCGK,INT,29,1,RT,2026,2
CGKSINCGK,INT,29,2,RT,2025,4
CGKSINCGK,INT,29,3,RT,2026,4
CGKSINCGK,INT,29,4,RT,2025,6
CGKSINCGK,INT,29,8,RT,2025,4
CGKSINCGK,INT,29,10,RT,2026,3
CGKSINCGK,INT,29,12,RT,2025,1
CGKSINCGK,INT,29,18,RT,2026,1
CGKSINCGK,INT,29,25,RT,2025,1
CGKSINCGK,INT,29,25,RT,2026,1
CGKSINCGK,INT,29,40,RT,2026,1
CGKSINCGK,INT,30,1,RT,2026,1
CGKSINCGK,INT,30,3,RT,2025,7
CGKSINCGK,INT,30,4,RT,2025,6
CGKSINCGK,INT,30,5,RT,2025,4
CGKSINCGK,INT,30,6,RT,2026,4
CGKSINCGK,INT,30,7,RT,2026,2
CGKSINCGK,INT,30,8,RT,2026,1
CGKSINCGK,INT,30,10,RT,2025,1
CGKSINCGK,INT,30,10,RT,2026,4
CGKSINCGK,INT,30,12,RT,2025,4
CGKSINCGK,INT,30,14,RT,2025,6
CGKSINCGK,INT,30,14,RT,2026,2
CGKSINCGK,INT,30,25,RT,2025,2
CGKSINCGK,INT,30,40,RT,2026,4
CGKSINCGK,INT,31,2,RT,2025,1
CGKSINCGK,INT,31,2,RT,2026,8
CGKSINCGK,INT,31,5,RT,2026,4
CGKSINCGK,INT,31,14,RT,2025,1
CGKSINCGK,INT,32,6,RT,2026,3
CGKSINCGK,INT,33,5,RT,2025,7
CGKSINCGK,INT,33,8,RT,2025,3
CGKSINCGK,INT,34,2,RT,2025,6
CGKSINCGK,INT,34,7,RT,2026,1
CGKSINCGK,INT,35,5,RT,2025,2
CGKSINCGK,INT,35,8,RT,2026,5
CGKSINCGK,INT,35,12,RT,2026,1
CGKSINCGK,INT,35,18,RT,2025,1
CGKSINCGK,INT,36,2,RT,2026,3
CGKSINCGK,INT,36,8,RT,2025,1
CGKSINCGK,INT,36,14,RT,2026,5
CGKSINCGK,INT,36,25,RT,2025,3
CGKSINCGK,INT,37,1,RT,2025,1
CGKSINCGK,INT,37,7,RT,2025,1
CGKSINCGK,INT,37,8,RT,2025,5
CGKSINCGK,INT,37,18,RT,2026,4
CGKSINCGK,INT,37,25,RT,2025,2
CGKSINCGK,INT,38,1,RT,2026,1
CGKSINCGK,INT,38,2,RT,2026,3
CGKSINCGK,INT,38,3,RT,2026,9
CGKSINCGK,INT,38,4,RT,2026,1
CGKSINCGK,INT,38,8,RT,2026,1
CGKSINCGK,INT,38,40,RT,2025,2
CGKSINCGK,INT,39,3,RT,2026,1
CGKSINCGK,INT,39,7,RT,2025,2
CGKSINCGK,INT,39,12,RT,2025,4
CGKSINCGK,INT,39,18,RT,2025,2
CGKSINCGK,INT,40,2,RT,2026,1
CGKSINCGK,INT,40,7,RT,2025,6
CGKSINCGK,INT,40,12,RT,2026,4
CGKSINCGK,INT,40,40,RT,2026,3
CGKSINCGK,INT,41,3,RT,2025,5
CGKSINCGK,INT,41,12,RT,2025,1
CGKSINCGK,INT,41,14,RT,2026,1
CGKSINCGK,INT,41,25,RT,2025,1
CGKSINCGK,INT,42,7,RT,2025,3
CGKSINCGK,INT,43,2,RT,2026,1
CGKSINCGK,INT,43,7,RT,2025,1
CGKSINCGK,INT,43,10,RT,2025,6
CGKSINCGK,INT,43,12,RT,2025,1
CGKSINCGK,INT,44,1,RT,2026,1
CGKSINCGK,INT,44,3,RT,2026,1
CGKSINCGK,INT,44,14,RT,2026,6
CGKSINCGK,INT,44,25,RT,2026,1
CGKSINCGK,INT,44,40,RT,2026,3
CGKSINCGK,INT,45,1,RT,2026,3
CGKSINCGK,INT,45,2,RT,2026,1
CGKSINCGK,INT,45,3,RT,2025,3
CGKSINCGK,INT,45,18,RT,2025,2
CGKSINCGK,INT,45,25,RT,2025,1
CGKSINCGK,INT,45,40,RT,2025,4
CGKSINCGK,INT,46,1,RT,2026,3
CGKSINCGK,INT,46,10,RT,2025,1
CGKSINCGK,INT,47,1,RT,2025,8
CGKSINCGK,INT,47,12,RT,2025,3
CGKSINCGK,INT,47,12,RT,2026,1
CGKSINCGK,INT,47,40,RT,2025,3
CGKSINCGK,INT,48,2,RT,2026,5
CGKSINCGK,INT,48,3,RT,2025,2
CGKSINCGK,INT,48,3,RT,2026,4
CGKSINCGK,INT,48,5,RT,2025,1
CGKSINCGK,INT,48,6,RT,2026,1
CGKSINCGK,INT,48,7,RT,2025,2
CGKSINCGK,INT,49,2,RT,2026,4
CGKSINCGK,INT,49,10,RT,2026,3
CGKSINCGK,INT,49,40,RT,2025,1
CGKSINCGK,INT,50,8,RT,2026,1
CGKSINCGK,INT,50,10,RT,2026,2
CGKSINCGK,INT,50,14,RT,2026,2
CGKSINCGK,INT,50,25,RT,2025,6
CGKSINCGK,INT,51,8,RT,2026,1
CGKSINCGK,INT,52,1,RT,2026,1
CGKSINCGK,INT,52,3,RT,2026,5
CGKSINCGK,INT,52,18,RT,2025,1
CGKSINCGK,INT,53,1,RT,2025,3
CGKSINCGK,INT,53,2,RT,2026,1
CGKSINCGK,INT,53,4,RT,2025,2
CGKSINCGK,INT,53,6,RT,2025,3
CGKSINCGK,INT,53,10,RT,2026,1
CGKSINCGK,INT,53,12,RT,2026,1
CGKSINCGK,INT,53,14,RT,2025,6
CGKSINCGK,INT,54,2,RT,2026,3
CGKSINCGK,INT,54,3,RT,2025,4
CGKSINCGK,INT,54,12,RT,2025,1
CGKSINCGK,INT,54,18,RT,2026,3
CGKSINCGK,INT,55,3,RT,2025,3
CGKSINCGK,INT,55,5,RT,2026,1
CGKSINCGK,INT,55,6,RT,2025,6
CGKSINCGK,INT,55,10,RT,2026,6
CGKSINCGK,INT,56,2,RT,2025,5
CGKSINCGK,INT,56,3,RT,2025,2
CGKSINCGK,INT,56,8,RT,2025,2
CGKSINCGK,INT,56,8,RT,2026,2
CGKSINCGK,INT,56,18,RT,2025,5
CGKSINCGK,INT,56,40,RT,2025,6
CGKSINCGK,INT,57,2,RT,2025,4
CGKSINCGK,INT,57,8,RT,2026,5
CGKSINCGK,INT,57,10,RT,2025,2
CGKSINCGK,INT,58,12,RT,2025,1
CGKSINCGK,INT,58,40,RT,2025,6
CGKSINCGK,INT,60,2,RT,2025,4
CGKSINCGK,INT,60,4,RT,2025,3
CGKSINCGK,INT,60,18,RT,2025,4
CGKSINCGK,INT,60,25,RT,2026,3
CGKSINCGK,INT,61,1,RT,2025,1
CGKSINCGK,INT,61,3,RT,2025,1
CGKSINCGK,INT,61,4,RT,2025,2
CGKSINCGK,INT,61,10,RT,2025,4
CGKSINCGK,INT,61,10,RT,2026,6
CGKSINCGK,INT,61,25,RT,2025,5
CGKSINCGK,INT,61,40,RT,2026,1
CGKSINCGK,INT,62,1,RT,2025,2
CGKSINCGK,INT,62,14,RT,2025,1
CGKSINCGK,INT,62,18,RT,2025,5
CGKSINCGK,INT,62,40,RT,2026,1
CGKSINCGK,INT,63,12,RT,2026,1
CGKSINCGK,INT,63,25,RT,2025,1
CGKSINCGK,INT,64,3,RT,2025,3
CGKSINCGK,INT,65,2,RT,2026,1
CGKSINCGK,INT,65,5,RT,2025,1
CGKSINCGK,INT,65,7,RT,2025,3
CGKSINCGK,INT,65,14,RT,2025,1
CGKSINCGK,INT,66,2,RT,2026,1
CGKSINCGK,INT,66,5,RT,2025,1
CGKSINCGK,INT,67,2,RT,2026,1
CGKSINCGK,INT,67,10,RT,2025,1
CGKSINCGK,INT,69,2,RT,2025,1
CGKSINCGK,INT,69,3,RT,2025,1
CGKSINCGK,INT,69,12,RT,2025,4
CGKSINCGK,INT,69,12,RT,2026,1
CGKSINCGK,INT,70,4,RT,2026,4
CGKSINCGK,INT,70,14,RT,2025,4
CGKSINCGK,INT,71,5,RT,2026,2
CGKSINCGK,INT,71,8,RT,2026,3
CGKSINCGK,INT,71,25,RT,2026,6
CGKSINCGK,INT,72,6,RT,2026,4
CGKSINCGK,INT,72,8,RT,2026,2
CGKSINCGK,INT,72,18,RT,2025,3
CGKSINCGK,INT,73,7,RT,2026,1
CGKSINCGK,INT,73,12,RT,2025,2
CGKSINCGK,INT,73,25,RT,2026,6
CGKSINCGK,INT,73,40,RT,2026,1
CGKSINCGK,INT,74,10,RT,2026,2
CGKSINCGK,INT,75,2,RT,2026,2
CGKSINCGK,INT,75,3,RT,2025,1
CGKSINCGK,INT,76,18,RT,2026,3
CGKSINCGK,INT,77,2,RT,2026,6
CGKSINCGK,INT,77,14,RT,2026,2
CGKSINCGK,INT,78,2,RT,2026,1
CGKSINCGK,INT,78,4,RT,2025,2
CGKSINCGK,INT,78,4,RT,2026,1
CGKSINCGK,INT,78,8,RT,2026,1
CGKSINCGK,INT,78,12,RT,2026,1
CGKSINCGK,INT,78,25,RT,2025,2
CGKSINCGK,INT,78,25,RT,2026,1
CGKSINCGK,INT,78,40,RT,2025,2
CGKSINCGK,INT,79,2,RT,2025,1
CGKSINCGK,INT,79,2,RT,2026,4
CGKSINCGK,INT,79,7,RT,2026,1
CGKSINCGK,INT,79,14,RT,2025,2
CGKSINCGK,INT,79,40,RT,2025,4
CGKSINCGK,INT,80,1,RT,2025,1
CGKSINCGK,INT,80,4,RT,2026,1
CGKSINCGK,INT,80,6,RT,2026,3
CGKSINCGK,INT,80,14,RT,2025,1
CGKSINCGK,INT,80,25,RT,2026,1
CGKSINCGK,INT,80,40,RT,2025,3
CGKSINCGK,INT,81,3,RT,2025,1
CGKSINCGK,INT,81,14,RT,2025,2
CGKSINCGK,INT,81,40,RT,2025,6
CGKSINCGK,INT,82,2,RT,2026,3
CGKSINCGK,INT,82,8,RT,2026,1
CGKSINCGK,INT,82,40,RT,2025,2
CGKSINCGK,INT,83,2,RT,2026,3
CGKSINCGK,INT,83,4,RT,2025,4
CGKSINCGK,INT,83,40,RT,2025,1
CGKSINCGK,INT,84,1,RT,2025,6
CGKSINCGK,INT,84,4,RT,2025,1
CGKSINCGK,INT,84,5,RT,2025,2
CGKSINCGK,INT,84,8,RT,2025,4
CGKSINCGK,INT,84,10,RT,2025,2
CGKSINCGK,INT,85,1,RT,2025,2
CGKSINCGK,INT,85,1,RT,2026,1
CGKSINCGK,INT,85,2,RT,2026,4
CGKSINCGK,INT,85,3,RT,2025,2
CGKSINCGK,INT,85,3,RT,2026,2
CGKSINCGK,INT,85,4,RT,2025,1
CGKSINCGK,INT,85,6,RT,2026,6
CGKSINCGK,INT,86,1,RT,2026,2
CGKSINCGK,INT,86,4,RT,2025,1
CGKSINCGK,INT,86,5,RT,2025,1
CGKSINCGK,INT,86,8,RT,2026,3
CGKSINCGK,INT,87,25,RT,2026,1
CGKSINCGK,INT,88,1,RT,2026,2
CGKSINCGK,INT,88,4,RT,2025,3
CGKSINCGK,INT,89,3,RT,2026,2
CGKSINCGK,INT,89,6,RT,2025,6
CGKSINCGK,INT,89,10,RT,2026,2
CGKSINCGK,INT,89,14,RT,2026,1
CGKSINCGK,INT,90,3,RT,2026,5
CGKSINCGK,INT,90,5,RT,2025,2
CGKSINCGK,INT,90,6,RT,2025,1
CGKSINCGK,INT,90,7,RT,2025,1
CGKSINCGK,INT,91,12,RT,2026,3
CGKSINCGK,INT,92,14,RT,2026,1
CGKSINCGK,INT,93,8,RT,2025,2
CGKSINCGK,INT,93,10,RT,2025,1
CGKSINCGK,INT,93,25,RT,2026,2
CGKSINCGK,INT,95,1,RT,2025,4
CGKSINCGK,INT,95,18,RT,2025,4
CGKSINCGK,INT,96,8,RT,2025,2
CGKSINCGK,INT,97,18,RT,2026,1
CGKSINCGK,INT,102,3,RT,2025,3
CGKSINCGK,INT,102,3,RT,2026,1
CGKSINCGK,INT,103,5,RT,2026,4
CGKSINCGK,INT,103,14,RT,2026,1
CGKSINCGK,INT,109,6,RT,2026,1
CGKSINCGK,INT,109,25,RT,2025,4
CGKSINCGK,INT,110,1,RT,2025,1
CGKSINCGK,INT,112,1,RT,2025,2
CGKSINCGK,INT,112,14,RT,2025,1
CGKSINCGK,INT,113,8,RT,2025,2
CGKSINCGK,INT,114,3,RT,2025,3
CGKSINCGK,INT,114,12,RT,2026,1
CGKSINCGK,INT,114,40,RT,2025,1
CGKSINCGK,INT,116,7,RT,2025,3
CGKSINCGK,INT,116,10,RT,2025,1
CGKSINCGK,INT,120,25,RT,2026,3
CGKSINCGK,INT,122,1,RT,2025,3
CGKSINCGK,INT,123,14,RT,2025,1
CGKSINCGK,INT,125,3,RT,2025,3
CGKSINCGK,INT,128,2,RT,2026,1
CGKSINCGK,INT,128,10,RT,2026,4
CGKSINCGK,INT,139,1,RT,2025,2
CGKSINCGK,INT,140,3,RT,2026,1
CGKSINCGK,INT,141,8,RT,2025,1
CGKSINCGK,INT,141,18,RT,2026,1
CGKSINCGK,INT,144,6,RT,2025,6
CGKSINCGK,INT,144,12,RT,2025,3
CGKSINCGK,INT,147,2,RT,2026,1
CGKSINCGK,INT,147,12,RT,2025,3
CGKSINCGK,INT,148,14,RT,2026,4
CGKSINCGK,INT,149,14,RT,2026,4
CGKSINCGK,INT,150,3,RT,2026,6
CGKSINCGK,INT,150,10,RT,2025,3
CGKSINCGK,INT,152,6,RT,2025,3
CGKSINCGK,INT,152,40,RT,2025,5
CGKSINCGK,INT,153,7,RT,2026,2
CGKSINCGK,INT,154,1,RT,2026,1
CGKSINCGK,INT,154,10,RT,2025,2
CGKSINCGK,INT,155,5,RT,2026,3
CGKSINCGK,INT,155,6,RT,2025,1
CGKSINCGK,INT,155,25,RT,2025,6
CGKSINCGK,INT,156,3,RT,2026,6
CGKSINCGK,INT,156,8,RT,2025,2
CGKSINCGK,INT,159,18,RT,2025,2
CGKSINCGK,INT,160,3,RT,2025,3
CGKSINCGK,INT,160,8,RT,2026,1
CGKSINCGK,INT,161,5,RT,2026,5
CGKSINCGK,INT,163,3,RT,2025,3
CGKSINCGK,INT,165,1,RT,2025,4
CGKSINCGK,INT,165,14,RT,2025,3
CGKSINCGK,INT,165,40,RT,2025,1
CGKSINCGK,INT,169,6,RT,2025,1
CGKSINCGK,INT,169,10,RT,2025,1
CGKSINCGK,INT,170,14,RT,2026,4
CGKSINCGK,INT,172,8,RT,2025,1
CGKSINCGK,INT,172,10,RT,2025,2
CGKSINCGK,INT,172,40,RT,2025,3
CGKSINCGK,INT,174,3,RT,2026,2
CGKSINCGK,INT,177,3,RT,2025,2
CGKSINCGK,INT,178,10,RT,2026,1
CGKSINCGK,INT,178,18,RT,2026,3
CGKSINCGK,INT,182,14,RT,2025,6
CGKSINCGK,INT,188,3,RT,2025,5
CGKSINCGK,INT,188,18,RT,2025,2
CGKSINCGK,INT,190,10,RT,2025,1
CGKSINCGK,INT,191,5,RT,2026,4
CGKSINCGK,INT,192,1,RT,2025,2
CGKSINCGK,INT,192,3,RT,2026,1
CGKSINCGK,INT,192,10,RT,2025,1
CGKSINCGK,INT,195,25,RT,2025,3
CGKSINCGK,INT,196,4,RT,2026,4
CGKSINCGK,INT,198,1,RT,2026,4
CGKSINCGK,INT,200,12,RT,2025,2
CGKSINCGK,INT,201,7,RT,2025,3
CGKSINCGK,INT,205,5,RT,2025,1
CGKSINCGK,INT,206,1,RT,2025,1
CGKSINCGK,INT,207,2,RT,2025,2
CGKSINCGK,INT,207,12,RT,2025,3
CGKSINCGK,INT,209,7,RT,2026,4
CGKSINCGK,INT,209,10,RT,2025,3
CGKSINCGK,INT,211,2,RT,2025,1
CGKSINCGK,INT,211,25,RT,2025,1
CGKSINCGK,INT,212,1,RT,2026,1
CGKSINCGK,INT,216,12,RT,2025,3
CGKSINCGK,INT,217,6,RT,2026,1
CGKSINCGK,INT,219,3,RT,2025,6
CGKSINCGK,INT,219,40,RT,2025,1
CGKSOC,DOM,0,0,OW,2025,9
CGKSOC,DOM,0,0,OW,2026,2
CGKSOC,DOM,1,0,OW,2025,9
CGKSOC,DOM,1,0,OW,2026,1
CGKSOC,DOM,2,0,OW,2025,13
CGKSOC,DOM,2,0,OW,2026,14
CGKSOC,DOM,3,0,OW,2025,8
CGKSOC,DOM,3,0,OW,2026,12
CGKSOC,DOM,4,0,OW,2025,5
CGKSOC,DOM,4,0,OW,2026,6
CGKSOC,DOM,5,0,OW,2025,12
CGKSOC,DOM,5,0,OW,2026,8
CGKSOC,DOM,6,0,OW,2025,7
CGKSOC,DOM,6,0,OW,2026,12
CGKSOC,DOM,7,0,OW,2025,14
CGKSOC,DOM,7,0,OW,2026,3
CGKSOC,DOM,8,0,OW,2025,2
CGKSOC,DOM,9,0,OW,2025,10
CGKSOC,DOM,9,0,OW,2026,2
CGKSOC,DOM,10,0,OW,2025,11
CGKSOC,DOM,10,0,OW,2026,9
CGKSOC,DOM,11,0,OW,2025,10
CGKSOC,DOM,11,0,OW,2026,7
CGKSOC,DOM,12,0,OW,2025,7
CGKSOC,DOM,12,0,OW,2026,15
CGKSOC,DOM,13,0,OW,2025,6
CGKSOC,DOM,14,0,OW,2025,6
CGKSOC,DOM,15,0,OW,2025,6
CGKSOC,DOM,15,0,OW,2026,1
CGKSOC,DOM,16,0,OW,2025,5
CGKSOC,DOM,16,0,OW,2026,2
CGKSOC,DOM,17,0,OW,2026,5
CGKSOC,DOM,18,0,OW,2025,6
CGKSOC,DOM,18,0,OW,2026,4
CGKSOC,DOM,19,0,OW,2025,4
CGKSOC,DOM,19,0,OW,2026,1
CGKSOC,DOM,20,0,OW,2025,7
CGKSOC,DOM,21,0,OW,2026,2
CGKSOC,DOM,22,0,OW,2025,9
CGKSOC,DOM,22,0,OW,2026,5
CGKSOC,DOM,23,0,OW,2025,5
CGKSOC,DOM,23,0,OW,2026,10
CGKSOC,DOM,24,0,OW,2025,3
CGKSOC,DOM,24,0,OW,2026,5
CGKSOC,DOM,25,0,OW,2025,6
CGKSOC,DOM,25,0,OW,2026,15
CGKSOC,DOM,26,0,OW,2025,7
CGKSOC,DOM,26,0,OW,2026,6
CGKSOC,DOM,27,0,OW,2025,7
CGKSOC,DOM,27,0,OW,2026,10
CGKSOC,DOM,28,0,OW,2025,7
CGKSOC,DOM,29,0,OW,2025,5
CGKSOC,DOM,29,0,OW,2026,5
CGKSOC,DOM,30,0,OW,2025,10
CGKSOC,DOM,30,0,OW,2026,3
CGKSOC,DOM,31,0,OW,2026,2
CGKSOC,DOM,32,0,OW,2025,7
CGKSOC,DOM,34,0,OW,2025,6
CGKSOC,DOM,36,0,OW,2025,2
CGKSOC,DOM,40,0,OW,2026,2
CGKSOC,DOM,41,0,OW,2025,1
CGKSOC,DOM,41,0,OW,2026,2
CGKSOC,DOM,42,0,OW,2026,1
CGKSOC,DOM,44,0,OW,2025,2
CGKSOC,DOM,44,0,OW,2026,2
CGKSOC,DOM,46,0,OW,2026,2
CGKSOC,DOM,48,0,OW,2025,2
CGKSOC,DOM,48,0,OW,2026,1
CGKSOC,DOM,49,0,OW,2025,1
CGKSOC,DOM,51,0,OW,2026,5
CGKSOC,DOM,52,0,OW,2025,2
CGKSOC,DOM,55,0,OW,2025,2
CGKSOC,DOM,56,0,OW,2025,2
CGKSOC,DOM,58,0,OW,2026,3
CGKSOC,DOM,60,0,OW,2025,2
CGKSOC,DOM,63,0,OW,2025,1
CGKSOC,DOM,63,0,OW,2026,2
CGKSOC,DOM,66,0,OW,2025,1
CGKSOC,DOM,68,0,OW,2025,5
CGKSOC,DOM,69,0,OW,2026,5
CGKSOC,DOM,71,0,OW,2025,1
CGKSOC,DOM,71,0,OW,2026,1
CGKSOC,DOM,73,0,OW,2026,3
CGKSOC,DOM,75,0,OW,2026,6
CGKSOC,DOM,76,0,OW,2025,2
CGKSOC,DOM,76,0,OW,2026,2
CGKSOC,DOM,77,0,OW,2026,2
CGKSOC,DOM,79,0,OW,2025,4
CGKSOC,DOM,79,0,OW,2026,1
CGKSOC,DOM,81,0,OW,2025,1
CGKSOC,DOM,81,0,OW,2026,1
CGKSOC,DOM,82,0,OW,2025,2
CGKSOC,DOM,82,0,OW,2026,7
CGKSOC,DOM,83,0,OW,2025,4
CGKSOC,DOM,84,0,OW,2026,3
CGKSOC,DOM,85,0,OW,2025,7
CGKSOC,DOM,86,0,OW,2026,1
CGKSOC,DOM,87,0,OW,2025,1
CGKSOC,DOM,88,0,OW,2026,2
CGKSOC,DOM,89,0,OW,2025,3
CGKSOC,DOM,90,0,OW,2026,1
CGKSOC,DOM,101,0,OW,2026,2
CGKSOC,DOM,104,0,OW,2025,3
CGKSOC,DOM,105,0,OW,2026,1
CGKSOC,DOM,113,0,OW,2026,2
CGKSOC,DOM,117,0,OW,2025,4
CGKSOC,DOM,122,0,OW,2025,1
CGKSOC,DOM,125,0,OW,2026,6
CGKSOC,DOM,126,0,OW,2025,3
CGKSOC,DOM,134,0,OW,2026,2
CGKSOC,DOM,147,0,OW,2025,4
CGKSOC,DOM,151,0,OW,2025,5
CGKSOC,DOM,153,0,OW,2026,2
CGKSOC,DOM,155,0,OW,2025,1
CGKSOC,DOM,158,0,OW,2026,2
CGKSOC,DOM,171,0,OW,2025,1
CGKSOC,DOM,171,0,OW,2026,2
CGKSOC,DOM,174,0,OW,2025,3
CGKSOC,DOM,174,0,OW,2026,2
CGKSOC,DOM,184,0,OW,2025,1
CGKSOC,DOM,189,0,OW,2025,1
CGKSOC,DOM,195,0,OW,2026,2
CGKSOC,DOM,197,0,OW,2026,2
CGKSOC,DOM,198,0,OW,2025,1
CGKSOC,DOM,200,0,OW,2026,3
CGKSOC,DOM,209,0,OW,2025,1
CGKSOC,DOM,211,0,OW,2025,6
CGKSOC,DOM,211,0,OW,2026,5
CGKSOCCGK,DOM,0,1,RT,2025,1
CGKSOCCGK,DOM,0,2,RT,2025,1
CGKSOCCGK,DOM,0,2,RT,2026,2
CGKSOCCGK,DOM,0,3,RT,2025,1
CGKSOCCGK,DOM,0,3,RT,2026,3
CGKSOCCGK,DOM,0,10,RT,2025,3
CGKSOCCGK,DOM,0,12,RT,2025,1
CGKSOCCGK,DOM,0,12,RT,2026,8
CGKSOCCGK,DOM,0,14,RT,2025,1
CGKSOCCGK,DOM,0,25,RT,2025,1
CGKSOCCGK,DOM,1,1,RT,2025,4
CGKSOCCGK,DOM,1,2,RT,2026,3
CGKSOCCGK,DOM,1,3,RT,2025,4
CGKSOCCGK,DOM,1,3,RT,2026,4
CGKSOCCGK,DOM,1,4,RT,2026,2
CGKSOCCGK,DOM,1,5,RT,2025,4
CGKSOCCGK,DOM,1,6,RT,2026,3
CGKSOCCGK,DOM,1,10,RT,2026,4
CGKSOCCGK,DOM,1,14,RT,2025,1
CGKSOCCGK,DOM,1,40,RT,2025,4
CGKSOCCGK,DOM,2,1,RT,2025,2
CGKSOCCGK,DOM,2,2,RT,2025,2
CGKSOCCGK,DOM,2,3,RT,2026,2
CGKSOCCGK,DOM,2,5,RT,2025,3
CGKSOCCGK,DOM,2,12,RT,2025,2
CGKSOCCGK,DOM,2,25,RT,2025,1
CGKSOCCGK,DOM,2,40,RT,2025,2
CGKSOCCGK,DOM,3,1,RT,2025,1
CGKSOCCGK,DOM,3,1,RT,2026,3
CGKSOCCGK,DOM,3,2,RT,2026,1
CGKSOCCGK,DOM,3,3,RT,2025,7
CGKSOCCGK,DOM,3,3,RT,2026,3
CGKSOCCGK,DOM,3,5,RT,2026,2
CGKSOCCGK,DOM,3,10,RT,2026,1
CGKSOCCGK,DOM,3,12,RT,2025,4
CGKSOCCGK,DOM,3,25,RT,2025,5
CGKSOCCGK,DOM,3,25,RT,2026,1
CGKSOCCGK,DOM,3,40,RT,2025,4
CGKSOCCGK,DOM,3,40,RT,2026,6
CGKSOCCGK,DOM,4,1,RT,2026,2
CGKSOCCGK,DOM,4,8,RT,2026,6
CGKSOCCGK,DOM,4,10,RT,2025,1
CGKSOCCGK,DOM,4,14,RT,2025,3
CGKSOCCGK,DOM,4,18,RT,2026,2
CGKSOCCGK,DOM,4,25,RT,2025,6
CGKSOCCGK,DOM,4,40,RT,2025,1
CGKSOCCGK,DOM,5,1,RT,2025,5
CGKSOCCGK,DOM,5,2,RT,2025,3
CGKSOCCGK,DOM,5,2,RT,2026,1
CGKSOCCGK,DOM,5,3,RT,2026,1
CGKSOCCGK,DOM,5,4,RT,2025,3
CGKSOCCGK,DOM,5,5,RT,2026,1
CGKSOCCGK,DOM,5,7,RT,2025,1
CGKSOCCGK,DOM,5,10,RT,2026,2
CGKSOCCGK,DOM,5,12,RT,2026,3
CGKSOCCGK,DOM,5,14,RT,2026,1
CGKSOCCGK,DOM,5,18,RT,2025,1
CGKSOCCGK,DOM,5,25,RT,2025,2
CGKSOCCGK,DOM,5,25,RT,2026,2
CGKSOCCGK,DOM,6,1,RT,2025,3
CGKSOCCGK,DOM,6,1,RT,2026,2
CGKSOCCGK,DOM,6,3,RT,2025,4
CGKSOCCGK,DOM,6,4,RT,2025,5
CGKSOCCGK,DOM,6,12,RT,2025,5
CGKSOCCGK,DOM,6,12,RT,2026,2
CGKSOCCGK,DOM,6,14,RT,2026,5
CGKSOCCGK,DOM,6,18,RT,2025,1
CGKSOCCGK,DOM,6,25,RT,2025,2
CGKSOCCGK,DOM,6,40,RT,2025,3
CGKSOCCGK,DOM,6,40,RT,2026,4
CGKSOCCGK,DOM,7,1,RT,2025,1
CGKSOCCGK,DOM,7,2,RT,2025,1
CGKSOCCGK,DOM,7,6,RT,2025,7
CGKSOCCGK,DOM,7,7,RT,2025,1
CGKSOCCGK,DOM,7,7,RT,2026,1
CGKSOCCGK,DOM,7,8,RT,2026,5
CGKSOCCGK,DOM,7,10,RT,2026,2
CGKSOCCGK,DOM,7,12,RT,2025,2
CGKSOCCGK,DOM,7,12,RT,2026,3
CGKSOCCGK,DOM,7,14,RT,2025,3
CGKSOCCGK,DOM,7,14,RT,2026,1
CGKSOCCGK,DOM,7,18,RT,2025,1
CGKSOCCGK,DOM,7,25,RT,2026,1
CGKSOCCGK,DOM,7,40,RT,2025,1
CGKSOCCGK,DOM,8,3,RT,2026,6
CGKSOCCGK,DOM,8,14,RT,2025,1
CGKSOCCGK,DOM,9,2,RT,2025,6
CGKSOCCGK,DOM,9,6,RT,2025,2
CGKSOCCGK,DOM,9,14,RT,2025,8
CGKSOCCGK,DOM,10,1,RT,2026,2
CGKSOCCGK,DOM,10,2,RT,2026,4
CGKSOCCGK,DOM,10,6,RT,2026,1
CGKSOCCGK,DOM,10,12,RT,2025,6
CGKSOCCGK,DOM,10,14,RT,2025,1
CGKSOCCGK,DOM,11,1,RT,2025,1
CGKSOCCGK,DOM,11,2,RT,2026,2
CGKSOCCGK,DOM,11,3,RT,2025,2
CGKSOCCGK,DOM,11,4,RT,2026,1
CGKSOCCGK,DOM,11,6,RT,2026,3
CGKSOCCGK,DOM,11,8,RT,2025,1
CGKSOCCGK,DOM,11,10,RT,2025,2
CGKSOCCGK,DOM,11,18,RT,2026,1
CGKSOCCGK,DOM,11,25,RT,2025,3
CGKSOCCGK,DOM,12,2,RT,2025,3
CGKSOCCGK,DOM,12,2,RT,2026,4
CGKSOCCGK,DOM,12,5,RT,2025,2
CGKSOCCGK,DOM,12,10,RT,2026,5
CGKSOCCGK,DOM,12,18,RT,2026,2
CGKSOCCGK,DOM,13,3,RT,2025,1
CGKSOCCGK,DOM,13,4,RT,2026,2
CGKSOCCGK,DOM,13,7,RT,2026,3
CGKSOCCGK,DOM,13,18,RT,2026,2
CGKSOCCGK,DOM,13,40,RT,2025,2
CGKSOCCGK,DOM,14,1,RT,2025,1
CGKSOCCGK,DOM,14,2,RT,2026,2
CGKSOCCGK,DOM,14,3,RT,2025,1
CGKSOCCGK,DOM,14,4,RT,2026,2
CGKSOCCGK,DOM,14,5,RT,2025,4
CGKSOCCGK,DOM,14,7,RT,2026,1
CGKSOCCGK,DOM,14,10,RT,2025,2
CGKSOCCGK,DOM,14,14,RT,2025,1
CGKSOCCGK,DOM,14,14,RT,2026,1
CGKSOCCGK,DOM,14,40,RT,2025,4
CGKSOCCGK,DOM,15,3,RT,2025,4
CGKSOCCGK,DOM,15,10,RT,2025,1
CGKSOCCGK,DOM,15,40,RT,2026,6
CGKSOCCGK,DOM,16,1,RT,2026,1
CGKSOCCGK,DOM,16,3,RT,2025,2
CGKSOCCGK,DOM,16,4,RT,2026,4
CGKSOCCGK,DOM,16,8,RT,2026,1
CGKSOCCGK,DOM,16,18,RT,2026,4
CGKSOCCGK,DOM,17,1,RT,2025,3
CGKSOCCGK,DOM,17,2,RT,2025,4
CGKSOCCGK,DOM,17,5,RT,2025,3
CGKSOCCGK,DOM,17,10,RT,2025,4
CGKSOCCGK,DOM,17,12,RT,2025,1
CGKSOCCGK,DOM,17,40,RT,2026,2
CGKSOCCGK,DOM,18,2,RT,2025,3
CGKSOCCGK,DOM,18,7,RT,2026,4
CGKSOCCGK,DOM,18,25,RT,2025,3
CGKSOCCGK,DOM,19,2,RT,2025,1
CGKSOCCGK,DOM,19,3,RT,2025,6
CGKSOCCGK,DOM,19,5,RT,2025,6
CGKSOCCGK,DOM,19,6,RT,2026,1
CGKSOCCGK,DOM,20,2,RT,2026,1
CGKSOCCGK,DOM,20,4,RT,2026,1
CGKSOCCGK,DOM,21,2,RT,2025,5
CGKSOCCGK,DOM,21,3,RT,2025,2
CGKSOCCGK,DOM,21,3,RT,2026,2
CGKSOCCGK,DOM,21,5,RT,2025,1
CGKSOCCGK,DOM,21,18,RT,2025,2
CGKSOCCGK,DOM,22,2,RT,2026,4
CGKSOCCGK,DOM,22,4,RT,2026,3
CGKSOCCGK,DOM,22,5,RT,2026,4
CGKSOCCGK,DOM,22,6,RT,2025,4
CGKSOCCGK,DOM,22,12,RT,2025,2
CGKSOCCGK,DOM,22,14,RT,2026,3
CGKSOCCGK,DOM,23,2,RT,2025,1
CGKSOCCGK,DOM,23,6,RT,2026,2
CGKSOCCGK,DOM,23,7,RT,2025,1
CGKSOCCGK,DOM,24,2,RT,2025,1
CGKSOCCGK,DOM,24,3,RT,2025,1
CGKSOCCGK,DOM,24,3,RT,2026,2
CGKSOCCGK,DOM,24,5,RT,2025,6
CGKSOCCGK,DOM,24,10,RT,2026,1
CGKSOCCGK,DOM,25,1,RT,2026,2
CGKSOCCGK,DOM,25,2,RT,2025,4
CGKSOCCGK,DOM,25,3,RT,2025,2
CGKSOCCGK,DOM,25,5,RT,2025,1
CGKSOCCGK,DOM,25,14,RT,2026,1
CGKSOCCGK,DOM,25,40,RT,2025,1
CGKSOCCGK,DOM,26,3,RT,2025,3
CGKSOCCGK,DOM,26,18,RT,2025,2
CGKSOCCGK,DOM,26,25,RT,2025,1
CGKSOCCGK,DOM,27,2,RT,2026,6
CGKSOCCGK,DOM,27,3,RT,2025,1
CGKSOCCGK,DOM,27,25,RT,2026,2
CGKSOCCGK,DOM,27,40,RT,2026,3
CGKSOCCGK,DOM,28,2,RT,2026,6
CGKSOCCGK,DOM,28,3,RT,2025,6
CGKSOCCGK,DOM,28,6,RT,2026,2
CGKSOCCGK,DOM,28,10,RT,2025,1
CGKSOCCGK,DOM,28,18,RT,2025,1
CGKSOCCGK,DOM,28,25,RT,2026,1
CGKSOCCGK,DOM,28,40,RT,2026,1
CGKSOCCGK,DOM,29,4,RT,2026,6
CGKSOCCGK,DOM,29,5,RT,2026,1
CGKSOCCGK,DOM,29,10,RT,2026,4
CGKSOCCGK,DOM,29,25,RT,2026,2
CGKSOCCGK,DOM,30,2,RT,2026,2
CGKSOCCGK,DOM,30,3,RT,2026,3
CGKSOCCGK,DOM,30,10,RT,2025,3
CGKSOCCGK,DOM,30,10,RT,2026,6
CGKSOCCGK,DOM,30,12,RT,2026,2
CGKSOCCGK,DOM,31,8,RT,2026,5
CGKSOCCGK,DOM,32,10,RT,2025,6
CGKSOCCGK,DOM,33,7,RT,2025,1
CGKSOCCGK,DOM,33,40,RT,2026,2
CGKSOCCGK,DOM,34,1,RT,2026,2
CGKSOCCGK,DOM,34,3,RT,2026,1
CGKSOCCGK,DOM,35,2,RT,2025,5
CGKSOCCGK,DOM,35,3,RT,2025,5
CGKSOCCGK,DOM,36,3,RT,2025,1
CGKSOCCGK,DOM,36,5,RT,2025,1
CGKSOCCGK,DOM,36,7,RT,2025,1
CGKSOCCGK,DOM,37,2,RT,2025,1
CGKSOCCGK,DOM,41,40,RT,2025,4
CGKSOCCGK,DOM,41,40,RT,2026,2
CGKSOCCGK,DOM,43,10,RT,2025,1
CGKSOCCGK,DOM,43,14,RT,2025,1
CGKSOCCGK,DOM,44,1,RT,2025,1
CGKSOCCGK,DOM,44,2,RT,2026,2
CGKSOCCGK,DOM,44,4,RT,2026,6
CGKSOCCGK,DOM,45,12,RT,2025,1
CGKSOCCGK,DOM,45,40,RT,2025,1
CGKSOCCGK,DOM,46,18,RT,2025,4
CGKSOCCGK,DOM,47,7,RT,2025,1
CGKSOCCGK,DOM,47,12,RT,2025,1
CGKSOCCGK,DOM,48,3,RT,2026,1
CGKSOCCGK,DOM,48,7,RT,2026,1
CGKSOCCGK,DOM,50,8,RT,2026,5
CGKSOCCGK,DOM,50,12,RT,2026,6
CGKSOCCGK,DOM,51,1,RT,2026,2
CGKSOCCGK,DOM,52,7,RT,2026,2
CGKSOCCGK,DOM,52,14,RT,2025,2
CGKSOCCGK,DOM,53,4,RT,2025,6
CGKSOCCGK,DOM,54,3,RT,2025,5
CGKSOCCGK,DOM,54,6,RT,2026,1
CGKSOCCGK,DOM,54,40,RT,2025,1
CGKSOCCGK,DOM,55,7,RT,2025,1
CGKSOCCGK,DOM,55,18,RT,2025,1
CGKSOCCGK,DOM,55,25,RT,2025,2
CGKSOCCGK,DOM,57,18,RT,2026,4
CGKSOCCGK,DOM,60,2,RT,2025,1
CGKSOCCGK,DOM,60,6,RT,2026,1
CGKSOCCGK,DOM,61,40,RT,2026,1
CGKSOCCGK,DOM,63,1,RT,2025,1
CGKSOCCGK,DOM,63,2,RT,2026,5
CGKSOCCGK,DOM,63,3,RT,2026,4
CGKSOCCGK,DOM,63,8,RT,2025,3
CGKSOCCGK,DOM,63,12,RT,2026,3
CGKSOCCGK,DOM,64,18,RT,2026,5
CGKSOCCGK,DOM,65,1,RT,2026,1
CGKSOCCGK,DOM,67,1,RT,2025,2
CGKSOCCGK,DOM,67,8,RT,2026,1
CGKSOCCGK,DOM,68,18,RT,2025,7
CGKSOCCGK,DOM,69,3,RT,2026,2
CGKSOCCGK,DOM,69,40,RT,2025,2
CGKSOCCGK,DOM,69,40,RT,2026,4
CGKSOCCGK,DOM,72,8,RT,2026,5
CGKSOCCGK,DOM,73,18,RT,2025,1
CGKSOCCGK,DOM,75,12,RT,2026,2
CGKSOCCGK,DOM,76,2,RT,2026,2
CGKSOCCGK,DOM,76,14,RT,2025,1
CGKSOCCGK,DOM,77,2,RT,2026,1
CGKSOCCGK,DOM,77,14,RT,2026,6
CGKSOCCGK,DOM,78,1,RT,2026,1
CGKSOCCGK,DOM,79,5,RT,2026,1
CGKSOCCGK,DOM,81,5,RT,2025,2
CGKSOCCGK,DOM,82,14,RT,2025,4
CGKSOCCGK,DOM,86,6,RT,2025,3
CGKSOCCGK,DOM,87,1,RT,2026,1
CGKSOCCGK,DOM,88,1,RT,2026,2
CGKSOCCGK,DOM,93,8,RT,2025,1
CGKSOCCGK,DOM,94,1,RT,2026,6
CGKSOCCGK,DOM,95,2,RT,2025,1
CGKSOCCGK,DOM,96,10,RT,2026,2
CGKSOCCGK,DOM,96,18,RT,2025,4
CGKSOCCGK,DOM,98,5,RT,2025,2
CGKSOCCGK,DOM,99,8,RT,2025,1
CGKSOCCGK,DOM,100,4,RT,2026,3
CGKSOCCGK,DOM,102,3,RT,2026,2
CGKSOCCGK,DOM,112,7,RT,2025,1
CGKSOCCGK,DOM,127,8,RT,2026,2
CGKSOCCGK,DOM,133,14,RT,2025,1
CGKSOCCGK,DOM,135,8,RT,2026,1
CGKSOCCGK,DOM,142,8,RT,2025,2
CGKSOCCGK,DOM,145,3,RT,2025,1
CGKSOCCGK,DOM,146,14,RT,2026,4
CGKSOCCGK,DOM,148,2,RT,2025,6
CGKSOCCGK,DOM,150,1,RT,2025,1
CGKSOCCGK,DOM,152,2,RT,2025,2
CGKSOCCGK,DOM,153,8,RT,2025,4
CGKSOCCGK,DOM,158,2,RT,2025,2
CGKSOCCGK,DOM,162,4,RT,2025,1
CGKSOCCGK,DOM,169,12,RT,2025,2
CGKSOCCGK,DOM,170,6,RT,2025,1
CGKSOCCGK,DOM,173,1,RT,2025,1
CGKSOCCGK,DOM,177,5,RT,2026,2
CGKSOCCGK,DOM,182,3,RT,2025,3
CGKSOCCGK,DOM,183,18,RT,2025,1
CGKSOCCGK,DOM,184,1,RT,2026,3
CGKSOCCGK,DOM,191,3,RT,2026,1
CGKSOCCGK,DOM,193,1,RT,2025,3
CGKSOCCGK,DOM,198,10,RT,2025,2
CGKSOCCGK,DOM,199,3,RT,2026,1
CGKSOCCGK,DOM,201,4,RT,2026,2
CGKSOCCGK,DOM,201,10,RT,2026,3
CGKSOCCGK,DOM,209,25,RT,2026,4
CGKSOCCGK,DOM,211,5,RT,2025,1
CGKSOCCGK,DOM,216,6,RT,2026,1
CGKSRG,DOM,0,0,OW,2025,16
CGKSRG,DOM,0,0,OW,2026,25
CGKSRG,DOM,1,0,OW,2025,12
CGKSRG,DOM,1,0,OW,2026,17
CGKSRG,DOM,2,0,OW,2025,27
CGKSRG,DOM,2,0,OW,2026,16
CGKSRG,DOM,3,0,OW,2025,13
CGKSRG,DOM,3,0,OW,2026,11
CGKSRG,DOM,4,0,OW,2025,19
CGKSRG,DOM,4,0,OW,2026,17
CGKSRG,DOM,5,0,OW,2025,18
CGKSRG,DOM,5,0,OW,2026,22
CGKSRG,DOM,6,0,OW,2025,24
CGKSRG,DOM,6,0,OW,2026,3
CGKSRG,DOM,7,0,OW,2025,21
CGKSRG,DOM,7,0,OW,2026,18
CGKSRG,DOM,8,0,OW,2025,11
CGKSRG,DOM,8,0,OW,2026,6
CGKSRG,DOM,9,0,OW,2025,4
CGKSRG,DOM,9,0,OW,2026,6
CGKSRG,DOM,10,0,OW,2025,7
CGKSRG,DOM,10,0,OW,2026,8
CGKSRG,DOM,11,0,OW,2025,12
CGKSRG,DOM,11,0,OW,2026,8
CGKSRG,DOM,12,0,OW,2025,8
CGKSRG,DOM,12,0,OW,2026,16
CGKSRG,DOM,13,0,OW,2025,5
CGKSRG,DOM,13,0,OW,2026,2
CGKSRG,DOM,14,0,OW,2025,7
CGKSRG,DOM,14,0,OW,2026,3
CGKSRG,DOM,15,0,OW,2025,10
CGKSRG,DOM,15,0,OW,2026,8
CGKSRG,DOM,16,0,OW,2025,9
CGKSRG,DOM,16,0,OW,2026,4
CGKSRG,DOM,17,0,OW,2025,2
CGKSRG,DOM,17,0,OW,2026,5
CGKSRG,DOM,18,0,OW,2025,11
CGKSRG,DOM,18,0,OW,2026,6
CGKSRG,DOM,19,0,OW,2025,10
CGKSRG,DOM,19,0,OW,2026,7
CGKSRG,DOM,20,0,OW,2025,22
CGKSRG,DOM,20,0,OW,2026,4
CGKSRG,DOM,21,0,OW,2025,4
CGKSRG,DOM,21,0,OW,2026,12
CGKSRG,DOM,22,0,OW,2025,12
CGKSRG,DOM,22,0,OW,2026,7
CGKSRG,DOM,23,0,OW,2025,12
CGKSRG,DOM,23,0,OW,2026,8
CGKSRG,DOM,24,0,OW,2025,5
CGKSRG,DOM,24,0,OW,2026,10
CGKSRG,DOM,25,0,OW,2025,19
CGKSRG,DOM,25,0,OW,2026,8
CGKSRG,DOM,26,0,OW,2025,12
CGKSRG,DOM,26,0,OW,2026,2
CGKSRG,DOM,27,0,OW,2025,9
CGKSRG,DOM,27,0,OW,2026,3
CGKSRG,DOM,28,0,OW,2026,4
CGKSRG,DOM,29,0,OW,2025,12
CGKSRG,DOM,29,0,OW,2026,1
CGKSRG,DOM,30,0,OW,2025,16
CGKSRG,DOM,30,0,OW,2026,3
CGKSRG,DOM,31,0,OW,2026,3
CGKSRG,DOM,32,0,OW,2025,3
CGKSRG,DOM,32,0,OW,2026,1
CGKSRG,DOM,33,0,OW,2025,1
CGKSRG,DOM,33,0,OW,2026,2
CGKSRG,DOM,35,0,OW,2026,4
CGKSRG,DOM,36,0,OW,2025,3
CGKSRG,DOM,36,0,OW,2026,4
CGKSRG,DOM,37,0,OW,2025,6
CGKSRG,DOM,40,0,OW,2025,4
CGKSRG,DOM,40,0,OW,2026,3
CGKSRG,DOM,41,0,OW,2025,6
CGKSRG,DOM,41,0,OW,2026,1
CGKSRG,DOM,42,0,OW,2025,11
CGKSRG,DOM,43,0,OW,2025,8
CGKSRG,DOM,45,0,OW,2025,5
CGKSRG,DOM,46,0,OW,2025,2
CGKSRG,DOM,46,0,OW,2026,2
CGKSRG,DOM,48,0,OW,2026,4
CGKSRG,DOM,49,0,OW,2025,4
CGKSRG,DOM,50,0,OW,2025,4
CGKSRG,DOM,51,0,OW,2025,4
CGKSRG,DOM,52,0,OW,2025,3
CGKSRG,DOM,53,0,OW,2025,6
CGKSRG,DOM,54,0,OW,2025,6
CGKSRG,DOM,55,0,OW,2025,2
CGKSRG,DOM,56,0,OW,2025,3
CGKSRG,DOM,56,0,OW,2026,6
CGKSRG,DOM,57,0,OW,2025,2
CGKSRG,DOM,57,0,OW,2026,4
CGKSRG,DOM,58,0,OW,2025,4
CGKSRG,DOM,58,0,OW,2026,1
CGKSRG,DOM,59,0,OW,2025,5
CGKSRG,DOM,60,0,OW,2025,1
CGKSRG,DOM,62,0,OW,2025,1
CGKSRG,DOM,63,0,OW,2025,5
CGKSRG,DOM,64,0,OW,2025,1
CGKSRG,DOM,65,0,OW,2025,1
CGKSRG,DOM,66,0,OW,2026,3
CGKSRG,DOM,67,0,OW,2025,11
CGKSRG,DOM,67,0,OW,2026,1
CGKSRG,DOM,69,0,OW,2025,1
CGKSRG,DOM,71,0,OW,2025,7
CGKSRG,DOM,71,0,OW,2026,4
CGKSRG,DOM,72,0,OW,2026,1
CGKSRG,DOM,73,0,OW,2025,10
CGKSRG,DOM,73,0,OW,2026,4
CGKSRG,DOM,74,0,OW,2025,1
CGKSRG,DOM,75,0,OW,2025,1
CGKSRG,DOM,76,0,OW,2025,2
CGKSRG,DOM,76,0,OW,2026,4
CGKSRG,DOM,77,0,OW,2025,6
CGKSRG,DOM,77,0,OW,2026,1
CGKSRG,DOM,78,0,OW,2026,2
CGKSRG,DOM,80,0,OW,2025,5
CGKSRG,DOM,81,0,OW,2026,4
CGKSRG,DOM,83,0,OW,2025,1
CGKSRG,DOM,83,0,OW,2026,3
CGKSRG,DOM,86,0,OW,2025,2
CGKSRG,DOM,87,0,OW,2025,3
CGKSRG,DOM,87,0,OW,2026,2
CGKSRG,DOM,88,0,OW,2026,4
CGKSRG,DOM,89,0,OW,2025,2
CGKSRG,DOM,89,0,OW,2026,2
CGKSRG,DOM,90,0,OW,2026,6
CGKSRG,DOM,96,0,OW,2026,1
CGKSRG,DOM,99,0,OW,2025,1
CGKSRG,DOM,103,0,OW,2025,4
CGKSRG,DOM,103,0,OW,2026,4
CGKSRG,DOM,104,0,OW,2025,2
CGKSRG,DOM,110,0,OW,2026,4
CGKSRG,DOM,111,0,OW,2025,2
CGKSRG,DOM,112,0,OW,2025,1
CGKSRG,DOM,130,0,OW,2025,7
CGKSRG,DOM,132,0,OW,2025,1
CGKSRG,DOM,134,0,OW,2026,6
CGKSRG,DOM,139,0,OW,2025,1
CGKSRG,DOM,142,0,OW,2026,1
CGKSRG,DOM,145,0,OW,2025,1
CGKSRG,DOM,147,0,OW,2026,4
CGKSRG,DOM,148,0,OW,2026,4
CGKSRG,DOM,156,0,OW,2025,3
CGKSRG,DOM,159,0,OW,2026,1
CGKSRG,DOM,164,0,OW,2025,3
CGKSRG,DOM,167,0,OW,2026,1
CGKSRG,DOM,172,0,OW,2025,3
CGKSRG,DOM,183,0,OW,2025,2
CGKSRG,DOM,183,0,OW,2026,1
CGKSRG,DOM,195,0,OW,2026,1
CGKSRG,DOM,198,0,OW,2026,1
CGKSRG,DOM,203,0,OW,2026,3
CGKSRG,DOM,205,0,OW,2026,3
CGKSRG,DOM,217,0,OW,2025,1
CGKSRG,DOM,218,0,OW,2026,2
CGKSRGCGK,DOM,0,1,RT,2025,1
CGKSRGCGK,DOM,0,2,RT,2025,2
CGKSRGCGK,DOM,0,3,RT,2025,5
CGKSRGCGK,DOM,0,3,RT,2026,9
CGKSRGCGK,DOM,0,4,RT,2025,1
CGKSRGCGK,DOM,0,6,RT,2025,4
CGKSRGCGK,DOM,0,7,RT,2025,2
CGKSRGCGK,DOM,0,7,RT,2026,4
CGKSRGCGK,DOM,0,10,RT,2025,1
CGKSRGCGK,DOM,0,18,RT,2025,1
CGKSRGCGK,DOM,0,18,RT,2026,4
CGKSRGCGK,DOM,0,25,RT,2026,2
CGKSRGCGK,DOM,0,40,RT,2025,1
CGKSRGCGK,DOM,1,1,RT,2025,2
CGKSRGCGK,DOM,1,1,RT,2026,9
CGKSRGCGK,DOM,1,2,RT,2025,5
CGKSRGCGK,DOM,1,3,RT,2025,6
CGKSRGCGK,DOM,1,4,RT,2026,2
CGKSRGCGK,DOM,1,5,RT,2025,4
CGKSRGCGK,DOM,1,6,RT,2025,2
CGKSRGCGK,DOM,1,7,RT,2025,7
CGKSRGCGK,DOM,1,8,RT,2025,3
CGKSRGCGK,DOM,1,8,RT,2026,1
CGKSRGCGK,DOM,1,10,RT,2025,1
CGKSRGCGK,DOM,1,12,RT,2025,2
CGKSRGCGK,DOM,1,14,RT,2025,2
CGKSRGCGK,DOM,1,18,RT,2025,2
CGKSRGCGK,DOM,1,18,RT,2026,4
CGKSRGCGK,DOM,2,2,RT,2026,7
CGKSRGCGK,DOM,2,3,RT,2025,12
CGKSRGCGK,DOM,2,4,RT,2026,3
CGKSRGCGK,DOM,2,5,RT,2025,5
CGKSRGCGK,DOM,2,7,RT,2025,4
CGKSRGCGK,DOM,2,12,RT,2025,2
CGKSRGCGK,DOM,2,40,RT,2025,4
CGKSRGCGK,DOM,3,1,RT,2025,2
CGKSRGCGK,DOM,3,4,RT,2025,2
CGKSRGCGK,DOM,3,4,RT,2026,1
CGKSRGCGK,DOM,3,7,RT,2025,7
CGKSRGCGK,DOM,3,7,RT,2026,1
CGKSRGCGK,DOM,3,8,RT,2026,1
CGKSRGCGK,DOM,3,10,RT,2025,2
CGKSRGCGK,DOM,3,14,RT,2026,1
CGKSRGCGK,DOM,3,18,RT,2026,1
CGKSRGCGK,DOM,3,25,RT,2025,4
CGKSRGCGK,DOM,3,25,RT,2026,3
CGKSRGCGK,DOM,3,40,RT,2025,1
CGKSRGCGK,DOM,4,1,RT,2025,1
CGKSRGCGK,DOM,4,1,RT,2026,5
CGKSRGCGK,DOM,4,2,RT,2025,5
CGKSRGCGK,DOM,4,2,RT,2026,2
CGKSRGCGK,DOM,4,3,RT,2025,5
CGKSRGCGK,DOM,4,4,RT,2025,1
CGKSRGCGK,DOM,4,5,RT,2025,2
CGKSRGCGK,DOM,4,7,RT,2025,4
CGKSRGCGK,DOM,4,8,RT,2025,2
CGKSRGCGK,DOM,4,10,RT,2026,2
CGKSRGCGK,DOM,4,14,RT,2025,3
CGKSRGCGK,DOM,4,14,RT,2026,6
CGKSRGCGK,DOM,4,25,RT,2025,3
CGKSRGCGK,DOM,4,25,RT,2026,3
CGKSRGCGK,DOM,4,40,RT,2025,1
CGKSRGCGK,DOM,5,1,RT,2025,4
CGKSRGCGK,DOM,5,2,RT,2026,10
CGKSRGCGK,DOM,5,4,RT,2025,2
CGKSRGCGK,DOM,5,4,RT,2026,2
CGKSRGCGK,DOM,5,6,RT,2025,5
CGKSRGCGK,DOM,5,8,RT,2025,3
CGKSRGCGK,DOM,5,10,RT,2025,1
CGKSRGCGK,DOM,5,10,RT,2026,2
CGKSRGCGK,DOM,5,12,RT,2025,1
CGKSRGCGK,DOM,5,12,RT,2026,4
CGKSRGCGK,DOM,5,14,RT,2025,6
CGKSRGCGK,DOM,5,18,RT,2025,9
CGKSRGCGK,DOM,5,18,RT,2026,3
CGKSRGCGK,DOM,5,25,RT,2025,1
CGKSRGCGK,DOM,5,40,RT,2025,3
CGKSRGCGK,DOM,6,1,RT,2025,3
CGKSRGCGK,DOM,6,1,RT,2026,3
CGKSRGCGK,DOM,6,2,RT,2025,8
CGKSRGCGK,DOM,6,3,RT,2025,1
CGKSRGCGK,DOM,6,4,RT,2026,1
CGKSRGCGK,DOM,6,5,RT,2025,12
CGKSRGCGK,DOM,6,5,RT,2026,7
CGKSRGCGK,DOM,6,6,RT,2026,3
CGKSRGCGK,DOM,6,8,RT,2026,1
CGKSRGCGK,DOM,6,12,RT,2026,2
CGKSRGCGK,DOM,6,14,RT,2025,1
CGKSRGCGK,DOM,6,25,RT,2025,9
CGKSRGCGK,DOM,6,40,RT,2025,2
CGKSRGCGK,DOM,7,1,RT,2025,1
CGKSRGCGK,DOM,7,1,RT,2026,2
CGKSRGCGK,DOM,7,2,RT,2025,1
CGKSRGCGK,DOM,7,2,RT,2026,4
CGKSRGCGK,DOM,7,3,RT,2026,12
CGKSRGCGK,DOM,7,4,RT,2025,2
CGKSRGCGK,DOM,7,6,RT,2026,3
CGKSRGCGK,DOM,7,12,RT,2025,4
CGKSRGCGK,DOM,7,18,RT,2025,2
CGKSRGCGK,DOM,7,25,RT,2026,1
CGKSRGCGK,DOM,7,40,RT,2025,2
CGKSRGCGK,DOM,8,4,RT,2026,3
CGKSRGCGK,DOM,8,6,RT,2025,5
CGKSRGCGK,DOM,8,12,RT,2025,1
CGKSRGCGK,DOM,8,12,RT,2026,6
CGKSRGCGK,DOM,8,14,RT,2025,4
CGKSRGCGK,DOM,9,2,RT,2025,1
CGKSRGCGK,DOM,9,7,RT,2025,1
CGKSRGCGK,DOM,9,10,RT,2026,5
CGKSRGCGK,DOM,9,12,RT,2026,1
CGKSRGCGK,DOM,9,18,RT,2026,1
CGKSRGCGK,DOM,10,2,RT,2025,1
CGKSRGCGK,DOM,10,2,RT,2026,4
CGKSRGCGK,DOM,10,3,RT,2025,1
CGKSRGCGK,DOM,10,3,RT,2026,2
CGKSRGCGK,DOM,10,5,RT,2026,6
CGKSRGCGK,DOM,10,6,RT,2025,6
CGKSRGCGK,DOM,10,10,RT,2026,1
CGKSRGCGK,DOM,10,25,RT,2026,6
CGKSRGCGK,DOM,11,1,RT,2025,4
CGKSRGCGK,DOM,11,1,RT,2026,3
CGKSRGCGK,DOM,11,8,RT,2026,1
CGKSRGCGK,DOM,11,40,RT,2025,4
CGKSRGCGK,DOM,11,40,RT,2026,6
CGKSRGCGK,DOM,12,1,RT,2026,9
CGKSRGCGK,DOM,12,3,RT,2025,2
CGKSRGCGK,DOM,12,4,RT,2026,2
CGKSRGCGK,DOM,12,10,RT,2025,2
CGKSRGCGK,DOM,12,14,RT,2025,2
CGKSRGCGK,DOM,12,18,RT,2025,2
CGKSRGCGK,DOM,12,40,RT,2026,3
CGKSRGCGK,DOM,13,1,RT,2026,1
CGKSRGCGK,DOM,13,2,RT,2025,1
CGKSRGCGK,DOM,13,5,RT,2026,2
CGKSRGCGK,DOM,13,14,RT,2025,1
CGKSRGCGK,DOM,13,25,RT,2026,3
CGKSRGCGK,DOM,14,1,RT,2025,2
CGKSRGCGK,DOM,14,1,RT,2026,2
CGKSRGCGK,DOM,14,2,RT,2025,10
CGKSRGCGK,DOM,14,7,RT,2026,2
CGKSRGCGK,DOM,14,10,RT,2025,4
CGKSRGCGK,DOM,14,25,RT,2025,3
CGKSRGCGK,DOM,14,40,RT,2026,1
CGKSRGCGK,DOM,15,1,RT,2025,4
CGKSRGCGK,DOM,15,2,RT,2025,2
CGKSRGCGK,DOM,15,3,RT,2025,4
CGKSRGCGK,DOM,15,3,RT,2026,2
CGKSRGCGK,DOM,15,4,RT,2025,6
CGKSRGCGK,DOM,15,5,RT,2025,1
CGKSRGCGK,DOM,15,6,RT,2026,2
CGKSRGCGK,DOM,15,7,RT,2025,5
CGKSRGCGK,DOM,15,8,RT,2025,4
CGKSRGCGK,DOM,15,14,RT,2026,3
CGKSRGCGK,DOM,16,1,RT,2026,4
CGKSRGCGK,DOM,16,2,RT,2025,3
CGKSRGCGK,DOM,16,3,RT,2025,3
CGKSRGCGK,DOM,16,4,RT,2026,3
CGKSRGCGK,DOM,16,8,RT,2025,5
CGKSRGCGK,DOM,16,18,RT,2025,2
CGKSRGCGK,DOM,16,25,RT,2025,1
CGKSRGCGK,DOM,17,1,RT,2025,1
CGKSRGCGK,DOM,17,3,RT,2025,4
CGKSRGCGK,DOM,17,3,RT,2026,9
CGKSRGCGK,DOM,17,5,RT,2026,3
CGKSRGCGK,DOM,17,6,RT,2026,1
CGKSRGCGK,DOM,17,18,RT,2025,1
CGKSRGCGK,DOM,17,25,RT,2025,3
CGKSRGCGK,DOM,18,1,RT,2026,1
CGKSRGCGK,DOM,18,2,RT,2025,6
CGKSRGCGK,DOM,18,3,RT,2025,5
CGKSRGCGK,DOM,18,5,RT,2026,1
CGKSRGCGK,DOM,18,6,RT,2026,5
CGKSRGCGK,DOM,18,7,RT,2025,1
CGKSRGCGK,DOM,18,8,RT,2025,2
CGKSRGCGK,DOM,18,10,RT,2026,6
CGKSRGCGK,DOM,18,12,RT,2026,2
CGKSRGCGK,DOM,18,18,RT,2025,2
CGKSRGCGK,DOM,18,25,RT,2026,2
CGKSRGCGK,DOM,19,1,RT,2025,1
CGKSRGCGK,DOM,19,2,RT,2025,6
CGKSRGCGK,DOM,19,3,RT,2026,2
CGKSRGCGK,DOM,19,12,RT,2025,1
CGKSRGCGK,DOM,19,18,RT,2025,2
CGKSRGCGK,DOM,19,25,RT,2025,3
CGKSRGCGK,DOM,19,25,RT,2026,5
CGKSRGCGK,DOM,20,1,RT,2026,2
CGKSRGCGK,DOM,20,2,RT,2025,2
CGKSRGCGK,DOM,20,3,RT,2025,1
CGKSRGCGK,DOM,20,4,RT,2026,1
CGKSRGCGK,DOM,20,14,RT,2026,2
CGKSRGCGK,DOM,20,18,RT,2025,3
CGKSRGCGK,DOM,21,1,RT,2025,1
CGKSRGCGK,DOM,21,2,RT,2025,3
CGKSRGCGK,DOM,21,3,RT,2025,2
CGKSRGCGK,DOM,21,3,RT,2026,4
CGKSRGCGK,DOM,21,7,RT,2025,4
CGKSRGCGK,DOM,21,7,RT,2026,3
CGKSRGCGK,DOM,21,12,RT,2025,2
CGKSRGCGK,DOM,21,18,RT,2025,2
CGKSRGCGK,DOM,21,40,RT,2025,3
CGKSRGCGK,DOM,22,1,RT,2026,3
CGKSRGCGK,DOM,22,7,RT,2026,4
CGKSRGCGK,DOM,22,18,RT,2025,3
CGKSRGCGK,DOM,22,18,RT,2026,1
CGKSRGCGK,DOM,23,2,RT,2025,8
CGKSRGCGK,DOM,23,3,RT,2025,6
CGKSRGCGK,DOM,23,4,RT,2026,2
CGKSRGCGK,DOM,23,5,RT,2025,3
CGKSRGCGK,DOM,23,5,RT,2026,6
CGKSRGCGK,DOM,23,6,RT,2025,6
CGKSRGCGK,DOM,23,8,RT,2025,2
CGKSRGCGK,DOM,23,10,RT,2026,2
CGKSRGCGK,DOM,23,12,RT,2025,1
CGKSRGCGK,DOM,23,12,RT,2026,1
CGKSRGCGK,DOM,23,14,RT,2025,6
CGKSRGCGK,DOM,23,18,RT,2025,6
CGKSRGCGK,DOM,23,18,RT,2026,2
CGKSRGCGK,DOM,24,1,RT,2025,3
CGKSRGCGK,DOM,24,2,RT,2025,12
CGKSRGCGK,DOM,24,3,RT,2025,6
CGKSRGCGK,DOM,24,4,RT,2026,4
CGKSRGCGK,DOM,24,6,RT,2026,8
CGKSRGCGK,DOM,24,7,RT,2025,6
CGKSRGCGK,DOM,24,18,RT,2025,2
CGKSRGCGK,DOM,25,1,RT,2026,2
CGKSRGCGK,DOM,25,4,RT,2025,6
CGKSRGCGK,DOM,25,7,RT,2025,2
CGKSRGCGK,DOM,25,7,RT,2026,2
CGKSRGCGK,DOM,25,8,RT,2026,2
CGKSRGCGK,DOM,25,14,RT,2026,1
CGKSRGCGK,DOM,25,18,RT,2026,2
CGKSRGCGK,DOM,25,25,RT,2025,2
CGKSRGCGK,DOM,26,1,RT,2025,9
CGKSRGCGK,DOM,26,2,RT,2025,1
CGKSRGCGK,DOM,26,8,RT,2026,2
CGKSRGCGK,DOM,26,10,RT,2025,6
CGKSRGCGK,DOM,26,12,RT,2025,3
CGKSRGCGK,DOM,26,18,RT,2026,1
CGKSRGCGK,DOM,26,40,RT,2025,6
CGKSRGCGK,DOM,27,1,RT,2025,3
CGKSRGCGK,DOM,27,2,RT,2025,4
CGKSRGCGK,DOM,27,2,RT,2026,1
CGKSRGCGK,DOM,27,3,RT,2025,6
CGKSRGCGK,DOM,27,4,RT,2025,2
CGKSRGCGK,DOM,27,5,RT,2025,2
CGKSRGCGK,DOM,27,6,RT,2026,1
CGKSRGCGK,DOM,27,14,RT,2026,2
CGKSRGCGK,DOM,28,1,RT,2025,1
CGKSRGCGK,DOM,28,1,RT,2026,6
CGKSRGCGK,DOM,28,2,RT,2025,1
CGKSRGCGK,DOM,28,3,RT,2025,1
CGKSRGCGK,DOM,28,8,RT,2025,1
CGKSRGCGK,DOM,28,12,RT,2025,1
CGKSRGCGK,DOM,29,1,RT,2025,1
CGKSRGCGK,DOM,29,1,RT,2026,2
CGKSRGCGK,DOM,29,3,RT,2025,5
CGKSRGCGK,DOM,29,3,RT,2026,2
CGKSRGCGK,DOM,29,4,RT,2025,6
CGKSRGCGK,DOM,29,4,RT,2026,1
CGKSRGCGK,DOM,29,5,RT,2025,4
CGKSRGCGK,DOM,29,8,RT,2026,1
CGKSRGCGK,DOM,30,1,RT,2026,1
CGKSRGCGK,DOM,30,5,RT,2026,6
CGKSRGCGK,DOM,30,7,RT,2026,6
CGKSRGCGK,DOM,30,10,RT,2026,2
CGKSRGCGK,DOM,30,14,RT,2025,2
CGKSRGCGK,DOM,30,18,RT,2025,4
CGKSRGCGK,DOM,30,25,RT,2025,4
CGKSRGCGK,DOM,31,7,RT,2025,1
CGKSRGCGK,DOM,31,7,RT,2026,3
CGKSRGCGK,DOM,33,2,RT,2025,4
CGKSRGCGK,DOM,34,1,RT,2025,1
CGKSRGCGK,DOM,34,18,RT,2026,2
CGKSRGCGK,DOM,36,2,RT,2025,3
CGKSRGCGK,DOM,36,8,RT,2026,1
CGKSRGCGK,DOM,37,2,RT,2025,1
CGKSRGCGK,DOM,37,25,RT,2026,1
CGKSRGCGK,DOM,38,1,RT,2026,5
CGKSRGCGK,DOM,38,2,RT,2025,5
CGKSRGCGK,DOM,41,2,RT,2026,1
CGKSRGCGK,DOM,41,3,RT,2025,1
CGKSRGCGK,DOM,41,6,RT,2025,2
CGKSRGCGK,DOM,41,8,RT,2026,1
CGKSRGCGK,DOM,41,10,RT,2025,2
CGKSRGCGK,DOM,41,18,RT,2025,3
CGKSRGCGK,DOM,42,1,RT,2025,2
CGKSRGCGK,DOM,42,3,RT,2025,2
CGKSRGCGK,DOM,43,3,RT,2025,1
CGKSRGCGK,DOM,43,6,RT,2026,2
CGKSRGCGK,DOM,43,40,RT,2026,2
CGKSRGCGK,DOM,44,2,RT,2025,1
CGKSRGCGK,DOM,44,5,RT,2026,1
CGKSRGCGK,DOM,44,8,RT,2025,1
CGKSRGCGK,DOM,45,2,RT,2026,1
CGKSRGCGK,DOM,45,3,RT,2025,2
CGKSRGCGK,DOM,45,5,RT,2026,1
CGKSRGCGK,DOM,45,8,RT,2025,1
CGKSRGCGK,DOM,46,5,RT,2025,1
CGKSRGCGK,DOM,47,12,RT,2025,4
CGKSRGCGK,DOM,47,40,RT,2025,2
CGKSRGCGK,DOM,47,40,RT,2026,2
CGKSRGCGK,DOM,48,3,RT,2026,5
CGKSRGCGK,DOM,48,5,RT,2025,2
CGKSRGCGK,DOM,48,8,RT,2026,1
CGKSRGCGK,DOM,48,10,RT,2025,2
CGKSRGCGK,DOM,48,12,RT,2026,6
CGKSRGCGK,DOM,49,7,RT,2026,1
CGKSRGCGK,DOM,49,12,RT,2025,1
CGKSRGCGK,DOM,50,18,RT,2025,1
CGKSRGCGK,DOM,51,2,RT,2025,6
CGKSRGCGK,DOM,51,14,RT,2026,1
CGKSRGCGK,DOM,52,3,RT,2025,2
CGKSRGCGK,DOM,52,4,RT,2026,1
CGKSRGCGK,DOM,52,10,RT,2026,6
CGKSRGCGK,DOM,53,10,RT,2025,1
CGKSRGCGK,DOM,55,2,RT,2026,4
CGKSRGCGK,DOM,56,2,RT,2026,2
CGKSRGCGK,DOM,56,4,RT,2025,1
CGKSRGCGK,DOM,56,14,RT,2025,4
CGKSRGCGK,DOM,56,18,RT,2025,4
CGKSRGCGK,DOM,57,2,RT,2026,7
CGKSRGCGK,DOM,57,8,RT,2026,1
CGKSRGCGK,DOM,58,1,RT,2026,3
CGKSRGCGK,DOM,58,2,RT,2025,3
CGKSRGCGK,DOM,58,5,RT,2025,2
CGKSRGCGK,DOM,58,7,RT,2026,1
CGKSRGCGK,DOM,59,1,RT,2026,2
CGKSRGCGK,DOM,59,8,RT,2026,3
CGKSRGCGK,DOM,60,7,RT,2026,1
CGKSRGCGK,DOM,60,40,RT,2026,2
CGKSRGCGK,DOM,61,1,RT,2025,6
CGKSRGCGK,DOM,61,1,RT,2026,5
CGKSRGCGK,DOM,62,1,RT,2025,2
CGKSRGCGK,DOM,62,1,RT,2026,6
CGKSRGCGK,DOM,62,3,RT,2026,4
CGKSRGCGK,DOM,63,25,RT,2026,1
CGKSRGCGK,DOM,64,4,RT,2026,1
CGKSRGCGK,DOM,65,3,RT,2026,2
CGKSRGCGK,DOM,66,1,RT,2025,3
CGKSRGCGK,DOM,66,1,RT,2026,1
CGKSRGCGK,DOM,66,4,RT,2025,1
CGKSRGCGK,DOM,68,7,RT,2026,3
CGKSRGCGK,DOM,69,1,RT,2025,5
CGKSRGCGK,DOM,69,12,RT,2025,1
CGKSRGCGK,DOM,69,12,RT,2026,1
CGKSRGCGK,DOM,70,3,RT,2025,2
CGKSRGCGK,DOM,70,12,RT,2025,4
CGKSRGCGK,DOM,73,2,RT,2025,3
CGKSRGCGK,DOM,73,40,RT,2025,2
CGKSRGCGK,DOM,74,3,RT,2025,1
CGKSRGCGK,DOM,75,8,RT,2026,4
CGKSRGCGK,DOM,76,5,RT,2025,2
CGKSRGCGK,DOM,76,5,RT,2026,6
CGKSRGCGK,DOM,76,7,RT,2025,1
CGKSRGCGK,DOM,76,14,RT,2026,6
CGKSRGCGK,DOM,77,4,RT,2026,1
CGKSRGCGK,DOM,77,6,RT,2026,5
CGKSRGCGK,DOM,78,2,RT,2025,3
CGKSRGCGK,DOM,78,7,RT,2026,1
CGKSRGCGK,DOM,78,10,RT,2025,1
CGKSRGCGK,DOM,79,3,RT,2025,5
CGKSRGCGK,DOM,79,25,RT,2025,1
CGKSRGCGK,DOM,81,2,RT,2025,1
CGKSRGCGK,DOM,81,4,RT,2025,1
CGKSRGCGK,DOM,82,2,RT,2025,1
CGKSRGCGK,DOM,82,18,RT,2026,5
CGKSRGCGK,DOM,84,4,RT,2026,2
CGKSRGCGK,DOM,85,3,RT,2026,2
CGKSRGCGK,DOM,85,8,RT,2026,2
CGKSRGCGK,DOM,86,7,RT,2026,6
CGKSRGCGK,DOM,86,25,RT,2026,1
CGKSRGCGK,DOM,87,1,RT,2025,4
CGKSRGCGK,DOM,87,3,RT,2026,1
CGKSRGCGK,DOM,87,10,RT,2026,1
CGKSRGCGK,DOM,87,14,RT,2026,1
CGKSRGCGK,DOM,88,25,RT,2025,4
CGKSRGCGK,DOM,89,5,RT,2025,1
CGKSRGCGK,DOM,89,7,RT,2026,6
CGKSRGCGK,DOM,91,1,RT,2025,2
CGKSRGCGK,DOM,91,2,RT,2025,5
CGKSRGCGK,DOM,91,10,RT,2025,1
CGKSRGCGK,DOM,91,14,RT,2025,1
CGKSRGCGK,DOM,96,7,RT,2026,1
CGKSRGCGK,DOM,96,25,RT,2026,6
CGKSRGCGK,DOM,99,3,RT,2026,2
CGKSRGCGK,DOM,101,18,RT,2025,1
CGKSRGCGK,DOM,107,7,RT,2026,1
CGKSRGCGK,DOM,110,8,RT,2025,4
CGKSRGCGK,DOM,110,25,RT,2025,3
CGKSRGCGK,DOM,111,40,RT,2026,1
CGKSRGCGK,DOM,114,6,RT,2026,1
CGKSRGCGK,DOM,115,10,RT,2025,4
CGKSRGCGK,DOM,116,5,RT,2025,3
CGKSRGCGK,DOM,116,10,RT,2026,1
CGKSRGCGK,DOM,120,25,RT,2026,5
CGKSRGCGK,DOM,124,25,RT,2025,2
CGKSRGCGK,DOM,127,7,RT,2025,1
CGKSRGCGK,DOM,128,1,RT,2026,2
CGKSRGCGK,DOM,142,14,RT,2026,2
CGKSRGCGK,DOM,144,4,RT,2025,6
CGKSRGCGK,DOM,146,14,RT,2026,1
CGKSRGCGK,DOM,148,10,RT,2025,2
CGKSRGCGK,DOM,157,40,RT,2026,3
CGKSRGCGK,DOM,165,8,RT,2025,1
CGKSRGCGK,DOM,170,2,RT,2025,1
CGKSRGCGK,DOM,176,6,RT,2026,1
CGKSRGCGK,DOM,179,2,RT,2025,1
CGKSRGCGK,DOM,181,8,RT,2025,1
CGKSRGCGK,DOM,181,14,RT,2026,3
CGKSRGCGK,DOM,183,14,RT,2025,2
CGKSRGCGK,DOM,186,1,RT,2026,1
CGKSRGCGK,DOM,189,4,RT,2026,4
CGKSRGCGK,DOM,194,3,RT,2026,1
CGKSRGCGK,DOM,201,10,RT,2025,2
CGKSRGCGK,DOM,204,14,RT,2025,3
CGKSRGCGK,DOM,207,7,RT,2026,2
CGKSRGCGK,DOM,214,8,RT,2025,3
CGKSRGCGK,DOM,216,1,RT,2025,3
CGKSRGCGK,DOM,216,6,RT,2026,3
CGKSRGCGK,DOM,216,12,RT,2025,1
CGKSUB,DOM,0,0,OW,2025,46
CGKSUB,DOM,0,0,OW,2026,55
CGKSUB,DOM,1,0,OW,2025,54
CGKSUB,DOM,1,0,OW,2026,31
CGKSUB,DOM,2,0,OW,2025,42
CGKSUB,DOM,2,0,OW,2026,32
CGKSUB,DOM,3,0,OW,2025,38
CGKSUB,DOM,3,0,OW,2026,56
CGKSUB,DOM,4,0,OW,2025,46
CGKSUB,DOM,4,0,OW,2026,55
CGKSUB,DOM,5,0,OW,2025,55
CGKSUB,DOM,5,0,OW,2026,26
CGKSUB,DOM,6,0,OW,2025,76
CGKSUB,DOM,6,0,OW,2026,30
CGKSUB,DOM,7,0,OW,2025,70
CGKSUB,DOM,7,0,OW,2026,47
CGKSUB,DOM,8,0,OW,2025,37
CGKSUB,DOM,8,0,OW,2026,19
CGKSUB,DOM,9,0,OW,2025,22
CGKSUB,DOM,9,0,OW,2026,20
CGKSUB,DOM,10,0,OW,2025,43
CGKSUB,DOM,10,0,OW,2026,36
CGKSUB,DOM,11,0,OW,2025,41
CGKSUB,DOM,11,0,OW,2026,22
CGKSUB,DOM,12,0,OW,2025,40
CGKSUB,DOM,12,0,OW,2026,21
CGKSUB,DOM,13,0,OW,2025,28
CGKSUB,DOM,13,0,OW,2026,21
CGKSUB,DOM,14,0,OW,2025,34
CGKSUB,DOM,14,0,OW,2026,21
CGKSUB,DOM,15,0,OW,2025,35
CGKSUB,DOM,15,0,OW,2026,9
CGKSUB,DOM,16,0,OW,2025,41
CGKSUB,DOM,16,0,OW,2026,31
CGKSUB,DOM,17,0,OW,2025,33
CGKSUB,DOM,17,0,OW,2026,32
CGKSUB,DOM,18,0,OW,2025,66
CGKSUB,DOM,18,0,OW,2026,55
CGKSUB,DOM,19,0,OW,2025,40
CGKSUB,DOM,19,0,OW,2026,25
CGKSUB,DOM,20,0,OW,2025,26
CGKSUB,DOM,20,0,OW,2026,23
CGKSUB,DOM,21,0,OW,2025,30
CGKSUB,DOM,21,0,OW,2026,23
CGKSUB,DOM,22,0,OW,2025,30
CGKSUB,DOM,22,0,OW,2026,21
CGKSUB,DOM,23,0,OW,2025,22
CGKSUB,DOM,23,0,OW,2026,23
CGKSUB,DOM,24,0,OW,2025,31
CGKSUB,DOM,24,0,OW,2026,50
CGKSUB,DOM,25,0,OW,2025,20
CGKSUB,DOM,25,0,OW,2026,18
CGKSUB,DOM,26,0,OW,2025,18
CGKSUB,DOM,26,0,OW,2026,25
CGKSUB,DOM,27,0,OW,2025,30
CGKSUB,DOM,27,0,OW,2026,17
CGKSUB,DOM,28,0,OW,2025,13
CGKSUB,DOM,28,0,OW,2026,26
CGKSUB,DOM,29,0,OW,2025,24
CGKSUB,DOM,29,0,OW,2026,37
CGKSUB,DOM,30,0,OW,2025,30
CGKSUB,DOM,30,0,OW,2026,15
CGKSUB,DOM,31,0,OW,2025,6
CGKSUB,DOM,31,0,OW,2026,1
CGKSUB,DOM,32,0,OW,2025,12
CGKSUB,DOM,32,0,OW,2026,14
CGKSUB,DOM,33,0,OW,2025,10
CGKSUB,DOM,33,0,OW,2026,8
CGKSUB,DOM,34,0,OW,2026,9
CGKSUB,DOM,35,0,OW,2025,4
CGKSUB,DOM,35,0,OW,2026,10
CGKSUB,DOM,36,0,OW,2025,3
CGKSUB,DOM,36,0,OW,2026,10
CGKSUB,DOM,37,0,OW,2025,5
CGKSUB,DOM,37,0,OW,2026,9
CGKSUB,DOM,38,0,OW,2025,11
CGKSUB,DOM,38,0,OW,2026,2
CGKSUB,DOM,39,0,OW,2025,6
CGKSUB,DOM,39,0,OW,2026,2
CGKSUB,DOM,40,0,OW,2026,1
CGKSUB,DOM,41,0,OW,2025,3
CGKSUB,DOM,41,0,OW,2026,7
CGKSUB,DOM,42,0,OW,2025,8
CGKSUB,DOM,42,0,OW,2026,1
CGKSUB,DOM,43,0,OW,2025,9
CGKSUB,DOM,43,0,OW,2026,2
CGKSUB,DOM,44,0,OW,2025,2
CGKSUB,DOM,44,0,OW,2026,5
CGKSUB,DOM,45,0,OW,2025,5
CGKSUB,DOM,45,0,OW,2026,3
CGKSUB,DOM,46,0,OW,2025,1
CGKSUB,DOM,47,0,OW,2025,3
CGKSUB,DOM,47,0,OW,2026,8
CGKSUB,DOM,48,0,OW,2025,10
CGKSUB,DOM,48,0,OW,2026,2
CGKSUB,DOM,49,0,OW,2025,8
CGKSUB,DOM,49,0,OW,2026,2
CGKSUB,DOM,50,0,OW,2025,11
CGKSUB,DOM,50,0,OW,2026,3
CGKSUB,DOM,51,0,OW,2025,4
CGKSUB,DOM,51,0,OW,2026,2
CGKSUB,DOM,52,0,OW,2025,12
CGKSUB,DOM,53,0,OW,2025,6
CGKSUB,DOM,53,0,OW,2026,13
CGKSUB,DOM,54,0,OW,2025,10
CGKSUB,DOM,54,0,OW,2026,3
CGKSUB,DOM,55,0,OW,2025,12
CGKSUB,DOM,55,0,OW,2026,4
CGKSUB,DOM,56,0,OW,2025,13
CGKSUB,DOM,56,0,OW,2026,8
CGKSUB,DOM,57,0,OW,2025,16
CGKSUB,DOM,57,0,OW,2026,2
CGKSUB,DOM,58,0,OW,2025,4
CGKSUB,DOM,58,0,OW,2026,4
CGKSUB,DOM,59,0,OW,2025,11
CGKSUB,DOM,59,0,OW,2026,6
CGKSUB,DOM,60,0,OW,2025,9
CGKSUB,DOM,60,0,OW,2026,6
CGKSUB,DOM,61,0,OW,2026,9
CGKSUB,DOM,62,0,OW,2025,13
CGKSUB,DOM,62,0,OW,2026,3
CGKSUB,DOM,63,0,OW,2026,6
CGKSUB,DOM,64,0,OW,2025,5
CGKSUB,DOM,64,0,OW,2026,11
CGKSUB,DOM,65,0,OW,2025,5
CGKSUB,DOM,65,0,OW,2026,11
CGKSUB,DOM,66,0,OW,2025,19
CGKSUB,DOM,66,0,OW,2026,15
CGKSUB,DOM,67,0,OW,2025,1
CGKSUB,DOM,68,0,OW,2025,5
CGKSUB,DOM,68,0,OW,2026,2
CGKSUB,DOM,69,0,OW,2025,5
CGKSUB,DOM,69,0,OW,2026,3
CGKSUB,DOM,70,0,OW,2025,8
CGKSUB,DOM,70,0,OW,2026,5
CGKSUB,DOM,71,0,OW,2025,5
CGKSUB,DOM,71,0,OW,2026,3
CGKSUB,DOM,72,0,OW,2025,5
CGKSUB,DOM,72,0,OW,2026,2
CGKSUB,DOM,73,0,OW,2025,8
CGKSUB,DOM,73,0,OW,2026,14
CGKSUB,DOM,74,0,OW,2025,8
CGKSUB,DOM,74,0,OW,2026,3
CGKSUB,DOM,75,0,OW,2025,8
CGKSUB,DOM,75,0,OW,2026,5
CGKSUB,DOM,76,0,OW,2025,17
CGKSUB,DOM,77,0,OW,2025,8
CGKSUB,DOM,78,0,OW,2025,9
CGKSUB,DOM,78,0,OW,2026,8
CGKSUB,DOM,79,0,OW,2025,5
CGKSUB,DOM,79,0,OW,2026,4
CGKSUB,DOM,80,0,OW,2025,11
CGKSUB,DOM,80,0,OW,2026,7
CGKSUB,DOM,81,0,OW,2026,10
CGKSUB,DOM,82,0,OW,2025,8
CGKSUB,DOM,83,0,OW,2025,19
CGKSUB,DOM,83,0,OW,2026,3
CGKSUB,DOM,84,0,OW,2025,2
CGKSUB,DOM,84,0,OW,2026,3
CGKSUB,DOM,85,0,OW,2025,3
CGKSUB,DOM,85,0,OW,2026,8
CGKSUB,DOM,86,0,OW,2025,4
CGKSUB,DOM,86,0,OW,2026,7
CGKSUB,DOM,87,0,OW,2025,3
CGKSUB,DOM,87,0,OW,2026,3
CGKSUB,DOM,88,0,OW,2025,2
CGKSUB,DOM,88,0,OW,2026,22
CGKSUB,DOM,89,0,OW,2025,10
CGKSUB,DOM,89,0,OW,2026,2
CGKSUB,DOM,90,0,OW,2025,18
CGKSUB,DOM,90,0,OW,2026,4
CGKSUB,DOM,91,0,OW,2025,1
CGKSUB,DOM,96,0,OW,2025,6
CGKSUB,DOM,96,0,OW,2026,7
CGKSUB,DOM,97,0,OW,2025,2
CGKSUB,DOM,97,0,OW,2026,4
CGKSUB,DOM,99,0,OW,2025,1
CGKSUB,DOM,100,0,OW,2026,1
CGKSUB,DOM,101,0,OW,2026,6
CGKSUB,DOM,102,0,OW,2025,1
CGKSUB,DOM,103,0,OW,2025,9
CGKSUB,DOM,103,0,OW,2026,2
CGKSUB,DOM,104,0,OW,2025,6
CGKSUB,DOM,105,0,OW,2026,3
CGKSUB,DOM,106,0,OW,2025,4
CGKSUB,DOM,106,0,OW,2026,1
CGKSUB,DOM,107,0,OW,2025,7
CGKSUB,DOM,108,0,OW,2026,9
CGKSUB,DOM,109,0,OW,2026,1
CGKSUB,DOM,110,0,OW,2026,2
CGKSUB,DOM,111,0,OW,2025,1
CGKSUB,DOM,111,0,OW,2026,1
CGKSUB,DOM,112,0,OW,2026,1
CGKSUB,DOM,114,0,OW,2026,6
CGKSUB,DOM,115,0,OW,2025,4
CGKSUB,DOM,117,0,OW,2025,1
CGKSUB,DOM,117,0,OW,2026,1
CGKSUB,DOM,118,0,OW,2026,1
CGKSUB,DOM,120,0,OW,2025,5
CGKSUB,DOM,120,0,OW,2026,1
CGKSUB,DOM,121,0,OW,2026,4
CGKSUB,DOM,122,0,OW,2026,3
CGKSUB,DOM,124,0,OW,2026,2
CGKSUB,DOM,125,0,OW,2025,2
CGKSUB,DOM,126,0,OW,2025,2
CGKSUB,DOM,127,0,OW,2026,1
CGKSUB,DOM,128,0,OW,2026,1
CGKSUB,DOM,129,0,OW,2025,4
CGKSUB,DOM,131,0,OW,2026,1
CGKSUB,DOM,132,0,OW,2025,3
CGKSUB,DOM,133,0,OW,2025,1
CGKSUB,DOM,139,0,OW,2025,1
CGKSUB,DOM,139,0,OW,2026,3
CGKSUB,DOM,140,0,OW,2025,8
CGKSUB,DOM,141,0,OW,2025,6
CGKSUB,DOM,142,0,OW,2026,1
CGKSUB,DOM,143,0,OW,2025,1
CGKSUB,DOM,145,0,OW,2026,2
CGKSUB,DOM,146,0,OW,2025,1
CGKSUB,DOM,146,0,OW,2026,1
CGKSUB,DOM,147,0,OW,2026,1
CGKSUB,DOM,150,0,OW,2025,2
CGKSUB,DOM,151,0,OW,2026,1
CGKSUB,DOM,152,0,OW,2026,5
CGKSUB,DOM,153,0,OW,2025,2
CGKSUB,DOM,153,0,OW,2026,1
CGKSUB,DOM,154,0,OW,2025,3
CGKSUB,DOM,154,0,OW,2026,3
CGKSUB,DOM,155,0,OW,2026,2
CGKSUB,DOM,156,0,OW,2026,2
CGKSUB,DOM,157,0,OW,2025,4
CGKSUB,DOM,158,0,OW,2026,4
CGKSUB,DOM,159,0,OW,2026,2
CGKSUB,DOM,160,0,OW,2026,2
CGKSUB,DOM,161,0,OW,2025,7
CGKSUB,DOM,163,0,OW,2025,6
CGKSUB,DOM,165,0,OW,2025,1
CGKSUB,DOM,167,0,OW,2026,4
CGKSUB,DOM,168,0,OW,2026,6
CGKSUB,DOM,170,0,OW,2026,1
CGKSUB,DOM,171,0,OW,2026,3
CGKSUB,DOM,173,0,OW,2025,2
CGKSUB,DOM,173,0,OW,2026,2
CGKSUB,DOM,174,0,OW,2026,2
CGKSUB,DOM,175,0,OW,2025,2
CGKSUB,DOM,177,0,OW,2025,2
CGKSUB,DOM,179,0,OW,2025,3
CGKSUB,DOM,179,0,OW,2026,3
CGKSUB,DOM,180,0,OW,2025,2
CGKSUB,DOM,180,0,OW,2026,2
CGKSUB,DOM,181,0,OW,2025,1
CGKSUB,DOM,182,0,OW,2026,3
CGKSUB,DOM,185,0,OW,2025,8
CGKSUB,DOM,185,0,OW,2026,1
CGKSUB,DOM,186,0,OW,2025,2
CGKSUB,DOM,186,0,OW,2026,1
CGKSUB,DOM,187,0,OW,2025,5
CGKSUB,DOM,189,0,OW,2025,5
CGKSUB,DOM,192,0,OW,2025,6
CGKSUB,DOM,193,0,OW,2025,3
CGKSUB,DOM,194,0,OW,2026,2
CGKSUB,DOM,195,0,OW,2026,1
CGKSUB,DOM,196,0,OW,2025,5
CGKSUB,DOM,197,0,OW,2025,7
CGKSUB,DOM,198,0,OW,2025,4
CGKSUB,DOM,199,0,OW,2025,1
CGKSUB,DOM,201,0,OW,2025,1
CGKSUB,DOM,202,0,OW,2026,5
CGKSUB,DOM,203,0,OW,2026,4
CGKSUB,DOM,204,0,OW,2025,1
CGKSUB,DOM,205,0,OW,2025,4
CGKSUB,DOM,205,0,OW,2026,2
CGKSUB,DOM,206,0,OW,2026,3
CGKSUB,DOM,207,0,OW,2025,10
CGKSUB,DOM,208,0,OW,2026,4
CGKSUB,DOM,209,0,OW,2025,2
CGKSUB,DOM,212,0,OW,2025,8
CGKSUB,DOM,212,0,OW,2026,3
CGKSUB,DOM,213,0,OW,2025,2
CGKSUB,DOM,214,0,OW,2025,2
CGKSUB,DOM,216,0,OW,2025,3
CGKSUB,DOM,217,0,OW,2026,1
CGKSUB,DOM,218,0,OW,2025,6
CGKSUB,DOM,218,0,OW,2026,4
CGKSUB,DOM,219,0,OW,2026,4
CGKSUBCGK,DOM,0,1,RT,2025,5
CGKSUBCGK,DOM,0,1,RT,2026,8
CGKSUBCGK,DOM,0,2,RT,2025,4
CGKSUBCGK,DOM,0,2,RT,2026,5
CGKSUBCGK,DOM,0,3,RT,2025,16
CGKSUBCGK,DOM,0,3,RT,2026,9
CGKSUBCGK,DOM,0,4,RT,2025,2
CGKSUBCGK,DOM,0,4,RT,2026,3
CGKSUBCGK,DOM,0,5,RT,2026,2
CGKSUBCGK,DOM,0,6,RT,2026,2
CGKSUBCGK,DOM,0,7,RT,2025,6
CGKSUBCGK,DOM,0,8,RT,2025,1
CGKSUBCGK,DOM,0,10,RT,2025,2
CGKSUBCGK,DOM,0,12,RT,2025,10
CGKSUBCGK,DOM,0,12,RT,2026,4
CGKSUBCGK,DOM,0,14,RT,2025,5
CGKSUBCGK,DOM,0,14,RT,2026,1
CGKSUBCGK,DOM,0,18,RT,2025,7
CGKSUBCGK,DOM,0,18,RT,2026,3
CGKSUBCGK,DOM,0,25,RT,2025,4
CGKSUBCGK,DOM,0,40,RT,2025,3
CGKSUBCGK,DOM,0,40,RT,2026,3
CGKSUBCGK,DOM,1,1,RT,2025,5
CGKSUBCGK,DOM,1,1,RT,2026,5
CGKSUBCGK,DOM,1,2,RT,2025,4
CGKSUBCGK,DOM,1,2,RT,2026,4
CGKSUBCGK,DOM,1,3,RT,2025,3
CGKSUBCGK,DOM,1,3,RT,2026,8
CGKSUBCGK,DOM,1,4,RT,2025,5
CGKSUBCGK,DOM,1,6,RT,2025,5
CGKSUBCGK,DOM,1,7,RT,2025,5
CGKSUBCGK,DOM,1,7,RT,2026,2
CGKSUBCGK,DOM,1,8,RT,2025,11
CGKSUBCGK,DOM,1,8,RT,2026,3
CGKSUBCGK,DOM,1,10,RT,2025,1
CGKSUBCGK,DOM,1,12,RT,2025,8
CGKSUBCGK,DOM,1,12,RT,2026,6
CGKSUBCGK,DOM,1,14,RT,2025,2
CGKSUBCGK,DOM,1,14,RT,2026,5
CGKSUBCGK,DOM,1,18,RT,2025,8
CGKSUBCGK,DOM,1,18,RT,2026,1
CGKSUBCGK,DOM,1,25,RT,2025,5
CGKSUBCGK,DOM,1,25,RT,2026,10
CGKSUBCGK,DOM,1,40,RT,2026,1
CGKSUBCGK,DOM,2,1,RT,2025,2
CGKSUBCGK,DOM,2,1,RT,2026,9
CGKSUBCGK,DOM,2,2,RT,2025,6
CGKSUBCGK,DOM,2,2,RT,2026,10
CGKSUBCGK,DOM,2,3,RT,2025,4
CGKSUBCGK,DOM,2,3,RT,2026,1
CGKSUBCGK,DOM,2,4,RT,2025,2
CGKSUBCGK,DOM,2,5,RT,2025,1
CGKSUBCGK,DOM,2,5,RT,2026,8
CGKSUBCGK,DOM,2,6,RT,2025,5
CGKSUBCGK,DOM,2,6,RT,2026,8
CGKSUBCGK,DOM,2,7,RT,2025,8
CGKSUBCGK,DOM,2,8,RT,2025,4
CGKSUBCGK,DOM,2,8,RT,2026,1
CGKSUBCGK,DOM,2,10,RT,2025,4
CGKSUBCGK,DOM,2,10,RT,2026,1
CGKSUBCGK,DOM,2,12,RT,2025,3
CGKSUBCGK,DOM,2,12,RT,2026,1
CGKSUBCGK,DOM,2,14,RT,2025,1
CGKSUBCGK,DOM,2,14,RT,2026,2
CGKSUBCGK,DOM,2,18,RT,2026,7
CGKSUBCGK,DOM,2,25,RT,2025,7
CGKSUBCGK,DOM,2,25,RT,2026,4
CGKSUBCGK,DOM,2,40,RT,2025,3
CGKSUBCGK,DOM,3,1,RT,2025,2
CGKSUBCGK,DOM,3,1,RT,2026,5
CGKSUBCGK,DOM,3,2,RT,2025,1
CGKSUBCGK,DOM,3,2,RT,2026,8
CGKSUBCGK,DOM,3,3,RT,2025,9
CGKSUBCGK,DOM,3,3,RT,2026,9
CGKSUBCGK,DOM,3,4,RT,2025,1
CGKSUBCGK,DOM,3,4,RT,2026,3
CGKSUBCGK,DOM,3,5,RT,2025,1
CGKSUBCGK,DOM,3,6,RT,2026,2
CGKSUBCGK,DOM,3,7,RT,2025,4
CGKSUBCGK,DOM,3,7,RT,2026,2
CGKSUBCGK,DOM,3,10,RT,2025,3
CGKSUBCGK,DOM,3,10,RT,2026,8
CGKSUBCGK,DOM,3,12,RT,2025,9
CGKSUBCGK,DOM,3,14,RT,2025,3
CGKSUBCGK,DOM,3,14,RT,2026,3
CGKSUBCGK,DOM,3,18,RT,2025,2
CGKSUBCGK,DOM,3,18,RT,2026,5
CGKSUBCGK,DOM,3,25,RT,2025,9
CGKSUBCGK,DOM,3,25,RT,2026,6
CGKSUBCGK,DOM,3,40,RT,2025,9
CGKSUBCGK,DOM,3,40,RT,2026,3
CGKSUBCGK,DOM,4,1,RT,2025,4
CGKSUBCGK,DOM,4,1,RT,2026,15
CGKSUBCGK,DOM,4,2,RT,2025,2
CGKSUBCGK,DOM,4,2,RT,2026,9
CGKSUBCGK,DOM,4,3,RT,2025,14
CGKSUBCGK,DOM,4,3,RT,2026,3
CGKSUBCGK,DOM,4,4,RT,2025,3
CGKSUBCGK,DOM,4,4,RT,2026,6
CGKSUBCGK,DOM,4,5,RT,2025,2
CGKSUBCGK,DOM,4,5,RT,2026,1
CGKSUBCGK,DOM,4,6,RT,2025,6
CGKSUBCGK,DOM,4,6,RT,2026,11
CGKSUBCGK,DOM,4,7,RT,2025,1
CGKSUBCGK,DOM,4,8,RT,2025,7
CGKSUBCGK,DOM,4,8,RT,2026,10
CGKSUBCGK,DOM,4,10,RT,2025,6
CGKSUBCGK,DOM,4,10,RT,2026,7
CGKSUBCGK,DOM,4,12,RT,2025,4
CGKSUBCGK,DOM,4,14,RT,2025,5
CGKSUBCGK,DOM,4,18,RT,2025,2
CGKSUBCGK,DOM,4,18,RT,2026,7
CGKSUBCGK,DOM,4,25,RT,2025,6
CGKSUBCGK,DOM,4,25,RT,2026,1
CGKSUBCGK,DOM,4,40,RT,2025,6
CGKSUBCGK,DOM,5,1,RT,2025,4
CGKSUBCGK,DOM,5,2,RT,2025,4
CGKSUBCGK,DOM,5,2,RT,2026,6
CGKSUBCGK,DOM,5,3,RT,2025,3
CGKSUBCGK,DOM,5,3,RT,2026,7
CGKSUBCGK,DOM,5,4,RT,2026,5
CGKSUBCGK,DOM,5,5,RT,2026,5
CGKSUBCGK,DOM,5,6,RT,2025,2
CGKSUBCGK,DOM,5,6,RT,2026,1
CGKSUBCGK,DOM,5,7,RT,2025,2
CGKSUBCGK,DOM,5,10,RT,2025,5
CGKSUBCGK,DOM,5,10,RT,2026,6
CGKSUBCGK,DOM,5,12,RT,2025,4
CGKSUBCGK,DOM,5,12,RT,2026,3
CGKSUBCGK,DOM,5,14,RT,2025,1
CGKSUBCGK,DOM,5,18,RT,2025,2
CGKSUBCGK,DOM,5,18,RT,2026,10
CGKSUBCGK,DOM,5,25,RT,2026,6
CGKSUBCGK,DOM,5,40,RT,2025,13
CGKSUBCGK,DOM,5,40,RT,2026,6
CGKSUBCGK,DOM,6,1,RT,2025,6
CGKSUBCGK,DOM,6,1,RT,2026,10
CGKSUBCGK,DOM,6,2,RT,2025,21
CGKSUBCGK,DOM,6,2,RT,2026,6
CGKSUBCGK,DOM,6,3,RT,2025,13
CGKSUBCGK,DOM,6,3,RT,2026,5
CGKSUBCGK,DOM,6,4,RT,2025,1
CGKSUBCGK,DOM,6,4,RT,2026,1
CGKSUBCGK,DOM,6,5,RT,2025,2
CGKSUBCGK,DOM,6,6,RT,2025,3
CGKSUBCGK,DOM,6,6,RT,2026,10
CGKSUBCGK,DOM,6,7,RT,2025,4
CGKSUBCGK,DOM,6,8,RT,2026,1
CGKSUBCGK,DOM,6,10,RT,2025,7
CGKSUBCGK,DOM,6,12,RT,2026,2
CGKSUBCGK,DOM,6,14,RT,2026,7
CGKSUBCGK,DOM,6,18,RT,2025,1
CGKSUBCGK,DOM,6,18,RT,2026,6
CGKSUBCGK,DOM,6,25,RT,2025,4
CGKSUBCGK,DOM,6,40,RT,2025,7
CGKSUBCGK,DOM,7,1,RT,2025,3
CGKSUBCGK,DOM,7,1,RT,2026,7
CGKSUBCGK,DOM,7,2,RT,2025,6
CGKSUBCGK,DOM,7,2,RT,2026,9
CGKSUBCGK,DOM,7,3,RT,2025,9
CGKSUBCGK,DOM,7,3,RT,2026,2
CGKSUBCGK,DOM,7,4,RT,2025,4
CGKSUBCGK,DOM,7,4,RT,2026,6
CGKSUBCGK,DOM,7,5,RT,2026,3
CGKSUBCGK,DOM,7,6,RT,2025,4
CGKSUBCGK,DOM,7,7,RT,2025,5
CGKSUBCGK,DOM,7,7,RT,2026,9
CGKSUBCGK,DOM,7,8,RT,2025,1
CGKSUBCGK,DOM,7,8,RT,2026,8
CGKSUBCGK,DOM,7,10,RT,2025,2
CGKSUBCGK,DOM,7,10,RT,2026,5
CGKSUBCGK,DOM,7,12,RT,2025,6
CGKSUBCGK,DOM,7,14,RT,2025,3
CGKSUBCGK,DOM,7,14,RT,2026,6
CGKSUBCGK,DOM,7,18,RT,2025,12
CGKSUBCGK,DOM,7,25,RT,2025,9
CGKSUBCGK,DOM,7,25,RT,2026,5
CGKSUBCGK,DOM,7,40,RT,2025,1
CGKSUBCGK,DOM,7,40,RT,2026,3
CGKSUBCGK,DOM,8,1,RT,2025,2
CGKSUBCGK,DOM,8,1,RT,2026,2
CGKSUBCGK,DOM,8,2,RT,2025,6
CGKSUBCGK,DOM,8,2,RT,2026,3
CGKSUBCGK,DOM,8,3,RT,2025,2
CGKSUBCGK,DOM,8,3,RT,2026,2
CGKSUBCGK,DOM,8,4,RT,2026,1
CGKSUBCGK,DOM,8,5,RT,2025,1
CGKSUBCGK,DOM,8,7,RT,2025,3
CGKSUBCGK,DOM,8,7,RT,2026,3
CGKSUBCGK,DOM,8,10,RT,2025,10
CGKSUBCGK,DOM,8,12,RT,2025,1
CGKSUBCGK,DOM,8,12,RT,2026,1
CGKSUBCGK,DOM,8,14,RT,2026,1
CGKSUBCGK,DOM,8,25,RT,2025,6
CGKSUBCGK,DOM,8,40,RT,2025,4
CGKSUBCGK,DOM,8,40,RT,2026,2
CGKSUBCGK,DOM,9,1,RT,2025,2
CGKSUBCGK,DOM,9,1,RT,2026,6
CGKSUBCGK,DOM,9,2,RT,2025,1
CGKSUBCGK,DOM,9,3,RT,2025,3
CGKSUBCGK,DOM,9,3,RT,2026,3
CGKSUBCGK,DOM,9,4,RT,2026,5
CGKSUBCGK,DOM,9,5,RT,2025,1
CGKSUBCGK,DOM,9,5,RT,2026,3
CGKSUBCGK,DOM,9,6,RT,2025,2
CGKSUBCGK,DOM,9,6,RT,2026,1
CGKSUBCGK,DOM,9,7,RT,2026,1
CGKSUBCGK,DOM,9,8,RT,2025,1
CGKSUBCGK,DOM,9,8,RT,2026,2
CGKSUBCGK,DOM,9,18,RT,2025,2
CGKSUBCGK,DOM,9,25,RT,2025,2
CGKSUBCGK,DOM,9,40,RT,2026,4
CGKSUBCGK,DOM,10,1,RT,2025,2
CGKSUBCGK,DOM,10,1,RT,2026,1
CGKSUBCGK,DOM,10,2,RT,2025,2
CGKSUBCGK,DOM,10,2,RT,2026,6
CGKSUBCGK,DOM,10,3,RT,2025,3
CGKSUBCGK,DOM,10,5,RT,2026,5
CGKSUBCGK,DOM,10,6,RT,2026,4
CGKSUBCGK,DOM,10,7,RT,2026,1
CGKSUBCGK,DOM,10,10,RT,2026,7
CGKSUBCGK,DOM,10,12,RT,2025,4
CGKSUBCGK,DOM,10,14,RT,2026,1
CGKSUBCGK,DOM,10,18,RT,2025,1
CGKSUBCGK,DOM,10,25,RT,2025,7
CGKSUBCGK,DOM,10,25,RT,2026,1
CGKSUBCGK,DOM,10,40,RT,2025,3
CGKSUBCGK,DOM,11,1,RT,2025,7
CGKSUBCGK,DOM,11,1,RT,2026,1
CGKSUBCGK,DOM,11,2,RT,2025,15
CGKSUBCGK,DOM,11,2,RT,2026,7
CGKSUBCGK,DOM,11,3,RT,2025,2
CGKSUBCGK,DOM,11,3,RT,2026,1
CGKSUBCGK,DOM,11,4,RT,2025,5
CGKSUBCGK,DOM,11,5,RT,2025,7
CGKSUBCGK,DOM,11,6,RT,2025,11
CGKSUBCGK,DOM,11,6,RT,2026,2
CGKSUBCGK,DOM,11,7,RT,2025,1
CGKSUBCGK,DOM,11,7,RT,2026,3
CGKSUBCGK,DOM,11,8,RT,2026,1
CGKSUBCGK,DOM,11,18,RT,2025,3
CGKSUBCGK,DOM,11,25,RT,2026,3
CGKSUBCGK,DOM,11,40,RT,2026,11
CGKSUBCGK,DOM,12,1,RT,2025,3
CGKSUBCGK,DOM,12,1,RT,2026,5
CGKSUBCGK,DOM,12,3,RT,2025,3
CGKSUBCGK,DOM,12,4,RT,2025,8
CGKSUBCGK,DOM,12,4,RT,2026,3
CGKSUBCGK,DOM,12,5,RT,2025,2
CGKSUBCGK,DOM,12,5,RT,2026,3
CGKSUBCGK,DOM,12,7,RT,2026,1
CGKSUBCGK,DOM,12,8,RT,2025,1
CGKSUBCGK,DOM,12,10,RT,2026,4
CGKSUBCGK,DOM,12,12,RT,2025,3
CGKSUBCGK,DOM,12,12,RT,2026,1
CGKSUBCGK,DOM,12,25,RT,2025,2
CGKSUBCGK,DOM,12,40,RT,2025,2
CGKSUBCGK,DOM,13,1,RT,2025,11
CGKSUBCGK,DOM,13,1,RT,2026,1
CGKSUBCGK,DOM,13,2,RT,2025,5
CGKSUBCGK,DOM,13,2,RT,2026,1
CGKSUBCGK,DOM,13,3,RT,2025,6
CGKSUBCGK,DOM,13,3,RT,2026,11
CGKSUBCGK,DOM,13,4,RT,2025,1
CGKSUBCGK,DOM,13,4,RT,2026,3
CGKSUBCGK,DOM,13,5,RT,2025,3
CGKSUBCGK,DOM,13,7,RT,2025,2
CGKSUBCGK,DOM,13,7,RT,2026,3
CGKSUBCGK,DOM,13,8,RT,2026,4
CGKSUBCGK,DOM,13,10,RT,2025,1
CGKSUBCGK,DOM,13,10,RT,2026,5
CGKSUBCGK,DOM,13,12,RT,2025,3
CGKSUBCGK,DOM,13,18,RT,2025,2
CGKSUBCGK,DOM,13,18,RT,2026,1
CGKSUBCGK,DOM,13,25,RT,2025,4
CGKSUBCGK,DOM,13,40,RT,2025,1
CGKSUBCGK,DOM,13,40,RT,2026,6
CGKSUBCGK,DOM,14,1,RT,2026,4
CGKSUBCGK,DOM,14,2,RT,2025,10
CGKSUBCGK,DOM,14,2,RT,2026,4
CGKSUBCGK,DOM,14,3,RT,2025,4
CGKSUBCGK,DOM,14,3,RT,2026,2
CGKSUBCGK,DOM,14,5,RT,2025,5
CGKSUBCGK,DOM,14,5,RT,2026,1
CGKSUBCGK,DOM,14,6,RT,2025,7
CGKSUBCGK,DOM,14,6,RT,2026,4
CGKSUBCGK,DOM,14,8,RT,2025,3
CGKSUBCGK,DOM,14,8,RT,2026,1
CGKSUBCGK,DOM,14,10,RT,2025,1
CGKSUBCGK,DOM,14,10,RT,2026,3
CGKSUBCGK,DOM,14,12,RT,2025,1
CGKSUBCGK,DOM,14,12,RT,2026,6
CGKSUBCGK,DOM,14,14,RT,2026,1
CGKSUBCGK,DOM,14,18,RT,2026,1
CGKSUBCGK,DOM,14,25,RT,2025,6
CGKSUBCGK,DOM,14,25,RT,2026,1
CGKSUBCGK,DOM,15,1,RT,2025,7
CGKSUBCGK,DOM,15,1,RT,2026,3
CGKSUBCGK,DOM,15,2,RT,2025,3
CGKSUBCGK,DOM,15,2,RT,2026,3
CGKSUBCGK,DOM,15,4,RT,2025,1
CGKSUBCGK,DOM,15,5,RT,2026,6
CGKSUBCGK,DOM,15,6,RT,2025,1
CGKSUBCGK,DOM,15,6,RT,2026,1
CGKSUBCGK,DOM,15,7,RT,2025,4
CGKSUBCGK,DOM,15,10,RT,2025,2
CGKSUBCGK,DOM,15,10,RT,2026,2
CGKSUBCGK,DOM,15,12,RT,2026,1
CGKSUBCGK,DOM,15,25,RT,2025,3
CGKSUBCGK,DOM,15,25,RT,2026,6
CGKSUBCGK,DOM,15,40,RT,2025,5
CGKSUBCGK,DOM,16,1,RT,2025,7
CGKSUBCGK,DOM,16,1,RT,2026,1
CGKSUBCGK,DOM,16,2,RT,2025,10
CGKSUBCGK,DOM,16,2,RT,2026,5
CGKSUBCGK,DOM,16,3,RT,2025,1
CGKSUBCGK,DOM,16,3,RT,2026,6
CGKSUBCGK,DOM,16,4,RT,2026,2
CGKSUBCGK,DOM,16,5,RT,2025,1
CGKSUBCGK,DOM,16,6,RT,2025,3
CGKSUBCGK,DOM,16,6,RT,2026,6
CGKSUBCGK,DOM,16,10,RT,2025,3
CGKSUBCGK,DOM,16,10,RT,2026,1
CGKSUBCGK,DOM,16,12,RT,2025,4
CGKSUBCGK,DOM,16,14,RT,2025,5
CGKSUBCGK,DOM,16,14,RT,2026,1
CGKSUBCGK,DOM,16,18,RT,2025,6
CGKSUBCGK,DOM,16,18,RT,2026,7
CGKSUBCGK,DOM,16,25,RT,2026,1
CGKSUBCGK,DOM,16,40,RT,2025,6
CGKSUBCGK,DOM,17,1,RT,2025,1
CGKSUBCGK,DOM,17,2,RT,2025,18
CGKSUBCGK,DOM,17,2,RT,2026,5
CGKSUBCGK,DOM,17,3,RT,2025,2
CGKSUBCGK,DOM,17,3,RT,2026,1
CGKSUBCGK,DOM,17,4,RT,2025,1
CGKSUBCGK,DOM,17,5,RT,2025,11
CGKSUBCGK,DOM,17,6,RT,2025,7
CGKSUBCGK,DOM,17,7,RT,2026,1
CGKSUBCGK,DOM,17,8,RT,2025,3
CGKSUBCGK,DOM,17,8,RT,2026,2
CGKSUBCGK,DOM,17,10,RT,2025,6
CGKSUBCGK,DOM,17,10,RT,2026,1
CGKSUBCGK,DOM,17,12,RT,2025,3
CGKSUBCGK,DOM,17,12,RT,2026,1
CGKSUBCGK,DOM,17,14,RT,2025,2
CGKSUBCGK,DOM,17,14,RT,2026,1
CGKSUBCGK,DOM,17,18,RT,2026,1
CGKSUBCGK,DOM,17,25,RT,2025,2
CGKSUBCGK,DOM,17,25,RT,2026,9
CGKSUBCGK,DOM,17,40,RT,2025,8
CGKSUBCGK,DOM,18,1,RT,2026,3
CGKSUBCGK,DOM,18,2,RT,2025,5
CGKSUBCGK,DOM,18,2,RT,2026,2
CGKSUBCGK,DOM,18,3,RT,2025,6
CGKSUBCGK,DOM,18,3,RT,2026,5
CGKSUBCGK,DOM,18,4,RT,2025,4
CGKSUBCGK,DOM,18,4,RT,2026,3
CGKSUBCGK,DOM,18,5,RT,2025,5
CGKSUBCGK,DOM,18,5,RT,2026,3
CGKSUBCGK,DOM,18,6,RT,2026,2
CGKSUBCGK,DOM,18,7,RT,2025,1
CGKSUBCGK,DOM,18,8,RT,2025,1
CGKSUBCGK,DOM,18,8,RT,2026,4
CGKSUBCGK,DOM,18,10,RT,2025,1
CGKSUBCGK,DOM,18,12,RT,2025,3
CGKSUBCGK,DOM,18,12,RT,2026,5
CGKSUBCGK,DOM,18,14,RT,2025,2
CGKSUBCGK,DOM,18,18,RT,2025,9
CGKSUBCGK,DOM,18,18,RT,2026,2
CGKSUBCGK,DOM,18,25,RT,2025,4
CGKSUBCGK,DOM,18,25,RT,2026,2
CGKSUBCGK,DOM,18,40,RT,2025,2
CGKSUBCGK,DOM,18,40,RT,2026,1
CGKSUBCGK,DOM,19,1,RT,2026,5
CGKSUBCGK,DOM,19,2,RT,2025,4
CGKSUBCGK,DOM,19,2,RT,2026,2
CGKSUBCGK,DOM,19,3,RT,2025,4
CGKSUBCGK,DOM,19,4,RT,2025,6
CGKSUBCGK,DOM,19,4,RT,2026,3
CGKSUBCGK,DOM,19,6,RT,2025,2
CGKSUBCGK,DOM,19,6,RT,2026,2
CGKSUBCGK,DOM,19,7,RT,2026,2
CGKSUBCGK,DOM,19,8,RT,2025,2
CGKSUBCGK,DOM,19,8,RT,2026,1
CGKSUBCGK,DOM,19,10,RT,2025,3
CGKSUBCGK,DOM,19,10,RT,2026,1
CGKSUBCGK,DOM,19,14,RT,2025,1
CGKSUBCGK,DOM,19,18,RT,2025,1
CGKSUBCGK,DOM,19,18,RT,2026,2
CGKSUBCGK,DOM,19,25,RT,2025,3
CGKSUBCGK,DOM,19,25,RT,2026,4
CGKSUBCGK,DOM,19,40,RT,2025,2
CGKSUBCGK,DOM,20,1,RT,2025,1
CGKSUBCGK,DOM,20,1,RT,2026,12
CGKSUBCGK,DOM,20,2,RT,2025,12
CGKSUBCGK,DOM,20,2,RT,2026,7
CGKSUBCGK,DOM,20,3,RT,2025,2
CGKSUBCGK,DOM,20,3,RT,2026,1
CGKSUBCGK,DOM,20,4,RT,2025,1
CGKSUBCGK,DOM,20,5,RT,2025,2
CGKSUBCGK,DOM,20,6,RT,2026,1
CGKSUBCGK,DOM,20,7,RT,2025,2
CGKSUBCGK,DOM,20,8,RT,2025,1
CGKSUBCGK,DOM,20,8,RT,2026,5
CGKSUBCGK,DOM,20,10,RT,2026,1
CGKSUBCGK,DOM,20,12,RT,2025,5
CGKSUBCGK,DOM,20,14,RT,2025,4
CGKSUBCGK,DOM,20,14,RT,2026,1
CGKSUBCGK,DOM,20,18,RT,2025,1
CGKSUBCGK,DOM,20,18,RT,2026,3
CGKSUBCGK,DOM,20,25,RT,2025,1
CGKSUBCGK,DOM,20,25,RT,2026,8
CGKSUBCGK,DOM,20,40,RT,2026,4
CGKSUBCGK,DOM,21,1,RT,2026,10
CGKSUBCGK,DOM,21,2,RT,2025,2
CGKSUBCGK,DOM,21,2,RT,2026,7
CGKSUBCGK,DOM,21,3,RT,2025,5
CGKSUBCGK,DOM,21,4,RT,2026,4
CGKSUBCGK,DOM,21,7,RT,2025,1
CGKSUBCGK,DOM,21,12,RT,2025,5
CGKSUBCGK,DOM,21,12,RT,2026,1
CGKSUBCGK,DOM,21,14,RT,2026,2
CGKSUBCGK,DOM,21,18,RT,2026,1
CGKSUBCGK,DOM,21,25,RT,2026,2
CGKSUBCGK,DOM,21,40,RT,2025,1
CGKSUBCGK,DOM,22,2,RT,2025,3
CGKSUBCGK,DOM,22,2,RT,2026,3
CGKSUBCGK,DOM,22,3,RT,2026,2
CGKSUBCGK,DOM,22,4,RT,2026,2
CGKSUBCGK,DOM,22,5,RT,2026,4
CGKSUBCGK,DOM,22,6,RT,2025,1
CGKSUBCGK,DOM,22,6,RT,2026,6
CGKSUBCGK,DOM,22,7,RT,2025,3
CGKSUBCGK,DOM,22,8,RT,2025,6
CGKSUBCGK,DOM,22,10,RT,2025,3
CGKSUBCGK,DOM,22,12,RT,2025,4
CGKSUBCGK,DOM,22,14,RT,2025,11
CGKSUBCGK,DOM,22,18,RT,2025,1
CGKSUBCGK,DOM,22,25,RT,2026,1
CGKSUBCGK,DOM,22,40,RT,2025,5
CGKSUBCGK,DOM,22,40,RT,2026,4
CGKSUBCGK,DOM,23,1,RT,2026,1
CGKSUBCGK,DOM,23,3,RT,2025,3
CGKSUBCGK,DOM,23,3,RT,2026,4
CGKSUBCGK,DOM,23,5,RT,2026,4
CGKSUBCGK,DOM,23,6,RT,2026,1
CGKSUBCGK,DOM,23,7,RT,2025,11
CGKSUBCGK,DOM,23,8,RT,2026,4
CGKSUBCGK,DOM,23,10,RT,2025,8
CGKSUBCGK,DOM,23,10,RT,2026,6
CGKSUBCGK,DOM,23,12,RT,2026,1
CGKSUBCGK,DOM,23,14,RT,2026,1
CGKSUBCGK,DOM,23,18,RT,2025,3
CGKSUBCGK,DOM,23,18,RT,2026,3
CGKSUBCGK,DOM,23,25,RT,2025,7
CGKSUBCGK,DOM,23,40,RT,2025,2
CGKSUBCGK,DOM,23,40,RT,2026,10
CGKSUBCGK,DOM,24,1,RT,2025,11
CGKSUBCGK,DOM,24,1,RT,2026,4
CGKSUBCGK,DOM,24,2,RT,2025,18
CGKSUBCGK,DOM,24,2,RT,2026,6
CGKSUBCGK,DOM,24,3,RT,2025,1
CGKSUBCGK,DOM,24,3,RT,2026,2
CGKSUBCGK,DOM,24,4,RT,2026,2
CGKSUBCGK,DOM,24,5,RT,2025,4
CGKSUBCGK,DOM,24,5,RT,2026,1
CGKSUBCGK,DOM,24,6,RT,2025,2
CGKSUBCGK,DOM,24,7,RT,2026,1
CGKSUBCGK,DOM,24,8,RT,2025,1
CGKSUBCGK,DOM,24,8,RT,2026,2
CGKSUBCGK,DOM,24,10,RT,2025,4
CGKSUBCGK,DOM,24,10,RT,2026,1
CGKSUBCGK,DOM,24,12,RT,2025,4
CGKSUBCGK,DOM,24,14,RT,2025,1
CGKSUBCGK,DOM,24,14,RT,2026,3
CGKSUBCGK,DOM,24,18,RT,2026,5
CGKSUBCGK,DOM,24,25,RT,2025,1
CGKSUBCGK,DOM,24,25,RT,2026,2
CGKSUBCGK,DOM,24,40,RT,2025,6
CGKSUBCGK,DOM,24,40,RT,2026,3
CGKSUBCGK,DOM,25,1,RT,2026,4
CGKSUBCGK,DOM,25,2,RT,2025,3
CGKSUBCGK,DOM,25,2,RT,2026,10
CGKSUBCGK,DOM,25,3,RT,2025,5
CGKSUBCGK,DOM,25,3,RT,2026,1
CGKSUBCGK,DOM,25,4,RT,2026,4
CGKSUBCGK,DOM,25,5,RT,2025,1
CGKSUBCGK,DOM,25,6,RT,2025,1
CGKSUBCGK,DOM,25,7,RT,2026,1
CGKSUBCGK,DOM,25,8,RT,2026,1
CGKSUBCGK,DOM,25,14,RT,2025,4
CGKSUBCGK,DOM,25,18,RT,2026,2
CGKSUBCGK,DOM,25,40,RT,2025,4
CGKSUBCGK,DOM,26,1,RT,2025,1
CGKSUBCGK,DOM,26,1,RT,2026,5
CGKSUBCGK,DOM,26,2,RT,2026,2
CGKSUBCGK,DOM,26,3,RT,2025,1
CGKSUBCGK,DOM,26,3,RT,2026,4
CGKSUBCGK,DOM,26,4,RT,2026,3
CGKSUBCGK,DOM,26,5,RT,2025,2
CGKSUBCGK,DOM,26,5,RT,2026,1
CGKSUBCGK,DOM,26,7,RT,2025,1
CGKSUBCGK,DOM,26,8,RT,2026,3
CGKSUBCGK,DOM,26,10,RT,2025,2
CGKSUBCGK,DOM,26,12,RT,2025,5
CGKSUBCGK,DOM,26,14,RT,2026,5
CGKSUBCGK,DOM,26,18,RT,2025,4
CGKSUBCGK,DOM,26,40,RT,2025,1
CGKSUBCGK,DOM,27,1,RT,2025,5
CGKSUBCGK,DOM,27,2,RT,2025,3
CGKSUBCGK,DOM,27,3,RT,2026,7
CGKSUBCGK,DOM,27,4,RT,2025,3
CGKSUBCGK,DOM,27,5,RT,2025,3
CGKSUBCGK,DOM,27,6,RT,2025,1
CGKSUBCGK,DOM,27,7,RT,2025,2
CGKSUBCGK,DOM,27,10,RT,2025,3
CGKSUBCGK,DOM,27,10,RT,2026,4
CGKSUBCGK,DOM,27,12,RT,2025,2
CGKSUBCGK,DOM,27,14,RT,2025,7
CGKSUBCGK,DOM,27,18,RT,2025,4
CGKSUBCGK,DOM,27,18,RT,2026,2
CGKSUBCGK,DOM,27,25,RT,2025,2
CGKSUBCGK,DOM,27,25,RT,2026,1
CGKSUBCGK,DOM,27,40,RT,2025,5
CGKSUBCGK,DOM,27,40,RT,2026,9
CGKSUBCGK,DOM,28,1,RT,2025,3
CGKSUBCGK,DOM,28,1,RT,2026,1
CGKSUBCGK,DOM,28,2,RT,2026,5
CGKSUBCGK,DOM,28,3,RT,2025,10
CGKSUBCGK,DOM,28,4,RT,2025,3
CGKSUBCGK,DOM,28,4,RT,2026,7
CGKSUBCGK,DOM,28,5,RT,2025,3
CGKSUBCGK,DOM,28,6,RT,2025,1
CGKSUBCGK,DOM,28,7,RT,2026,2
CGKSUBCGK,DOM,28,8,RT,2025,3
CGKSUBCGK,DOM,28,10,RT,2025,1
CGKSUBCGK,DOM,28,10,RT,2026,7
CGKSUBCGK,DOM,28,18,RT,2025,1
CGKSUBCGK,DOM,28,25,RT,2025,8
CGKSUBCGK,DOM,28,40,RT,2025,5
CGKSUBCGK,DOM,28,40,RT,2026,7
CGKSUBCGK,DOM,29,1,RT,2026,3
CGKSUBCGK,DOM,29,2,RT,2025,1
CGKSUBCGK,DOM,29,2,RT,2026,3
CGKSUBCGK,DOM,29,3,RT,2025,4
CGKSUBCGK,DOM,29,3,RT,2026,5
CGKSUBCGK,DOM,29,4,RT,2025,5
CGKSUBCGK,DOM,29,4,RT,2026,5
CGKSUBCGK,DOM,29,5,RT,2025,7
CGKSUBCGK,DOM,29,5,RT,2026,1
CGKSUBCGK,DOM,29,6,RT,2025,5
CGKSUBCGK,DOM,29,7,RT,2025,2
CGKSUBCGK,DOM,29,8,RT,2025,3
CGKSUBCGK,DOM,29,10,RT,2025,8
CGKSUBCGK,DOM,29,10,RT,2026,3
CGKSUBCGK,DOM,29,12,RT,2025,1
CGKSUBCGK,DOM,29,12,RT,2026,3
CGKSUBCGK,DOM,29,14,RT,2026,1
CGKSUBCGK,DOM,29,18,RT,2025,1
CGKSUBCGK,DOM,29,25,RT,2026,2
CGKSUBCGK,DOM,29,40,RT,2025,2
CGKSUBCGK,DOM,29,40,RT,2026,4
CGKSUBCGK,DOM,30,1,RT,2025,3
CGKSUBCGK,DOM,30,2,RT,2025,8
CGKSUBCGK,DOM,30,2,RT,2026,1
CGKSUBCGK,DOM,30,3,RT,2025,1
CGKSUBCGK,DOM,30,3,RT,2026,6
CGKSUBCGK,DOM,30,4,RT,2026,2
CGKSUBCGK,DOM,30,5,RT,2026,1
CGKSUBCGK,DOM,30,6,RT,2026,5
CGKSUBCGK,DOM,30,7,RT,2026,3
CGKSUBCGK,DOM,30,8,RT,2026,6
CGKSUBCGK,DOM,30,10,RT,2025,1
CGKSUBCGK,DOM,30,14,RT,2025,3
CGKSUBCGK,DOM,30,14,RT,2026,6
CGKSUBCGK,DOM,30,18,RT,2025,1
CGKSUBCGK,DOM,30,25,RT,2025,2
CGKSUBCGK,DOM,30,25,RT,2026,3
CGKSUBCGK,DOM,30,40,RT,2025,1
CGKSUBCGK,DOM,31,3,RT,2026,6
CGKSUBCGK,DOM,31,4,RT,2025,1
CGKSUBCGK,DOM,31,5,RT,2025,2
CGKSUBCGK,DOM,31,8,RT,2025,2
CGKSUBCGK,DOM,31,25,RT,2025,5
CGKSUBCGK,DOM,31,25,RT,2026,3
CGKSUBCGK,DOM,32,5,RT,2025,6
CGKSUBCGK,DOM,32,6,RT,2025,5
CGKSUBCGK,DOM,32,7,RT,2025,1
CGKSUBCGK,DOM,32,10,RT,2026,1
CGKSUBCGK,DOM,32,12,RT,2025,3
CGKSUBCGK,DOM,33,3,RT,2026,1
CGKSUBCGK,DOM,33,18,RT,2025,1
CGKSUBCGK,DOM,33,18,RT,2026,6
CGKSUBCGK,DOM,34,2,RT,2026,2
CGKSUBCGK,DOM,34,3,RT,2025,1
CGKSUBCGK,DOM,34,5,RT,2026,5
CGKSUBCGK,DOM,34,6,RT,2025,2
CGKSUBCGK,DOM,34,8,RT,2025,1
CGKSUBCGK,DOM,34,8,RT,2026,7
CGKSUBCGK,DOM,34,40,RT,2026,4
CGKSUBCGK,DOM,35,1,RT,2026,1
CGKSUBCGK,DOM,35,2,RT,2025,1
CGKSUBCGK,DOM,35,2,RT,2026,1
CGKSUBCGK,DOM,35,3,RT,2025,2
CGKSUBCGK,DOM,35,12,RT,2025,6
CGKSUBCGK,DOM,35,14,RT,2026,2
CGKSUBCGK,DOM,35,25,RT,2026,2
CGKSUBCGK,DOM,36,8,RT,2025,1
CGKSUBCGK,DOM,36,14,RT,2026,6
CGKSUBCGK,DOM,37,1,RT,2025,4
CGKSUBCGK,DOM,37,1,RT,2026,4
CGKSUBCGK,DOM,37,2,RT,2026,1
CGKSUBCGK,DOM,37,3,RT,2025,3
CGKSUBCGK,DOM,37,4,RT,2025,1
CGKSUBCGK,DOM,37,5,RT,2026,2
CGKSUBCGK,DOM,37,8,RT,2025,2
CGKSUBCGK,DOM,37,14,RT,2025,2
CGKSUBCGK,DOM,37,40,RT,2026,4
CGKSUBCGK,DOM,38,1,RT,2025,4
CGKSUBCGK,DOM,38,8,RT,2025,1
CGKSUBCGK,DOM,38,18,RT,2025,2
CGKSUBCGK,DOM,38,25,RT,2025,1
CGKSUBCGK,DOM,39,1,RT,2025,2
CGKSUBCGK,DOM,39,3,RT,2026,3
CGKSUBCGK,DOM,39,4,RT,2026,4
CGKSUBCGK,DOM,39,10,RT,2025,2
CGKSUBCGK,DOM,39,25,RT,2026,4
CGKSUBCGK,DOM,40,2,RT,2025,6
CGKSUBCGK,DOM,40,2,RT,2026,3
CGKSUBCGK,DOM,40,3,RT,2026,1
CGKSUBCGK,DOM,40,5,RT,2026,1
CGKSUBCGK,DOM,40,10,RT,2025,4
CGKSUBCGK,DOM,40,10,RT,2026,1
CGKSUBCGK,DOM,40,14,RT,2025,3
CGKSUBCGK,DOM,41,1,RT,2026,4
CGKSUBCGK,DOM,41,3,RT,2025,2
CGKSUBCGK,DOM,41,4,RT,2025,3
CGKSUBCGK,DOM,41,18,RT,2025,2
CGKSUBCGK,DOM,41,40,RT,2025,2
CGKSUBCGK,DOM,43,1,RT,2025,5
CGKSUBCGK,DOM,43,1,RT,2026,2
CGKSUBCGK,DOM,43,4,RT,2025,4
CGKSUBCGK,DOM,43,8,RT,2026,2
CGKSUBCGK,DOM,43,10,RT,2026,6
CGKSUBCGK,DOM,43,40,RT,2025,7
CGKSUBCGK,DOM,44,1,RT,2025,2
CGKSUBCGK,DOM,44,1,RT,2026,3
CGKSUBCGK,DOM,44,2,RT,2025,1
CGKSUBCGK,DOM,44,3,RT,2025,2
CGKSUBCGK,DOM,44,3,RT,2026,1
CGKSUBCGK,DOM,44,7,RT,2026,3
CGKSUBCGK,DOM,44,14,RT,2025,5
CGKSUBCGK,DOM,44,14,RT,2026,1
CGKSUBCGK,DOM,44,40,RT,2026,1
CGKSUBCGK,DOM,45,1,RT,2025,5
CGKSUBCGK,DOM,45,2,RT,2025,2
CGKSUBCGK,DOM,45,2,RT,2026,2
CGKSUBCGK,DOM,45,12,RT,2025,1
CGKSUBCGK,DOM,45,14,RT,2025,6
CGKSUBCGK,DOM,45,25,RT,2026,3
CGKSUBCGK,DOM,45,40,RT,2026,2
CGKSUBCGK,DOM,46,3,RT,2026,1
CGKSUBCGK,DOM,46,4,RT,2025,3
CGKSUBCGK,DOM,46,7,RT,2026,1
CGKSUBCGK,DOM,46,8,RT,2025,2
CGKSUBCGK,DOM,46,12,RT,2026,3
CGKSUBCGK,DOM,47,2,RT,2025,1
CGKSUBCGK,DOM,47,6,RT,2026,1
CGKSUBCGK,DOM,47,12,RT,2025,1
CGKSUBCGK,DOM,47,14,RT,2025,2
CGKSUBCGK,DOM,47,25,RT,2025,3
CGKSUBCGK,DOM,47,40,RT,2025,2
CGKSUBCGK,DOM,48,1,RT,2026,2
CGKSUBCGK,DOM,48,2,RT,2026,1
CGKSUBCGK,DOM,48,3,RT,2025,5
CGKSUBCGK,DOM,48,5,RT,2026,2
CGKSUBCGK,DOM,48,7,RT,2025,2
CGKSUBCGK,DOM,48,10,RT,2026,1
CGKSUBCGK,DOM,48,18,RT,2026,2
CGKSUBCGK,DOM,48,40,RT,2025,2
CGKSUBCGK,DOM,49,1,RT,2026,5
CGKSUBCGK,DOM,49,3,RT,2025,2
CGKSUBCGK,DOM,49,6,RT,2025,1
CGKSUBCGK,DOM,49,10,RT,2026,2
CGKSUBCGK,DOM,49,14,RT,2025,2
CGKSUBCGK,DOM,50,2,RT,2026,2
CGKSUBCGK,DOM,50,3,RT,2025,1
CGKSUBCGK,DOM,50,5,RT,2025,1
CGKSUBCGK,DOM,50,10,RT,2026,1
CGKSUBCGK,DOM,50,12,RT,2025,1
CGKSUBCGK,DOM,50,18,RT,2025,1
CGKSUBCGK,DOM,51,5,RT,2025,4
CGKSUBCGK,DOM,51,7,RT,2026,2
CGKSUBCGK,DOM,51,10,RT,2026,8
CGKSUBCGK,DOM,52,2,RT,2026,1
CGKSUBCGK,DOM,52,5,RT,2025,2
CGKSUBCGK,DOM,52,18,RT,2026,2
CGKSUBCGK,DOM,53,1,RT,2026,1
CGKSUBCGK,DOM,53,7,RT,2025,9
CGKSUBCGK,DOM,53,12,RT,2025,4
CGKSUBCGK,DOM,54,1,RT,2026,3
CGKSUBCGK,DOM,54,2,RT,2025,2
CGKSUBCGK,DOM,54,2,RT,2026,6
CGKSUBCGK,DOM,54,5,RT,2026,1
CGKSUBCGK,DOM,54,25,RT,2026,2
CGKSUBCGK,DOM,55,1,RT,2025,4
CGKSUBCGK,DOM,55,1,RT,2026,3
CGKSUBCGK,DOM,55,2,RT,2025,6
CGKSUBCGK,DOM,55,3,RT,2025,2
CGKSUBCGK,DOM,55,5,RT,2026,4
CGKSUBCGK,DOM,55,7,RT,2025,1
CGKSUBCGK,DOM,55,12,RT,2025,3
CGKSUBCGK,DOM,55,25,RT,2025,2
CGKSUBCGK,DOM,56,1,RT,2025,2
CGKSUBCGK,DOM,56,3,RT,2026,2
CGKSUBCGK,DOM,56,7,RT,2026,1
CGKSUBCGK,DOM,56,8,RT,2025,1
CGKSUBCGK,DOM,57,3,RT,2025,6
CGKSUBCGK,DOM,57,5,RT,2025,2
CGKSUBCGK,DOM,57,7,RT,2025,2
CGKSUBCGK,DOM,57,25,RT,2025,1
CGKSUBCGK,DOM,59,1,RT,2025,1
CGKSUBCGK,DOM,59,2,RT,2025,1
CGKSUBCGK,DOM,59,2,RT,2026,4
CGKSUBCGK,DOM,59,3,RT,2025,6
CGKSUBCGK,DOM,59,3,RT,2026,1
CGKSUBCGK,DOM,59,4,RT,2026,2
CGKSUBCGK,DOM,59,10,RT,2025,3
CGKSUBCGK,DOM,59,14,RT,2025,1
CGKSUBCGK,DOM,59,18,RT,2025,2
CGKSUBCGK,DOM,60,1,RT,2025,1
CGKSUBCGK,DOM,60,2,RT,2026,2
CGKSUBCGK,DOM,60,3,RT,2026,6
CGKSUBCGK,DOM,60,6,RT,2026,3
CGKSUBCGK,DOM,60,7,RT,2026,4
CGKSUBCGK,DOM,60,8,RT,2025,1
CGKSUBCGK,DOM,60,12,RT,2026,5
CGKSUBCGK,DOM,60,14,RT,2025,5
CGKSUBCGK,DOM,60,14,RT,2026,4
CGKSUBCGK,DOM,60,25,RT,2025,1
CGKSUBCGK,DOM,61,1,RT,2026,1
CGKSUBCGK,DOM,61,3,RT,2026,1
CGKSUBCGK,DOM,61,5,RT,2026,4
CGKSUBCGK,DOM,61,10,RT,2025,1
CGKSUBCGK,DOM,61,25,RT,2025,1
CGKSUBCGK,DOM,61,40,RT,2025,2
CGKSUBCGK,DOM,62,1,RT,2025,2
CGKSUBCGK,DOM,62,1,RT,2026,4
CGKSUBCGK,DOM,62,3,RT,2025,1
CGKSUBCGK,DOM,62,3,RT,2026,4
CGKSUBCGK,DOM,62,4,RT,2025,1
CGKSUBCGK,DOM,62,40,RT,2026,3
CGKSUBCGK,DOM,63,1,RT,2025,3
CGKSUBCGK,DOM,63,3,RT,2026,2
CGKSUBCGK,DOM,63,10,RT,2025,5
CGKSUBCGK,DOM,63,10,RT,2026,1
CGKSUBCGK,DOM,63,12,RT,2026,6
CGKSUBCGK,DOM,63,40,RT,2026,1
CGKSUBCGK,DOM,64,1,RT,2025,1
CGKSUBCGK,DOM,64,2,RT,2025,2
CGKSUBCGK,DOM,64,3,RT,2026,2
CGKSUBCGK,DOM,64,8,RT,2025,2
CGKSUBCGK,DOM,64,8,RT,2026,1
CGKSUBCGK,DOM,64,12,RT,2025,1
CGKSUBCGK,DOM,65,1,RT,2025,5
CGKSUBCGK,DOM,65,2,RT,2026,2
CGKSUBCGK,DOM,65,6,RT,2026,2
CGKSUBCGK,DOM,65,7,RT,2025,2
CGKSUBCGK,DOM,65,18,RT,2026,1
CGKSUBCGK,DOM,65,40,RT,2025,1
CGKSUBCGK,DOM,66,1,RT,2025,3
CGKSUBCGK,DOM,66,3,RT,2025,4
CGKSUBCGK,DOM,66,3,RT,2026,2
CGKSUBCGK,DOM,66,10,RT,2025,2
CGKSUBCGK,DOM,66,10,RT,2026,12
CGKSUBCGK,DOM,66,25,RT,2025,3
CGKSUBCGK,DOM,67,2,RT,2025,1
CGKSUBCGK,DOM,67,2,RT,2026,1
CGKSUBCGK,DOM,67,6,RT,2026,2
CGKSUBCGK,DOM,67,8,RT,2026,1
CGKSUBCGK,DOM,67,14,RT,2026,3
CGKSUBCGK,DOM,67,25,RT,2025,2
CGKSUBCGK,DOM,67,40,RT,2025,3
CGKSUBCGK,DOM,68,1,RT,2025,4
CGKSUBCGK,DOM,68,1,RT,2026,2
CGKSUBCGK,DOM,68,2,RT,2025,1
CGKSUBCGK,DOM,68,3,RT,2025,2
CGKSUBCGK,DOM,68,14,RT,2025,2
CGKSUBCGK,DOM,68,25,RT,2025,6
CGKSUBCGK,DOM,69,1,RT,2025,3
CGKSUBCGK,DOM,69,2,RT,2025,1
CGKSUBCGK,DOM,69,3,RT,2025,1
CGKSUBCGK,DOM,69,3,RT,2026,3
CGKSUBCGK,DOM,69,8,RT,2026,3
CGKSUBCGK,DOM,69,25,RT,2026,1
CGKSUBCGK,DOM,70,5,RT,2025,1
CGKSUBCGK,DOM,70,8,RT,2025,1
CGKSUBCGK,DOM,70,14,RT,2025,1
CGKSUBCGK,DOM,70,18,RT,2026,1
CGKSUBCGK,DOM,70,40,RT,2026,8
CGKSUBCGK,DOM,71,3,RT,2026,3
CGKSUBCGK,DOM,71,5,RT,2026,2
CGKSUBCGK,DOM,71,8,RT,2026,2
CGKSUBCGK,DOM,72,2,RT,2025,1
CGKSUBCGK,DOM,72,2,RT,2026,6
CGKSUBCGK,DOM,72,3,RT,2025,1
CGKSUBCGK,DOM,72,4,RT,2026,2
CGKSUBCGK,DOM,72,10,RT,2025,1
CGKSUBCGK,DOM,72,12,RT,2026,2
CGKSUBCGK,DOM,72,14,RT,2025,1
CGKSUBCGK,DOM,73,2,RT,2025,1
CGKSUBCGK,DOM,73,5,RT,2025,1
CGKSUBCGK,DOM,73,18,RT,2025,6
CGKSUBCGK,DOM,74,3,RT,2026,2
CGKSUBCGK,DOM,74,4,RT,2025,2
CGKSUBCGK,DOM,74,5,RT,2026,2
CGKSUBCGK,DOM,75,1,RT,2025,1
CGKSUBCGK,DOM,75,2,RT,2025,1
CGKSUBCGK,DOM,75,2,RT,2026,1
CGKSUBCGK,DOM,75,4,RT,2025,6
CGKSUBCGK,DOM,75,6,RT,2025,1
CGKSUBCGK,DOM,75,14,RT,2025,4
CGKSUBCGK,DOM,75,18,RT,2025,6
CGKSUBCGK,DOM,75,25,RT,2025,1
CGKSUBCGK,DOM,75,25,RT,2026,1
CGKSUBCGK,DOM,76,1,RT,2025,2
CGKSUBCGK,DOM,76,1,RT,2026,1
CGKSUBCGK,DOM,76,8,RT,2025,3
CGKSUBCGK,DOM,76,8,RT,2026,4
CGKSUBCGK,DOM,77,1,RT,2026,1
CGKSUBCGK,DOM,77,3,RT,2025,3
CGKSUBCGK,DOM,77,12,RT,2025,1
CGKSUBCGK,DOM,77,18,RT,2025,4
CGKSUBCGK,DOM,78,1,RT,2025,7
CGKSUBCGK,DOM,78,2,RT,2025,3
CGKSUBCGK,DOM,78,3,RT,2026,3
CGKSUBCGK,DOM,78,6,RT,2026,3
CGKSUBCGK,DOM,78,12,RT,2025,1
CGKSUBCGK,DOM,79,6,RT,2026,4
CGKSUBCGK,DOM,79,7,RT,2025,1
CGKSUBCGK,DOM,79,14,RT,2025,1
CGKSUBCGK,DOM,79,14,RT,2026,2
CGKSUBCGK,DOM,80,2,RT,2025,2
CGKSUBCGK,DOM,80,3,RT,2025,4
CGKSUBCGK,DOM,80,5,RT,2025,2
CGKSUBCGK,DOM,80,10,RT,2025,4
CGKSUBCGK,DOM,80,12,RT,2025,3
CGKSUBCGK,DOM,80,40,RT,2025,1
CGKSUBCGK,DOM,81,1,RT,2025,4
CGKSUBCGK,DOM,81,5,RT,2025,3
CGKSUBCGK,DOM,81,8,RT,2025,1
CGKSUBCGK,DOM,81,12,RT,2025,2
CGKSUBCGK,DOM,81,14,RT,2025,1
CGKSUBCGK,DOM,81,14,RT,2026,2
CGKSUBCGK,DOM,82,5,RT,2026,5
CGKSUBCGK,DOM,82,12,RT,2025,6
CGKSUBCGK,DOM,82,14,RT,2025,1
CGKSUBCGK,DOM,83,2,RT,2025,1
CGKSUBCGK,DOM,83,3,RT,2025,1
CGKSUBCGK,DOM,83,4,RT,2026,3
CGKSUBCGK,DOM,83,5,RT,2025,3
CGKSUBCGK,DOM,83,8,RT,2025,1
CGKSUBCGK,DOM,83,8,RT,2026,3
CGKSUBCGK,DOM,83,18,RT,2025,4
CGKSUBCGK,DOM,83,40,RT,2026,2
CGKSUBCGK,DOM,84,3,RT,2026,3
CGKSUBCGK,DOM,84,4,RT,2025,5
CGKSUBCGK,DOM,84,10,RT,2026,1
CGKSUBCGK,DOM,84,18,RT,2026,2
CGKSUBCGK,DOM,85,2,RT,2026,1
CGKSUBCGK,DOM,85,6,RT,2026,5
CGKSUBCGK,DOM,85,8,RT,2026,1
CGKSUBCGK,DOM,85,18,RT,2025,4
CGKSUBCGK,DOM,85,40,RT,2025,2
CGKSUBCGK,DOM,86,3,RT,2026,6
CGKSUBCGK,DOM,86,7,RT,2025,3
CGKSUBCGK,DOM,86,12,RT,2025,3
CGKSUBCGK,DOM,86,14,RT,2026,2
CGKSUBCGK,DOM,86,18,RT,2026,1
CGKSUBCGK,DOM,86,25,RT,2025,2
CGKSUBCGK,DOM,87,5,RT,2025,1
CGKSUBCGK,DOM,87,6,RT,2025,3
CGKSUBCGK,DOM,87,7,RT,2025,4
CGKSUBCGK,DOM,87,12,RT,2026,1
CGKSUBCGK,DOM,87,14,RT,2025,1
CGKSUBCGK,DOM,87,25,RT,2025,5
CGKSUBCGK,DOM,88,2,RT,2026,1
CGKSUBCGK,DOM,88,3,RT,2025,5
CGKSUBCGK,DOM,88,5,RT,2026,6
CGKSUBCGK,DOM,88,6,RT,2025,1
CGKSUBCGK,DOM,88,7,RT,2025,4
CGKSUBCGK,DOM,88,10,RT,2025,1
CGKSUBCGK,DOM,88,12,RT,2025,2
CGKSUBCGK,DOM,88,14,RT,2025,6
CGKSUBCGK,DOM,88,25,RT,2026,3
CGKSUBCGK,DOM,89,6,RT,2026,2
CGKSUBCGK,DOM,89,25,RT,2025,1
CGKSUBCGK,DOM,90,1,RT,2025,5
CGKSUBCGK,DOM,90,3,RT,2025,5
CGKSUBCGK,DOM,90,3,RT,2026,1
CGKSUBCGK,DOM,90,6,RT,2026,3
CGKSUBCGK,DOM,90,8,RT,2025,1
CGKSUBCGK,DOM,90,14,RT,2026,2
CGKSUBCGK,DOM,90,18,RT,2025,1
CGKSUBCGK,DOM,91,5,RT,2026,1
CGKSUBCGK,DOM,93,2,RT,2026,1
CGKSUBCGK,DOM,93,10,RT,2025,1
CGKSUBCGK,DOM,94,5,RT,2025,6
CGKSUBCGK,DOM,95,18,RT,2025,2
CGKSUBCGK,DOM,98,14,RT,2026,2
CGKSUBCGK,DOM,100,1,RT,2025,3
CGKSUBCGK,DOM,100,40,RT,2026,1
CGKSUBCGK,DOM,101,2,RT,2025,1
CGKSUBCGK,DOM,101,3,RT,2025,4
CGKSUBCGK,DOM,101,7,RT,2025,1
CGKSUBCGK,DOM,101,12,RT,2026,1
CGKSUBCGK,DOM,102,10,RT,2026,1
CGKSUBCGK,DOM,105,8,RT,2025,5
CGKSUBCGK,DOM,105,40,RT,2025,6
CGKSUBCGK,DOM,106,3,RT,2025,1
CGKSUBCGK,DOM,108,3,RT,2025,2
CGKSUBCGK,DOM,108,14,RT,2026,4
CGKSUBCGK,DOM,112,12,RT,2025,1
CGKSUBCGK,DOM,113,1,RT,2025,1
CGKSUBCGK,DOM,113,2,RT,2026,6
CGKSUBCGK,DOM,113,14,RT,2026,2
CGKSUBCGK,DOM,114,1,RT,2026,2
CGKSUBCGK,DOM,115,3,RT,2026,1
CGKSUBCGK,DOM,115,10,RT,2025,3
CGKSUBCGK,DOM,117,2,RT,2025,1
CGKSUBCGK,DOM,119,3,RT,2026,3
CGKSUBCGK,DOM,122,1,RT,2025,4
CGKSUBCGK,DOM,122,5,RT,2025,1
CGKSUBCGK,DOM,122,40,RT,2025,4
CGKSUBCGK,DOM,126,4,RT,2026,3
CGKSUBCGK,DOM,126,8,RT,2026,1
CGKSUBCGK,DOM,127,8,RT,2026,1
CGKSUBCGK,DOM,127,10,RT,2026,6
CGKSUBCGK,DOM,127,40,RT,2026,1
CGKSUBCGK,DOM,130,2,RT,2025,1
CGKSUBCGK,DOM,130,5,RT,2025,1
CGKSUBCGK,DOM,130,8,RT,2025,2
CGKSUBCGK,DOM,131,1,RT,2025,1
CGKSUBCGK,DOM,131,10,RT,2026,2
CGKSUBCGK,DOM,132,1,RT,2026,2
CGKSUBCGK,DOM,132,6,RT,2025,6
CGKSUBCGK,DOM,135,1,RT,2026,3
CGKSUBCGK,DOM,135,3,RT,2026,1
CGKSUBCGK,DOM,136,3,RT,2026,1
CGKSUBCGK,DOM,138,1,RT,2025,6
CGKSUBCGK,DOM,138,3,RT,2026,1
CGKSUBCGK,DOM,138,18,RT,2026,1
CGKSUBCGK,DOM,139,2,RT,2025,1
CGKSUBCGK,DOM,139,25,RT,2025,2
CGKSUBCGK,DOM,140,1,RT,2025,2
CGKSUBCGK,DOM,142,2,RT,2026,1
CGKSUBCGK,DOM,143,2,RT,2026,3
CGKSUBCGK,DOM,145,14,RT,2026,2
CGKSUBCGK,DOM,147,2,RT,2025,1
CGKSUBCGK,DOM,147,6,RT,2025,1
CGKSUBCGK,DOM,149,2,RT,2025,5
CGKSUBCGK,DOM,150,2,RT,2025,2
CGKSUBCGK,DOM,150,7,RT,2025,1
CGKSUBCGK,DOM,151,18,RT,2026,4
CGKSUBCGK,DOM,152,2,RT,2025,3
CGKSUBCGK,DOM,152,5,RT,2025,1
CGKSUBCGK,DOM,153,1,RT,2026,6
CGKSUBCGK,DOM,153,2,RT,2025,1
CGKSUBCGK,DOM,155,3,RT,2025,2
CGKSUBCGK,DOM,155,5,RT,2025,4
CGKSUBCGK,DOM,156,7,RT,2025,3
CGKSUBCGK,DOM,156,14,RT,2026,3
CGKSUBCGK,DOM,157,4,RT,2026,1
CGKSUBCGK,DOM,158,5,RT,2025,3
CGKSUBCGK,DOM,158,10,RT,2025,2
CGKSUBCGK,DOM,159,1,RT,2026,4
CGKSUBCGK,DOM,159,3,RT,2026,1
CGKSUBCGK,DOM,160,6,RT,2026,1
CGKSUBCGK,DOM,161,12,RT,2025,2
CGKSUBCGK,DOM,162,3,RT,2026,5
CGKSUBCGK,DOM,163,3,RT,2026,1
CGKSUBCGK,DOM,164,1,RT,2026,3
CGKSUBCGK,DOM,165,1,RT,2025,1
CGKSUBCGK,DOM,166,10,RT,2026,2
CGKSUBCGK,DOM,166,40,RT,2026,3
CGKSUBCGK,DOM,168,10,RT,2025,1
CGKSUBCGK,DOM,168,18,RT,2025,1
CGKSUBCGK,DOM,169,5,RT,2025,5
CGKSUBCGK,DOM,170,1,RT,2026,4
CGKSUBCGK,DOM,172,5,RT,2025,2
CGKSUBCGK,DOM,172,40,RT,2026,4
CGKSUBCGK,DOM,173,6,RT,2025,2
CGKSUBCGK,DOM,175,5,RT,2026,4
CGKSUBCGK,DOM,176,1,RT,2026,3
CGKSUBCGK,DOM,176,25,RT,2026,1
CGKSUBCGK,DOM,177,4,RT,2025,3
CGKSUBCGK,DOM,179,3,RT,2026,1
CGKSUBCGK,DOM,183,3,RT,2025,3
CGKSUBCGK,DOM,184,2,RT,2026,5
CGKSUBCGK,DOM,184,10,RT,2026,1
CGKSUBCGK,DOM,184,12,RT,2025,2
CGKSUBCGK,DOM,185,3,RT,2026,1
CGKSUBCGK,DOM,185,8,RT,2026,1
CGKSUBCGK,DOM,186,1,RT,2026,2
CGKSUBCGK,DOM,186,8,RT,2025,2
CGKSUBCGK,DOM,187,1,RT,2026,2
CGKSUBCGK,DOM,187,5,RT,2025,6
CGKSUBCGK,DOM,190,2,RT,2026,2
CGKSUBCGK,DOM,190,3,RT,2025,2
CGKSUBCGK,DOM,190,10,RT,2026,1
CGKSUBCGK,DOM,191,10,RT,2026,6
CGKSUBCGK,DOM,192,8,RT,2025,4
CGKSUBCGK,DOM,193,1,RT,2026,1
CGKSUBCGK,DOM,193,25,RT,2025,3
CGKSUBCGK,DOM,195,2,RT,2025,1
CGKSUBCGK,DOM,195,25,RT,2026,1
CGKSUBCGK,DOM,196,2,RT,2025,3
CGKSUBCGK,DOM,196,12,RT,2026,1
CGKSUBCGK,DOM,197,1,RT,2026,1
CGKSUBCGK,DOM,197,40,RT,2025,4
CGKSUBCGK,DOM,198,1,RT,2026,1
CGKSUBCGK,DOM,199,3,RT,2026,2
CGKSUBCGK,DOM,199,4,RT,2025,4
CGKSUBCGK,DOM,200,10,RT,2025,1
CGKSUBCGK,DOM,201,3,RT,2025,1
CGKSUBCGK,DOM,203,3,RT,2025,1
CGKSUBCGK,DOM,203,14,RT,2026,3
CGKSUBCGK,DOM,204,14,RT,2026,6
CGKSUBCGK,DOM,205,3,RT,2025,6
CGKSUBCGK,DOM,205,25,RT,2026,1
CGKSUBCGK,DOM,205,40,RT,2025,3
CGKSUBCGK,DOM,206,3,RT,2025,1
CGKSUBCGK,DOM,207,7,RT,2025,4
CGKSUBCGK,DOM,209,1,RT,2025,2
CGKSUBCGK,DOM,209,40,RT,2025,1
CGKSUBCGK,DOM,210,2,RT,2026,3
CGKSUBCGK,DOM,210,12,RT,2025,1
CGKSUBCGK,DOM,211,10,RT,2025,1
CGKSUBCGK,DOM,213,1,RT,2025,1
CGKSUBCGK,DOM,213,6,RT,2025,1
CGKSUBCGK,DOM,214,6,RT,2025,3
CGKSUBCGK,DOM,216,18,RT,2026,6
CGKSUBCGK,DOM,217,2,RT,2025,2
CGKSUBCGK,DOM,217,7,RT,2025,1
CGKSUBCGK,DOM,217,14,RT,2026,2
CGKSUBCGK,DOM,218,1,RT,2026,1
CGKSUBCGK,DOM,218,10,RT,2025,1
CGKSYD,INT,0,0,OW,2025,14
CGKSYD,INT,0,0,OW,2026,9
CGKSYD,INT,1,0,OW,2025,6
CGKSYD,INT,1,0,OW,2026,7
CGKSYD,INT,2,0,OW,2025,19
CGKSYD,INT,2,0,OW,2026,14
CGKSYD,INT,3,0,OW,2025,15
CGKSYD,INT,3,0,OW,2026,2
CGKSYD,INT,4,0,OW,2025,17
CGKSYD,INT,4,0,OW,2026,22
CGKSYD,INT,5,0,OW,2025,2
CGKSYD,INT,5,0,OW,2026,10
CGKSYD,INT,6,0,OW,2025,12
CGKSYD,INT,6,0,OW,2026,14
CGKSYD,INT,7,0,OW,2025,6
CGKSYD,INT,7,0,OW,2026,12
CGKSYD,INT,8,0,OW,2025,9
CGKSYD,INT,8,0,OW,2026,11
CGKSYD,INT,9,0,OW,2025,7
CGKSYD,INT,10,0,OW,2025,1
CGKSYD,INT,10,0,OW,2026,1
CGKSYD,INT,11,0,OW,2025,5
CGKSYD,INT,11,0,OW,2026,7
CGKSYD,INT,12,0,OW,2025,2
CGKSYD,INT,12,0,OW,2026,8
CGKSYD,INT,13,0,OW,2025,4
CGKSYD,INT,14,0,OW,2025,14
CGKSYD,INT,14,0,OW,2026,2
CGKSYD,INT,16,0,OW,2025,1
CGKSYD,INT,16,0,OW,2026,1
CGKSYD,INT,17,0,OW,2025,3
CGKSYD,INT,17,0,OW,2026,4
CGKSYD,INT,18,0,OW,2025,4
CGKSYD,INT,18,0,OW,2026,4
CGKSYD,INT,19,0,OW,2025,4
CGKSYD,INT,19,0,OW,2026,4
CGKSYD,INT,20,0,OW,2025,7
CGKSYD,INT,20,0,OW,2026,16
CGKSYD,INT,21,0,OW,2025,1
CGKSYD,INT,22,0,OW,2025,9
CGKSYD,INT,22,0,OW,2026,5
CGKSYD,INT,23,0,OW,2025,1
CGKSYD,INT,23,0,OW,2026,8
CGKSYD,INT,24,0,OW,2025,2
CGKSYD,INT,24,0,OW,2026,3
CGKSYD,INT,25,0,OW,2025,7
CGKSYD,INT,25,0,OW,2026,1
CGKSYD,INT,26,0,OW,2025,8
CGKSYD,INT,26,0,OW,2026,7
CGKSYD,INT,27,0,OW,2025,6
CGKSYD,INT,27,0,OW,2026,5
CGKSYD,INT,28,0,OW,2025,2
CGKSYD,INT,28,0,OW,2026,4
CGKSYD,INT,29,0,OW,2025,3
CGKSYD,INT,29,0,OW,2026,14
CGKSYD,INT,30,0,OW,2025,5
CGKSYD,INT,30,0,OW,2026,4
CGKSYD,INT,32,0,OW,2026,2
CGKSYD,INT,36,0,OW,2025,2
CGKSYD,INT,36,0,OW,2026,5
CGKSYD,INT,37,0,OW,2025,2
CGKSYD,INT,38,0,OW,2025,2
CGKSYD,INT,40,0,OW,2025,2
CGKSYD,INT,42,0,OW,2025,2
CGKSYD,INT,43,0,OW,2025,1
CGKSYD,INT,44,0,OW,2026,2
CGKSYD,INT,45,0,OW,2025,1
CGKSYD,INT,45,0,OW,2026,3
CGKSYD,INT,46,0,OW,2025,1
CGKSYD,INT,46,0,OW,2026,3
CGKSYD,INT,47,0,OW,2025,1
CGKSYD,INT,49,0,OW,2025,1
CGKSYD,INT,50,0,OW,2025,1
CGKSYD,INT,52,0,OW,2026,1
CGKSYD,INT,53,0,OW,2025,1
CGKSYD,INT,54,0,OW,2025,6
CGKSYD,INT,55,0,OW,2025,1
CGKSYD,INT,55,0,OW,2026,5
CGKSYD,INT,58,0,OW,2025,1
CGKSYD,INT,59,0,OW,2025,1
CGKSYD,INT,59,0,OW,2026,1
CGKSYD,INT,60,0,OW,2025,4
CGKSYD,INT,63,0,OW,2026,3
CGKSYD,INT,64,0,OW,2025,6
CGKSYD,INT,64,0,OW,2026,3
CGKSYD,INT,65,0,OW,2026,5
CGKSYD,INT,66,0,OW,2025,1
CGKSYD,INT,67,0,OW,2025,7
CGKSYD,INT,68,0,OW,2026,9
CGKSYD,INT,69,0,OW,2025,6
CGKSYD,INT,70,0,OW,2025,1
CGKSYD,INT,70,0,OW,2026,3
CGKSYD,INT,71,0,OW,2025,2
CGKSYD,INT,74,0,OW,2025,1
CGKSYD,INT,74,0,OW,2026,1
CGKSYD,INT,77,0,OW,2025,1
CGKSYD,INT,77,0,OW,2026,2
CGKSYD,INT,78,0,OW,2025,9
CGKSYD,INT,80,0,OW,2025,4
CGKSYD,INT,80,0,OW,2026,12
CGKSYD,INT,81,0,OW,2025,3
CGKSYD,INT,81,0,OW,2026,5
CGKSYD,INT,82,0,OW,2026,2
CGKSYD,INT,84,0,OW,2025,4
CGKSYD,INT,84,0,OW,2026,4
CGKSYD,INT,86,0,OW,2026,4
CGKSYD,INT,88,0,OW,2025,8
CGKSYD,INT,88,0,OW,2026,6
CGKSYD,INT,89,0,OW,2025,2
CGKSYD,INT,90,0,OW,2025,5
CGKSYD,INT,101,0,OW,2025,4
CGKSYD,INT,106,0,OW,2026,3
CGKSYD,INT,110,0,OW,2025,1
CGKSYD,INT,111,0,OW,2025,3
CGKSYD,INT,115,0,OW,2026,1
CGKSYD,INT,118,0,OW,2026,1
CGKSYD,INT,121,0,OW,2026,1
CGKSYD,INT,122,0,OW,2025,1
CGKSYD,INT,124,0,OW,2025,1
CGKSYD,INT,130,0,OW,2026,2
CGKSYD,INT,132,0,OW,2026,1
CGKSYD,INT,145,0,OW,2025,1
CGKSYD,INT,147,0,OW,2026,1
CGKSYD,INT,152,0,OW,2026,2
CGKSYD,INT,170,0,OW,2026,2
CGKSYD,INT,178,0,OW,2025,1
CGKSYD,INT,184,0,OW,2025,6
CGKSYD,INT,185,0,OW,2026,1
CGKSYD,INT,186,0,OW,2026,1
CGKSYD,INT,188,0,OW,2025,1
CGKSYD,INT,189,0,OW,2026,2
CGKSYD,INT,197,0,OW,2025,2
CGKSYD,INT,204,0,OW,2025,4
CGKSYD,INT,205,0,OW,2026,3
CGKSYD,INT,206,0,OW,2026,1
CGKSYD,INT,218,0,OW,2026,1
CGKSYDCGK,INT,0,2,RT,2025,2
CGKSYDCGK,INT,0,2,RT,2026,3
CGKSYDCGK,INT,0,3,RT,2025,4
CGKSYDCGK,INT,0,5,RT,2025,2
CGKSYDCGK,INT,0,6,RT,2025,1
CGKSYDCGK,INT,0,7,RT,2026,2
CGKSYDCGK,INT,0,10,RT,2025,2
CGKSYDCGK,INT,0,10,RT,2026,5
CGKSYDCGK,INT,0,12,RT,2025,1
CGKSYDCGK,INT,0,18,RT,2025,3
CGKSYDCGK,INT,0,25,RT,2025,2
CGKSYDCGK,INT,1,2,RT,2025,8
CGKSYDCGK,INT,1,3,RT,2026,3
CGKSYDCGK,INT,1,4,RT,2026,6
CGKSYDCGK,INT,1,6,RT,2025,1
CGKSYDCGK,INT,1,12,RT,2025,6
CGKSYDCGK,INT,1,25,RT,2025,3
CGKSYDCGK,INT,1,25,RT,2026,1
CGKSYDCGK,INT,2,2,RT,2025,2
CGKSYDCGK,INT,2,2,RT,2026,1
CGKSYDCGK,INT,2,25,RT,2026,1
CGKSYDCGK,INT,2,40,RT,2025,2
CGKSYDCGK,INT,3,1,RT,2025,1
CGKSYDCGK,INT,3,3,RT,2025,3
CGKSYDCGK,INT,3,3,RT,2026,4
CGKSYDCGK,INT,3,10,RT,2026,1
CGKSYDCGK,INT,3,12,RT,2026,2
CGKSYDCGK,INT,4,1,RT,2025,3
CGKSYDCGK,INT,4,3,RT,2026,5
CGKSYDCGK,INT,4,4,RT,2025,3
CGKSYDCGK,INT,4,14,RT,2025,4
CGKSYDCGK,INT,4,14,RT,2026,5
CGKSYDCGK,INT,4,18,RT,2025,6
CGKSYDCGK,INT,5,1,RT,2025,5
CGKSYDCGK,INT,5,2,RT,2025,1
CGKSYDCGK,INT,5,3,RT,2025,2
CGKSYDCGK,INT,5,3,RT,2026,3
CGKSYDCGK,INT,5,4,RT,2026,2
CGKSYDCGK,INT,5,5,RT,2026,1
CGKSYDCGK,INT,5,7,RT,2025,5
CGKSYDCGK,INT,5,7,RT,2026,3
CGKSYDCGK,INT,5,8,RT,2025,1
CGKSYDCGK,INT,5,10,RT,2025,2
CGKSYDCGK,INT,5,18,RT,2025,6
CGKSYDCGK,INT,6,1,RT,2025,4
CGKSYDCGK,INT,6,1,RT,2026,1
CGKSYDCGK,INT,6,2,RT,2025,2
CGKSYDCGK,INT,6,3,RT,2025,1
CGKSYDCGK,INT,6,3,RT,2026,2
CGKSYDCGK,INT,6,4,RT,2025,8
CGKSYDCGK,INT,6,6,RT,2025,1
CGKSYDCGK,INT,6,6,RT,2026,3
CGKSYDCGK,INT,6,7,RT,2025,3
CGKSYDCGK,INT,6,8,RT,2026,4
CGKSYDCGK,INT,6,10,RT,2026,1
CGKSYDCGK,INT,6,12,RT,2026,1
CGKSYDCGK,INT,6,25,RT,2025,7
CGKSYDCGK,INT,6,40,RT,2025,2
CGKSYDCGK,INT,7,1,RT,2025,5
CGKSYDCGK,INT,7,1,RT,2026,1
CGKSYDCGK,INT,7,4,RT,2026,1
CGKSYDCGK,INT,7,5,RT,2025,3
CGKSYDCGK,INT,7,8,RT,2026,3
CGKSYDCGK,INT,7,10,RT,2025,1
CGKSYDCGK,INT,7,14,RT,2025,4
CGKSYDCGK,INT,8,10,RT,2025,2
CGKSYDCGK,INT,8,14,RT,2025,3
CGKSYDCGK,INT,8,14,RT,2026,4
CGKSYDCGK,INT,8,40,RT,2026,5
CGKSYDCGK,INT,9,2,RT,2026,2
CGKSYDCGK,INT,9,6,RT,2026,2
CGKSYDCGK,INT,10,1,RT,2025,4
CGKSYDCGK,INT,10,1,RT,2026,2
CGKSYDCGK,INT,10,3,RT,2025,2
CGKSYDCGK,INT,10,4,RT,2025,4
CGKSYDCGK,INT,10,12,RT,2025,3
CGKSYDCGK,INT,11,2,RT,2025,2
CGKSYDCGK,INT,11,4,RT,2025,1
CGKSYDCGK,INT,11,6,RT,2026,3
CGKSYDCGK,INT,11,7,RT,2025,1
CGKSYDCGK,INT,11,10,RT,2025,1
CGKSYDCGK,INT,11,10,RT,2026,1
CGKSYDCGK,INT,11,25,RT,2025,2
CGKSYDCGK,INT,11,25,RT,2026,1
CGKSYDCGK,INT,12,3,RT,2025,2
CGKSYDCGK,INT,12,3,RT,2026,2
CGKSYDCGK,INT,12,4,RT,2026,1
CGKSYDCGK,INT,12,8,RT,2026,2
CGKSYDCGK,INT,12,40,RT,2025,6
CGKSYDCGK,INT,13,1,RT,2025,1
CGKSYDCGK,INT,13,1,RT,2026,2
CGKSYDCGK,INT,13,3,RT,2025,6
CGKSYDCGK,INT,13,7,RT,2025,1
CGKSYDCGK,INT,13,8,RT,2025,1
CGKSYDCGK,INT,13,10,RT,2025,3
CGKSYDCGK,INT,13,14,RT,2025,4
CGKSYDCGK,INT,14,1,RT,2025,3
CGKSYDCGK,INT,14,1,RT,2026,1
CGKSYDCGK,INT,14,2,RT,2025,4
CGKSYDCGK,INT,14,3,RT,2025,2
CGKSYDCGK,INT,15,1,RT,2026,6
CGKSYDCGK,INT,15,3,RT,2025,5
CGKSYDCGK,INT,15,12,RT,2025,1
CGKSYDCGK,INT,16,1,RT,2025,1
CGKSYDCGK,INT,16,2,RT,2025,4
CGKSYDCGK,INT,16,10,RT,2026,1
CGKSYDCGK,INT,16,12,RT,2025,1
CGKSYDCGK,INT,16,25,RT,2026,2
CGKSYDCGK,INT,17,1,RT,2025,1
CGKSYDCGK,INT,17,1,RT,2026,6
CGKSYDCGK,INT,17,2,RT,2025,1
CGKSYDCGK,INT,17,3,RT,2025,1
CGKSYDCGK,INT,17,10,RT,2026,2
CGKSYDCGK,INT,17,25,RT,2026,2
CGKSYDCGK,INT,17,40,RT,2026,4
CGKSYDCGK,INT,18,2,RT,2026,3
CGKSYDCGK,INT,18,3,RT,2025,4
CGKSYDCGK,INT,18,5,RT,2026,5
CGKSYDCGK,INT,18,6,RT,2026,2
CGKSYDCGK,INT,18,12,RT,2025,1
CGKSYDCGK,INT,19,7,RT,2026,4
CGKSYDCGK,INT,19,8,RT,2025,2
CGKSYDCGK,INT,19,8,RT,2026,2
CGKSYDCGK,INT,19,10,RT,2025,2
CGKSYDCGK,INT,19,12,RT,2025,6
CGKSYDCGK,INT,20,1,RT,2025,4
CGKSYDCGK,INT,20,2,RT,2026,6
CGKSYDCGK,INT,20,4,RT,2025,1
CGKSYDCGK,INT,20,6,RT,2025,2
CGKSYDCGK,INT,20,6,RT,2026,1
CGKSYDCGK,INT,20,12,RT,2025,1
CGKSYDCGK,INT,21,1,RT,2025,3
CGKSYDCGK,INT,21,1,RT,2026,1
CGKSYDCGK,INT,21,8,RT,2026,3
CGKSYDCGK,INT,21,12,RT,2025,1
CGKSYDCGK,INT,21,14,RT,2025,4
CGKSYDCGK,INT,21,18,RT,2025,2
CGKSYDCGK,INT,22,1,RT,2026,2
CGKSYDCGK,INT,22,2,RT,2025,3
CGKSYDCGK,INT,22,3,RT,2025,1
CGKSYDCGK,INT,22,5,RT,2025,2
CGKSYDCGK,INT,22,6,RT,2025,5
CGKSYDCGK,INT,22,7,RT,2025,5
CGKSYDCGK,INT,22,7,RT,2026,2
CGKSYDCGK,INT,22,8,RT,2026,1
CGKSYDCGK,INT,22,10,RT,2026,1
CGKSYDCGK,INT,22,40,RT,2026,2
CGKSYDCGK,INT,23,1,RT,2025,1
CGKSYDCGK,INT,23,1,RT,2026,6
CGKSYDCGK,INT,23,2,RT,2026,3
CGKSYDCGK,INT,23,5,RT,2026,2
CGKSYDCGK,INT,23,7,RT,2025,4
CGKSYDCGK,INT,23,12,RT,2025,6
CGKSYDCGK,INT,23,12,RT,2026,5
CGKSYDCGK,INT,23,25,RT,2026,1
CGKSYDCGK,INT,24,1,RT,2026,1
CGKSYDCGK,INT,24,5,RT,2026,5
CGKSYDCGK,INT,24,7,RT,2025,2
CGKSYDCGK,INT,24,12,RT,2025,5
CGKSYDCGK,INT,24,14,RT,2026,11
CGKSYDCGK,INT,25,3,RT,2025,3
CGKSYDCGK,INT,25,5,RT,2026,1
CGKSYDCGK,INT,26,2,RT,2026,1
CGKSYDCGK,INT,26,5,RT,2025,3
CGKSYDCGK,INT,26,5,RT,2026,2
CGKSYDCGK,INT,26,6,RT,2026,2
CGKSYDCGK,INT,26,8,RT,2025,2
CGKSYDCGK,INT,26,18,RT,2025,1
CGKSYDCGK,INT,26,40,RT,2025,1
CGKSYDCGK,INT,27,2,RT,2025,1
CGKSYDCGK,INT,27,4,RT,2025,2
CGKSYDCGK,INT,27,4,RT,2026,6
CGKSYDCGK,INT,27,7,RT,2026,1
CGKSYDCGK,INT,27,10,RT,2026,6
CGKSYDCGK,INT,27,18,RT,2025,3
CGKSYDCGK,INT,27,25,RT,2026,1
CGKSYDCGK,INT,28,2,RT,2026,1
CGKSYDCGK,INT,28,3,RT,2025,2
CGKSYDCGK,INT,28,18,RT,2025,1
CGKSYDCGK,INT,28,25,RT,2026,1
CGKSYDCGK,INT,28,40,RT,2025,2
CGKSYDCGK,INT,29,2,RT,2026,1
CGKSYDCGK,INT,29,5,RT,2026,3
CGKSYDCGK,INT,29,8,RT,2026,3
CGKSYDCGK,INT,29,14,RT,2025,2
CGKSYDCGK,INT,29,25,RT,2025,1
CGKSYDCGK,INT,29,25,RT,2026,2
CGKSYDCGK,INT,30,3,RT,2026,8
CGKSYDCGK,INT,30,5,RT,2025,2
CGKSYDCGK,INT,30,7,RT,2026,1
CGKSYDCGK,INT,30,10,RT,2025,2
CGKSYDCGK,INT,31,1,RT,2025,3
CGKSYDCGK,INT,31,2,RT,2026,6
CGKSYDCGK,INT,31,10,RT,2026,1
CGKSYDCGK,INT,31,18,RT,2025,6
CGKSYDCGK,INT,32,8,RT,2025,1
CGKSYDCGK,INT,33,2,RT,2026,2
CGKSYDCGK,INT,33,12,RT,2025,1
CGKSYDCGK,INT,33,25,RT,2025,3
CGKSYDCGK,INT,36,7,RT,2025,2
CGKSYDCGK,INT,37,8,RT,2025,4
CGKSYDCGK,INT,38,3,RT,2025,4
CGKSYDCGK,INT,38,14,RT,2026,1
CGKSYDCGK,INT,39,3,RT,2026,1
CGKSYDCGK,INT,39,6,RT,2026,1
CGKSYDCGK,INT,39,8,RT,2025,2
CGKSYDCGK,INT,42,2,RT,2026,2
CGKSYDCGK,INT,42,12,RT,2026,6
CGKSYDCGK,INT,43,1,RT,2026,4
CGKSYDCGK,INT,43,3,RT,2025,4
CGKSYDCGK,INT,45,1,RT,2025,2
CGKSYDCGK,INT,45,7,RT,2026,2
CGKSYDCGK,INT,46,12,RT,2025,4
CGKSYDCGK,INT,47,3,RT,2025,7
CGKSYDCGK,INT,48,3,RT,2026,3
CGKSYDCGK,INT,49,18,RT,2025,3
CGKSYDCGK,INT,49,25,RT,2025,2
CGKSYDCGK,INT,50,3,RT,2025,5
CGKSYDCGK,INT,51,7,RT,2025,2
CGKSYDCGK,INT,51,18,RT,2026,1
CGKSYDCGK,INT,52,7,RT,2025,1
CGKSYDCGK,INT,53,12,RT,2025,4
CGKSYDCGK,INT,54,2,RT,2025,2
CGKSYDCGK,INT,55,25,RT,2025,2
CGKSYDCGK,INT,56,1,RT,2025,1
CGKSYDCGK,INT,56,2,RT,2025,5
CGKSYDCGK,INT,56,7,RT,2026,1
CGKSYDCGK,INT,56,14,RT,2026,1
CGKSYDCGK,INT,57,6,RT,2025,1
CGKSYDCGK,INT,58,4,RT,2025,1
CGKSYDCGK,INT,58,25,RT,2026,3
CGKSYDCGK,INT,60,5,RT,2025,1
CGKSYDCGK,INT,62,1,RT,2026,1
CGKSYDCGK,INT,63,8,RT,2026,4
CGKSYDCGK,INT,63,12,RT,2025,1
CGKSYDCGK,INT,64,8,RT,2025,3
CGKSYDCGK,INT,65,7,RT,2025,4
CGKSYDCGK,INT,66,3,RT,2025,4
CGKSYDCGK,INT,66,14,RT,2026,5
CGKSYDCGK,INT,67,4,RT,2025,5
CGKSYDCGK,INT,69,3,RT,2025,3
CGKSYDCGK,INT,70,4,RT,2025,1
CGKSYDCGK,INT,71,40,RT,2025,5
CGKSYDCGK,INT,73,1,RT,2026,4
CGKSYDCGK,INT,73,2,RT,2025,2
CGKSYDCGK,INT,73,4,RT,2026,1
CGKSYDCGK,INT,73,5,RT,2025,2
CGKSYDCGK,INT,73,40,RT,2026,2
CGKSYDCGK,INT,75,3,RT,2026,1
CGKSYDCGK,INT,76,3,RT,2026,1
CGKSYDCGK,INT,76,18,RT,2025,6
CGKSYDCGK,INT,76,18,RT,2026,4
CGKSYDCGK,INT,77,2,RT,2026,3
CGKSYDCGK,INT,77,10,RT,2025,3
CGKSYDCGK,INT,78,12,RT,2026,1
CGKSYDCGK,INT,80,7,RT,2026,1
CGKSYDCGK,INT,81,1,RT,2026,1
CGKSYDCGK,INT,81,25,RT,2025,1
CGKSYDCGK,INT,82,18,RT,2026,2
CGKSYDCGK,INT,83,25,RT,2025,2
CGKSYDCGK,INT,85,8,RT,2026,1
CGKSYDCGK,INT,86,10,RT,2026,1
CGKSYDCGK,INT,86,12,RT,2025,1
CGKSYDCGK,INT,86,40,RT,2026,3
CGKSYDCGK,INT,87,18,RT,2025,2
CGKSYDCGK,INT,87,40,RT,2026,1
CGKSYDCGK,INT,88,3,RT,2025,1
CGKSYDCGK,INT,88,14,RT,2025,1
CGKSYDCGK,INT,89,2,RT,2026,5
CGKSYDCGK,INT,89,6,RT,2025,1
CGKSYDCGK,INT,89,40,RT,2025,4
CGKSYDCGK,INT,90,18,RT,2026,6
CGKSYDCGK,INT,95,14,RT,2026,1
CGKSYDCGK,INT,99,18,RT,2025,3
CGKSYDCGK,INT,100,2,RT,2026,1
CGKSYDCGK,INT,101,2,RT,2026,3
CGKSYDCGK,INT,107,18,RT,2025,2
CGKSYDCGK,INT,111,3,RT,2025,1
CGKSYDCGK,INT,115,12,RT,2025,6
CGKSYDCGK,INT,125,3,RT,2025,1
CGKSYDCGK,INT,128,8,RT,2025,2
CGKSYDCGK,INT,137,8,RT,2025,1
CGKSYDCGK,INT,146,2,RT,2026,3
CGKSYDCGK,INT,146,8,RT,2025,2
CGKSYDCGK,INT,148,12,RT,2025,2
CGKSYDCGK,INT,152,1,RT,2025,1
CGKSYDCGK,INT,152,4,RT,2025,2
CGKSYDCGK,INT,157,5,RT,2026,2
CGKSYDCGK,INT,159,5,RT,2025,4
CGKSYDCGK,INT,161,6,RT,2026,1
CGKSYDCGK,INT,168,14,RT,2026,1
CGKSYDCGK,INT,170,14,RT,2025,1
CGKSYDCGK,INT,179,8,RT,2026,3
CGKSYDCGK,INT,179,14,RT,2026,4
CGKSYDCGK,INT,181,2,RT,2026,5
CGKSYDCGK,INT,182,1,RT,2025,6
CGKSYDCGK,INT,185,12,RT,2025,5
CGKSYDCGK,INT,186,3,RT,2025,2
CGKSYDCGK,INT,188,4,RT,2025,1
CGKSYDCGK,INT,189,3,RT,2025,1
CGKSYDCGK,INT,192,40,RT,2025,1
CGKSYDCGK,INT,193,7,RT,2025,1
CGKSYDCGK,INT,196,5,RT,2025,4
CGKSYDCGK,INT,198,8,RT,2025,1
CGKSYDCGK,INT,199,2,RT,2026,3
CGKSYDCGK,INT,199,7,RT,2026,2
CGKSYDCGK,INT,207,3,RT,2026,1
CGKSYDCGK,INT,210,2,RT,2026,2
CGKSYDCGK,INT,213,3,RT,2025,2
CGKTNJ,DOM,0,0,OW,2025,8
CGKTNJ,DOM,1,0,OW,2025,1
CGKTNJ,DOM,2,0,OW,2025,2
CGKTNJ,DOM,2,0,OW,2026,6
CGKTNJ,DOM,3,0,OW,2025,6
CGKTNJ,DOM,3,0,OW,2026,2
CGKTNJ,DOM,4,0,OW,2025,13
CGKTNJ,DOM,5,0,OW,2025,14
CGKTNJ,DOM,5,0,OW,2026,1
CGKTNJ,DOM,6,0,OW,2025,7
CGKTNJ,DOM,7,0,OW,2025,10
CGKTNJ,DOM,8,0,OW,2025,1
CGKTNJ,DOM,10,0,OW,2025,7
CGKTNJ,DOM,12,0,OW,2025,10
CGKTNJ,DOM,13,0,OW,2025,5
CGKTNJ,DOM,14,0,OW,2025,2
CGKTNJ,DOM,14,0,OW,2026,1
CGKTNJ,DOM,15,0,OW,2025,4
CGKTNJ,DOM,15,0,OW,2026,1
CGKTNJ,DOM,17,0,OW,2026,2
CGKTNJ,DOM,18,0,OW,2025,2
CGKTNJ,DOM,18,0,OW,2026,2
CGKTNJ,DOM,19,0,OW,2025,2
CGKTNJ,DOM,20,0,OW,2025,1
CGKTNJ,DOM,20,0,OW,2026,1
CGKTNJ,DOM,21,0,OW,2025,7
CGKTNJ,DOM,22,0,OW,2025,5
CGKTNJ,DOM,23,0,OW,2026,1
CGKTNJ,DOM,24,0,OW,2025,4
CGKTNJ,DOM,26,0,OW,2025,3
CGKTNJ,DOM,27,0,OW,2025,4
CGKTNJ,DOM,27,0,OW,2026,3
CGKTNJ,DOM,28,0,OW,2026,2
CGKTNJ,DOM,29,0,OW,2025,12
CGKTNJ,DOM,30,0,OW,2026,4
CGKTNJ,DOM,31,0,OW,2026,2
CGKTNJ,DOM,32,0,OW,2025,2
CGKTNJ,DOM,35,0,OW,2025,2
CGKTNJ,DOM,42,0,OW,2025,2
CGKTNJ,DOM,47,0,OW,2025,1
CGKTNJ,DOM,49,0,OW,2026,1
CGKTNJ,DOM,51,0,OW,2025,6
CGKTNJ,DOM,53,0,OW,2025,1
CGKTNJ,DOM,56,0,OW,2025,2
CGKTNJ,DOM,57,0,OW,2026,8
CGKTNJ,DOM,58,0,OW,2026,6
CGKTNJ,DOM,59,0,OW,2025,2
CGKTNJ,DOM,60,0,OW,2025,1
CGKTNJ,DOM,62,0,OW,2025,1
CGKTNJ,DOM,63,0,OW,2025,2
CGKTNJ,DOM,64,0,OW,2025,4
CGKTNJ,DOM,67,0,OW,2025,7
CGKTNJ,DOM,70,0,OW,2025,6
CGKTNJ,DOM,73,0,OW,2026,6
CGKTNJ,DOM,74,0,OW,2026,3
CGKTNJ,DOM,79,0,OW,2026,1
CGKTNJ,DOM,83,0,OW,2025,1
CGKTNJ,DOM,83,0,OW,2026,1
CGKTNJ,DOM,84,0,OW,2026,3
CGKTNJ,DOM,86,0,OW,2025,1
CGKTNJ,DOM,86,0,OW,2026,1
CGKTNJ,DOM,88,0,OW,2025,5
CGKTNJ,DOM,89,0,OW,2025,1
CGKTNJ,DOM,93,0,OW,2025,3
CGKTNJ,DOM,93,0,OW,2026,1
CGKTNJ,DOM,109,0,OW,2026,1
CGKTNJ,DOM,133,0,OW,2025,1
CGKTNJ,DOM,150,0,OW,2026,1
CGKTNJ,DOM,153,0,OW,2025,6
CGKTNJ,DOM,168,0,OW,2025,4
CGKTNJ,DOM,178,0,OW,2025,1
CGKTNJ,DOM,186,0,OW,2026,1
CGKTNJ,DOM,192,0,OW,2025,1
CGKTNJ,DOM,202,0,OW,2025,3
CGKTNJCGK,DOM,0,1,RT,2025,3
CGKTNJCGK,DOM,0,6,RT,2025,2
CGKTNJCGK,DOM,1,5,RT,2025,5
CGKTNJCGK,DOM,2,1,RT,2026,1
CGKTNJCGK,DOM,2,3,RT,2025,2
CGKTNJCGK,DOM,2,12,RT,2025,1
CGKTNJCGK,DOM,3,1,RT,2025,1
CGKTNJCGK,DOM,3,1,RT,2026,4
CGKTNJCGK,DOM,3,4,RT,2025,3
CGKTNJCGK,DOM,3,6,RT,2025,1
CGKTNJCGK,DOM,4,14,RT,2025,3
CGKTNJCGK,DOM,4,18,RT,2025,4
CGKTNJCGK,DOM,5,25,RT,2025,8
CGKTNJCGK,DOM,6,1,RT,2025,2
CGKTNJCGK,DOM,6,4,RT,2025,3
CGKTNJCGK,DOM,6,8,RT,2025,1
CGKTNJCGK,DOM,6,18,RT,2025,1
CGKTNJCGK,DOM,9,40,RT,2025,10
CGKTNJCGK,DOM,10,4,RT,2025,3
CGKTNJCGK,DOM,10,7,RT,2025,1
CGKTNJCGK,DOM,10,10,RT,2026,2
CGKTNJCGK,DOM,10,25,RT,2025,1
CGKTNJCGK,DOM,10,40,RT,2025,1
CGKTNJCGK,DOM,11,7,RT,2025,2
CGKTNJCGK,DOM,12,12,RT,2025,1
CGKTNJCGK,DOM,13,8,RT,2025,3
CGKTNJCGK,DOM,13,12,RT,2025,1
CGKTNJCGK,DOM,13,25,RT,2025,3
CGKTNJCGK,DOM,14,8,RT,2025,2
CGKTNJCGK,DOM,14,18,RT,2025,1
CGKTNJCGK,DOM,15,2,RT,2025,1
CGKTNJCGK,DOM,15,12,RT,2025,5
CGKTNJCGK,DOM,16,2,RT,2026,2
CGKTNJCGK,DOM,16,6,RT,2025,2
CGKTNJCGK,DOM,16,40,RT,2025,2
CGKTNJCGK,DOM,17,4,RT,2025,1
CGKTNJCGK,DOM,17,8,RT,2025,2
CGKTNJCGK,DOM,18,1,RT,2025,6
CGKTNJCGK,DOM,18,5,RT,2025,5
CGKTNJCGK,DOM,18,6,RT,2025,4
CGKTNJCGK,DOM,19,1,RT,2025,6
CGKTNJCGK,DOM,20,3,RT,2026,1
CGKTNJCGK,DOM,21,2,RT,2025,3
CGKTNJCGK,DOM,21,6,RT,2026,3
CGKTNJCGK,DOM,21,10,RT,2025,1
CGKTNJCGK,DOM,21,25,RT,2026,2
CGKTNJCGK,DOM,23,3,RT,2025,3
CGKTNJCGK,DOM,23,4,RT,2025,1
CGKTNJCGK,DOM,23,14,RT,2025,4
CGKTNJCGK,DOM,24,2,RT,2025,2
CGKTNJCGK,DOM,24,5,RT,2025,1
CGKTNJCGK,DOM,24,7,RT,2026,2
CGKTNJCGK,DOM,24,40,RT,2025,1
CGKTNJCGK,DOM,25,2,RT,2025,2
CGKTNJCGK,DOM,26,3,RT,2025,1
CGKTNJCGK,DOM,26,5,RT,2026,2
CGKTNJCGK,DOM,26,12,RT,2025,1
CGKTNJCGK,DOM,26,40,RT,2026,5
CGKTNJCGK,DOM,27,8,RT,2026,4
CGKTNJCGK,DOM,27,18,RT,2025,1
CGKTNJCGK,DOM,28,2,RT,2025,1
CGKTNJCGK,DOM,28,3,RT,2025,3
CGKTNJCGK,DOM,28,10,RT,2026,2
CGKTNJCGK,DOM,28,18,RT,2025,6
CGKTNJCGK,DOM,29,4,RT,2025,1
CGKTNJCGK,DOM,29,10,RT,2025,3
CGKTNJCGK,DOM,39,7,RT,2025,5
CGKTNJCGK,DOM,43,1,RT,2025,2
CGKTNJCGK,DOM,45,18,RT,2025,2
CGKTNJCGK,DOM,52,2,RT,2025,5
CGKTNJCGK,DOM,60,25,RT,2025,2
CGKTNJCGK,DOM,63,14,RT,2025,1
CGKTNJCGK,DOM,65,5,RT,2025,1
CGKTNJCGK,DOM,67,40,RT,2025,2
CGKTNJCGK,DOM,67,40,RT,2026,2
CGKTNJCGK,DOM,70,4,RT,2025,6
CGKTNJCGK,DOM,71,6,RT,2025,5
CGKTNJCGK,DOM,77,1,RT,2025,2
CGKTNJCGK,DOM,80,14,RT,2025,1
CGKTNJCGK,DOM,82,12,RT,2025,2
CGKTNJCGK,DOM,86,5,RT,2025,6
CGKTNJCGK,DOM,86,8,RT,2025,1
CGKTNJCGK,DOM,87,2,RT,2025,1
CGKTNJCGK,DOM,88,1,RT,2025,3
CGKTNJCGK,DOM,92,18,RT,2025,5
CGKTNJCGK,DOM,93,7,RT,2025,3
CGKTNJCGK,DOM,94,4,RT,2026,1
CGKTNJCGK,DOM,120,3,RT,2025,4
CGKTNJCGK,DOM,125,7,RT,2026,2
CGKTNJCGK,DOM,145,25,RT,2025,1
CGKTNJCGK,DOM,183,4,RT,2025,1
CGKTNJCGK,DOM,202,1,RT,2025,5
CGKTNJCGK,DOM,203,12,RT,2025,3
CGKUPG,DOM,0,0,OW,2025,50
CGKUPG,DOM,0,0,OW,2026,33
CGKUPG,DOM,1,0,OW,2025,60
CGKUPG,DOM,1,0,OW,2026,59
CGKUPG,DOM,2,0,OW,2025,53
CGKUPG,DOM,2,0,OW,2026,53
CGKUPG,DOM,3,0,OW,2025,48
CGKUPG,DOM,3,0,OW,2026,52
CGKUPG,DOM,4,0,OW,2025,43
CGKUPG,DOM,4,0,OW,2026,41
CGKUPG,DOM,5,0,OW,2025,45
CGKUPG,DOM,5,0,OW,2026,39
CGKUPG,DOM,6,0,OW,2025,68
CGKUPG,DOM,6,0,OW,2026,29
CGKUPG,DOM,7,0,OW,2025,52
CGKUPG,DOM,7,0,OW,2026,33
CGKUPG,DOM,8,0,OW,2025,57
CGKUPG,DOM,8,0,OW,2026,29
CGKUPG,DOM,9,0,OW,2025,25
CGKUPG,DOM,9,0,OW,2026,20
CGKUPG,DOM,10,0,OW,2025,12
CGKUPG,DOM,10,0,OW,2026,16
CGKUPG,DOM,11,0,OW,2025,25
CGKUPG,DOM,11,0,OW,2026,33
CGKUPG,DOM,12,0,OW,2025,13
CGKUPG,DOM,12,0,OW,2026,44
CGKUPG,DOM,13,0,OW,2025,42
CGKUPG,DOM,13,0,OW,2026,20
CGKUPG,DOM,14,0,OW,2025,16
CGKUPG,DOM,14,0,OW,2026,21
CGKUPG,DOM,15,0,OW,2025,34
CGKUPG,DOM,15,0,OW,2026,15
CGKUPG,DOM,16,0,OW,2025,27
CGKUPG,DOM,16,0,OW,2026,22
CGKUPG,DOM,17,0,OW,2025,12
CGKUPG,DOM,17,0,OW,2026,24
CGKUPG,DOM,18,0,OW,2025,20
CGKUPG,DOM,18,0,OW,2026,20
CGKUPG,DOM,19,0,OW,2025,20
CGKUPG,DOM,19,0,OW,2026,34
CGKUPG,DOM,20,0,OW,2025,15
CGKUPG,DOM,20,0,OW,2026,17
CGKUPG,DOM,21,0,OW,2025,21
CGKUPG,DOM,21,0,OW,2026,18
CGKUPG,DOM,22,0,OW,2025,24
CGKUPG,DOM,22,0,OW,2026,20
CGKUPG,DOM,23,0,OW,2025,33
CGKUPG,DOM,23,0,OW,2026,28
CGKUPG,DOM,24,0,OW,2025,42
CGKUPG,DOM,24,0,OW,2026,36
CGKUPG,DOM,25,0,OW,2025,22
CGKUPG,DOM,25,0,OW,2026,14
CGKUPG,DOM,26,0,OW,2025,23
CGKUPG,DOM,26,0,OW,2026,16
CGKUPG,DOM,27,0,OW,2025,28
CGKUPG,DOM,27,0,OW,2026,24
CGKUPG,DOM,28,0,OW,2025,25
CGKUPG,DOM,28,0,OW,2026,17
CGKUPG,DOM,29,0,OW,2025,31
CGKUPG,DOM,29,0,OW,2026,21
CGKUPG,DOM,30,0,OW,2025,28
CGKUPG,DOM,30,0,OW,2026,26
CGKUPG,DOM,31,0,OW,2025,6
CGKUPG,DOM,31,0,OW,2026,9
CGKUPG,DOM,32,0,OW,2025,7
CGKUPG,DOM,32,0,OW,2026,2
CGKUPG,DOM,33,0,OW,2025,8
CGKUPG,DOM,33,0,OW,2026,9
CGKUPG,DOM,34,0,OW,2025,10
CGKUPG,DOM,35,0,OW,2025,5
CGKUPG,DOM,35,0,OW,2026,6
CGKUPG,DOM,36,0,OW,2025,1
CGKUPG,DOM,36,0,OW,2026,8
CGKUPG,DOM,37,0,OW,2025,14
CGKUPG,DOM,37,0,OW,2026,5
CGKUPG,DOM,38,0,OW,2025,4
CGKUPG,DOM,39,0,OW,2025,3
CGKUPG,DOM,39,0,OW,2026,7
CGKUPG,DOM,40,0,OW,2025,12
CGKUPG,DOM,40,0,OW,2026,5
CGKUPG,DOM,41,0,OW,2025,5
CGKUPG,DOM,41,0,OW,2026,2
CGKUPG,DOM,42,0,OW,2025,8
CGKUPG,DOM,42,0,OW,2026,3
CGKUPG,DOM,43,0,OW,2025,7
CGKUPG,DOM,44,0,OW,2025,2
CGKUPG,DOM,44,0,OW,2026,2
CGKUPG,DOM,45,0,OW,2025,8
CGKUPG,DOM,45,0,OW,2026,6
CGKUPG,DOM,46,0,OW,2025,8
CGKUPG,DOM,46,0,OW,2026,2
CGKUPG,DOM,47,0,OW,2025,14
CGKUPG,DOM,47,0,OW,2026,1
CGKUPG,DOM,48,0,OW,2025,1
CGKUPG,DOM,48,0,OW,2026,8
CGKUPG,DOM,49,0,OW,2026,4
CGKUPG,DOM,50,0,OW,2025,7
CGKUPG,DOM,50,0,OW,2026,10
CGKUPG,DOM,51,0,OW,2026,2
CGKUPG,DOM,52,0,OW,2025,9
CGKUPG,DOM,52,0,OW,2026,3
CGKUPG,DOM,53,0,OW,2025,7
CGKUPG,DOM,53,0,OW,2026,10
CGKUPG,DOM,54,0,OW,2025,11
CGKUPG,DOM,54,0,OW,2026,8
CGKUPG,DOM,55,0,OW,2026,2
CGKUPG,DOM,56,0,OW,2025,3
CGKUPG,DOM,56,0,OW,2026,2
CGKUPG,DOM,57,0,OW,2025,2
CGKUPG,DOM,57,0,OW,2026,8
CGKUPG,DOM,58,0,OW,2025,9
CGKUPG,DOM,58,0,OW,2026,5
CGKUPG,DOM,59,0,OW,2025,4
CGKUPG,DOM,59,0,OW,2026,2
CGKUPG,DOM,60,0,OW,2025,3
CGKUPG,DOM,60,0,OW,2026,5
CGKUPG,DOM,61,0,OW,2025,1
CGKUPG,DOM,61,0,OW,2026,5
CGKUPG,DOM,62,0,OW,2025,1
CGKUPG,DOM,62,0,OW,2026,2
CGKUPG,DOM,63,0,OW,2025,2
CGKUPG,DOM,63,0,OW,2026,6
CGKUPG,DOM,64,0,OW,2025,1
CGKUPG,DOM,64,0,OW,2026,9
CGKUPG,DOM,65,0,OW,2025,8
CGKUPG,DOM,65,0,OW,2026,4
CGKUPG,DOM,66,0,OW,2026,4
CGKUPG,DOM,67,0,OW,2025,4
CGKUPG,DOM,68,0,OW,2026,3
CGKUPG,DOM,69,0,OW,2025,12
CGKUPG,DOM,69,0,OW,2026,5
CGKUPG,DOM,70,0,OW,2025,7
CGKUPG,DOM,70,0,OW,2026,10
CGKUPG,DOM,71,0,OW,2025,2
CGKUPG,DOM,71,0,OW,2026,1
CGKUPG,DOM,72,0,OW,2025,4
CGKUPG,DOM,72,0,OW,2026,1
CGKUPG,DOM,73,0,OW,2025,10
CGKUPG,DOM,73,0,OW,2026,9
CGKUPG,DOM,74,0,OW,2025,3
CGKUPG,DOM,74,0,OW,2026,7
CGKUPG,DOM,75,0,OW,2025,3
CGKUPG,DOM,75,0,OW,2026,3
CGKUPG,DOM,76,0,OW,2025,5
CGKUPG,DOM,76,0,OW,2026,9
CGKUPG,DOM,77,0,OW,2025,7
CGKUPG,DOM,77,0,OW,2026,10
CGKUPG,DOM,78,0,OW,2025,5
CGKUPG,DOM,79,0,OW,2025,8
CGKUPG,DOM,79,0,OW,2026,8
CGKUPG,DOM,80,0,OW,2025,1
CGKUPG,DOM,80,0,OW,2026,4
CGKUPG,DOM,81,0,OW,2025,4
CGKUPG,DOM,81,0,OW,2026,12
CGKUPG,DOM,82,0,OW,2025,5
CGKUPG,DOM,82,0,OW,2026,7
CGKUPG,DOM,83,0,OW,2025,5
CGKUPG,DOM,83,0,OW,2026,4
CGKUPG,DOM,84,0,OW,2026,3
CGKUPG,DOM,85,0,OW,2026,8
CGKUPG,DOM,86,0,OW,2025,7
CGKUPG,DOM,86,0,OW,2026,3
CGKUPG,DOM,87,0,OW,2025,3
CGKUPG,DOM,87,0,OW,2026,3
CGKUPG,DOM,88,0,OW,2025,1
CGKUPG,DOM,88,0,OW,2026,4
CGKUPG,DOM,89,0,OW,2025,6
CGKUPG,DOM,89,0,OW,2026,2
CGKUPG,DOM,90,0,OW,2025,2
CGKUPG,DOM,90,0,OW,2026,3
CGKUPG,DOM,91,0,OW,2026,2
CGKUPG,DOM,93,0,OW,2026,8
CGKUPG,DOM,94,0,OW,2026,2
CGKUPG,DOM,96,0,OW,2025,2
CGKUPG,DOM,97,0,OW,2025,7
CGKUPG,DOM,97,0,OW,2026,6
CGKUPG,DOM,98,0,OW,2025,5
CGKUPG,DOM,98,0,OW,2026,2
CGKUPG,DOM,99,0,OW,2026,1
CGKUPG,DOM,100,0,OW,2026,1
CGKUPG,DOM,101,0,OW,2026,6
CGKUPG,DOM,103,0,OW,2026,1
CGKUPG,DOM,104,0,OW,2026,6
CGKUPG,DOM,105,0,OW,2026,11
CGKUPG,DOM,109,0,OW,2025,1
CGKUPG,DOM,111,0,OW,2025,2
CGKUPG,DOM,112,0,OW,2026,3
CGKUPG,DOM,114,0,OW,2025,3
CGKUPG,DOM,115,0,OW,2026,1
CGKUPG,DOM,117,0,OW,2025,4
CGKUPG,DOM,118,0,OW,2025,2
CGKUPG,DOM,119,0,OW,2025,2
CGKUPG,DOM,119,0,OW,2026,6
CGKUPG,DOM,120,0,OW,2025,1
CGKUPG,DOM,121,0,OW,2026,2
CGKUPG,DOM,122,0,OW,2025,1
CGKUPG,DOM,123,0,OW,2025,1
CGKUPG,DOM,123,0,OW,2026,2
CGKUPG,DOM,124,0,OW,2026,3
CGKUPG,DOM,125,0,OW,2026,6
CGKUPG,DOM,127,0,OW,2025,1
CGKUPG,DOM,128,0,OW,2025,4
CGKUPG,DOM,128,0,OW,2026,1
CGKUPG,DOM,129,0,OW,2025,4
CGKUPG,DOM,129,0,OW,2026,1
CGKUPG,DOM,130,0,OW,2026,2
CGKUPG,DOM,132,0,OW,2025,1
CGKUPG,DOM,132,0,OW,2026,1
CGKUPG,DOM,133,0,OW,2025,2
CGKUPG,DOM,135,0,OW,2026,1
CGKUPG,DOM,138,0,OW,2025,6
CGKUPG,DOM,138,0,OW,2026,2
CGKUPG,DOM,139,0,OW,2025,5
CGKUPG,DOM,139,0,OW,2026,1
CGKUPG,DOM,143,0,OW,2025,10
CGKUPG,DOM,143,0,OW,2026,1
CGKUPG,DOM,144,0,OW,2025,1
CGKUPG,DOM,145,0,OW,2025,1
CGKUPG,DOM,148,0,OW,2026,1
CGKUPG,DOM,149,0,OW,2026,1
CGKUPG,DOM,151,0,OW,2025,1
CGKUPG,DOM,152,0,OW,2025,1
CGKUPG,DOM,153,0,OW,2025,6
CGKUPG,DOM,154,0,OW,2026,3
CGKUPG,DOM,155,0,OW,2026,6
CGKUPG,DOM,156,0,OW,2026,5
CGKUPG,DOM,157,0,OW,2025,2
CGKUPG,DOM,157,0,OW,2026,1
CGKUPG,DOM,159,0,OW,2026,6
CGKUPG,DOM,162,0,OW,2026,1
CGKUPG,DOM,163,0,OW,2025,5
CGKUPG,DOM,164,0,OW,2025,3
CGKUPG,DOM,165,0,OW,2026,3
CGKUPG,DOM,166,0,OW,2025,6
CGKUPG,DOM,166,0,OW,2026,1
CGKUPG,DOM,170,0,OW,2026,1
CGKUPG,DOM,171,0,OW,2025,2
CGKUPG,DOM,172,0,OW,2025,3
CGKUPG,DOM,172,0,OW,2026,1
CGKUPG,DOM,175,0,OW,2025,4
CGKUPG,DOM,175,0,OW,2026,6
CGKUPG,DOM,179,0,OW,2025,4
CGKUPG,DOM,180,0,OW,2025,4
CGKUPG,DOM,182,0,OW,2025,4
CGKUPG,DOM,185,0,OW,2025,9
CGKUPG,DOM,186,0,OW,2025,1
CGKUPG,DOM,186,0,OW,2026,2
CGKUPG,DOM,187,0,OW,2025,1
CGKUPG,DOM,189,0,OW,2026,5
CGKUPG,DOM,190,0,OW,2025,4
CGKUPG,DOM,190,0,OW,2026,1
CGKUPG,DOM,191,0,OW,2025,1
CGKUPG,DOM,191,0,OW,2026,8
CGKUPG,DOM,192,0,OW,2025,6
CGKUPG,DOM,192,0,OW,2026,2
CGKUPG,DOM,195,0,OW,2026,2
CGKUPG,DOM,196,0,OW,2026,1
CGKUPG,DOM,197,0,OW,2026,1
CGKUPG,DOM,199,0,OW,2025,1
CGKUPG,DOM,199,0,OW,2026,2
CGKUPG,DOM,200,0,OW,2025,6
CGKUPG,DOM,200,0,OW,2026,1
CGKUPG,DOM,202,0,OW,2025,6
CGKUPG,DOM,203,0,OW,2025,1
CGKUPG,DOM,205,0,OW,2025,5
CGKUPG,DOM,206,0,OW,2025,6
CGKUPG,DOM,210,0,OW,2026,3
CGKUPG,DOM,213,0,OW,2025,1
CGKUPG,DOM,213,0,OW,2026,2
CGKUPG,DOM,216,0,OW,2025,2
CGKUPG,DOM,217,0,OW,2025,5
CGKUPG,DOM,218,0,OW,2026,5
CGKUPG,DOM,219,0,OW,2026,2
CGKUPGCGK,DOM,0,1,RT,2025,7
CGKUPGCGK,DOM,0,1,RT,2026,6
CGKUPGCGK,DOM,0,2,RT,2025,4
CGKUPGCGK,DOM,0,2,RT,2026,8
CGKUPGCGK,DOM,0,3,RT,2025,4
CGKUPGCGK,DOM,0,3,RT,2026,4
CGKUPGCGK,DOM,0,4,RT,2026,6
CGKUPGCGK,DOM,0,5,RT,2025,1
CGKUPGCGK,DOM,0,5,RT,2026,2
CGKUPGCGK,DOM,0,6,RT,2025,4
CGKUPGCGK,DOM,0,6,RT,2026,1
CGKUPGCGK,DOM,0,7,RT,2026,6
CGKUPGCGK,DOM,0,8,RT,2025,1
CGKUPGCGK,DOM,0,8,RT,2026,4
CGKUPGCGK,DOM,0,10,RT,2025,1
CGKUPGCGK,DOM,0,10,RT,2026,3
CGKUPGCGK,DOM,0,12,RT,2025,1
CGKUPGCGK,DOM,0,14,RT,2025,10
CGKUPGCGK,DOM,0,14,RT,2026,4
CGKUPGCGK,DOM,0,25,RT,2025,4
CGKUPGCGK,DOM,0,25,RT,2026,1
CGKUPGCGK,DOM,0,40,RT,2025,3
CGKUPGCGK,DOM,0,40,RT,2026,7
CGKUPGCGK,DOM,1,1,RT,2025,7
CGKUPGCGK,DOM,1,1,RT,2026,9
CGKUPGCGK,DOM,1,2,RT,2025,10
CGKUPGCGK,DOM,1,2,RT,2026,6
CGKUPGCGK,DOM,1,3,RT,2025,2
CGKUPGCGK,DOM,1,4,RT,2026,3
CGKUPGCGK,DOM,1,5,RT,2025,7
CGKUPGCGK,DOM,1,6,RT,2025,4
CGKUPGCGK,DOM,1,6,RT,2026,12
CGKUPGCGK,DOM,1,7,RT,2025,22
CGKUPGCGK,DOM,1,8,RT,2025,3
CGKUPGCGK,DOM,1,12,RT,2025,4
CGKUPGCGK,DOM,1,14,RT,2026,9
CGKUPGCGK,DOM,1,18,RT,2025,1
CGKUPGCGK,DOM,1,25,RT,2025,1
CGKUPGCGK,DOM,1,25,RT,2026,2
CGKUPGCGK,DOM,1,40,RT,2026,2
CGKUPGCGK,DOM,2,1,RT,2026,1
CGKUPGCGK,DOM,2,2,RT,2025,3
CGKUPGCGK,DOM,2,2,RT,2026,11
CGKUPGCGK,DOM,2,3,RT,2025,7
CGKUPGCGK,DOM,2,3,RT,2026,5
CGKUPGCGK,DOM,2,5,RT,2026,7
CGKUPGCGK,DOM,2,6,RT,2025,6
CGKUPGCGK,DOM,2,6,RT,2026,7
CGKUPGCGK,DOM,2,7,RT,2026,4
CGKUPGCGK,DOM,2,8,RT,2025,7
CGKUPGCGK,DOM,2,8,RT,2026,2
CGKUPGCGK,DOM,2,10,RT,2025,2
CGKUPGCGK,DOM,2,10,RT,2026,7
CGKUPGCGK,DOM,2,12,RT,2025,9
CGKUPGCGK,DOM,2,12,RT,2026,5
CGKUPGCGK,DOM,2,14,RT,2025,7
CGKUPGCGK,DOM,2,14,RT,2026,4
CGKUPGCGK,DOM,2,18,RT,2025,7
CGKUPGCGK,DOM,2,18,RT,2026,6
CGKUPGCGK,DOM,2,25,RT,2025,2
CGKUPGCGK,DOM,2,25,RT,2026,6
CGKUPGCGK,DOM,2,40,RT,2026,2
CGKUPGCGK,DOM,3,1,RT,2025,20
CGKUPGCGK,DOM,3,1,RT,2026,3
CGKUPGCGK,DOM,3,2,RT,2025,3
CGKUPGCGK,DOM,3,2,RT,2026,11
CGKUPGCGK,DOM,3,3,RT,2025,14
CGKUPGCGK,DOM,3,3,RT,2026,4
CGKUPGCGK,DOM,3,4,RT,2025,9
CGKUPGCGK,DOM,3,4,RT,2026,3
CGKUPGCGK,DOM,3,5,RT,2025,6
CGKUPGCGK,DOM,3,5,RT,2026,1
CGKUPGCGK,DOM,3,6,RT,2026,6
CGKUPGCGK,DOM,3,7,RT,2025,6
CGKUPGCGK,DOM,3,7,RT,2026,3
CGKUPGCGK,DOM,3,8,RT,2025,2
CGKUPGCGK,DOM,3,8,RT,2026,12
CGKUPGCGK,DOM,3,10,RT,2025,5
CGKUPGCGK,DOM,3,10,RT,2026,10
CGKUPGCGK,DOM,3,12,RT,2025,4
CGKUPGCGK,DOM,3,12,RT,2026,3
CGKUPGCGK,DOM,3,14,RT,2025,6
CGKUPGCGK,DOM,3,14,RT,2026,3
CGKUPGCGK,DOM,3,18,RT,2025,1
CGKUPGCGK,DOM,3,25,RT,2025,5
CGKUPGCGK,DOM,3,25,RT,2026,13
CGKUPGCGK,DOM,3,40,RT,2025,7
CGKUPGCGK,DOM,3,40,RT,2026,4
CGKUPGCGK,DOM,4,1,RT,2026,5
CGKUPGCGK,DOM,4,2,RT,2025,5
CGKUPGCGK,DOM,4,2,RT,2026,5
CGKUPGCGK,DOM,4,3,RT,2025,18
CGKUPGCGK,DOM,4,3,RT,2026,8
CGKUPGCGK,DOM,4,4,RT,2025,2
CGKUPGCGK,DOM,4,4,RT,2026,3
CGKUPGCGK,DOM,4,5,RT,2026,6
CGKUPGCGK,DOM,4,6,RT,2026,1
CGKUPGCGK,DOM,4,7,RT,2025,10
CGKUPGCGK,DOM,4,7,RT,2026,5
CGKUPGCGK,DOM,4,10,RT,2025,1
CGKUPGCGK,DOM,4,10,RT,2026,1
CGKUPGCGK,DOM,4,12,RT,2025,7
CGKUPGCGK,DOM,4,12,RT,2026,3
CGKUPGCGK,DOM,4,14,RT,2025,3
CGKUPGCGK,DOM,4,14,RT,2026,1
CGKUPGCGK,DOM,4,18,RT,2025,3
CGKUPGCGK,DOM,4,18,RT,2026,3
CGKUPGCGK,DOM,4,25,RT,2025,12
CGKUPGCGK,DOM,4,25,RT,2026,10
CGKUPGCGK,DOM,4,40,RT,2025,6
CGKUPGCGK,DOM,4,40,RT,2026,3
CGKUPGCGK,DOM,5,1,RT,2025,7
CGKUPGCGK,DOM,5,1,RT,2026,10
CGKUPGCGK,DOM,5,2,RT,2025,1
CGKUPGCGK,DOM,5,3,RT,2025,2
CGKUPGCGK,DOM,5,3,RT,2026,2
CGKUPGCGK,DOM,5,4,RT,2025,4
CGKUPGCGK,DOM,5,4,RT,2026,7
CGKUPGCGK,DOM,5,5,RT,2025,1
CGKUPGCGK,DOM,5,6,RT,2025,1
CGKUPGCGK,DOM,5,6,RT,2026,3
CGKUPGCGK,DOM,5,7,RT,2025,3
CGKUPGCGK,DOM,5,7,RT,2026,7
CGKUPGCGK,DOM,5,8,RT,2025,16
CGKUPGCGK,DOM,5,8,RT,2026,6
CGKUPGCGK,DOM,5,10,RT,2026,2
CGKUPGCGK,DOM,5,12,RT,2025,5
CGKUPGCGK,DOM,5,14,RT,2025,6
CGKUPGCGK,DOM,5,18,RT,2025,4
CGKUPGCGK,DOM,5,18,RT,2026,11
CGKUPGCGK,DOM,5,25,RT,2025,1
CGKUPGCGK,DOM,5,40,RT,2025,1
CGKUPGCGK,DOM,6,1,RT,2025,3
CGKUPGCGK,DOM,6,1,RT,2026,6
CGKUPGCGK,DOM,6,2,RT,2025,6
CGKUPGCGK,DOM,6,2,RT,2026,5
CGKUPGCGK,DOM,6,3,RT,2025,15
CGKUPGCGK,DOM,6,3,RT,2026,4
CGKUPGCGK,DOM,6,4,RT,2025,3
CGKUPGCGK,DOM,6,6,RT,2025,3
CGKUPGCGK,DOM,6,6,RT,2026,5
CGKUPGCGK,DOM,6,7,RT,2025,4
CGKUPGCGK,DOM,6,7,RT,2026,5
CGKUPGCGK,DOM,6,8,RT,2025,2
CGKUPGCGK,DOM,6,12,RT,2025,11
CGKUPGCGK,DOM,6,14,RT,2025,6
CGKUPGCGK,DOM,6,14,RT,2026,4
CGKUPGCGK,DOM,6,18,RT,2025,2
CGKUPGCGK,DOM,6,18,RT,2026,2
CGKUPGCGK,DOM,6,25,RT,2025,2
CGKUPGCGK,DOM,6,25,RT,2026,10
CGKUPGCGK,DOM,6,40,RT,2025,6
CGKUPGCGK,DOM,6,40,RT,2026,3
CGKUPGCGK,DOM,7,1,RT,2025,12
CGKUPGCGK,DOM,7,1,RT,2026,11
CGKUPGCGK,DOM,7,2,RT,2025,8
CGKUPGCGK,DOM,7,2,RT,2026,10
CGKUPGCGK,DOM,7,3,RT,2025,9
CGKUPGCGK,DOM,7,3,RT,2026,2
CGKUPGCGK,DOM,7,4,RT,2025,3
CGKUPGCGK,DOM,7,4,RT,2026,14
CGKUPGCGK,DOM,7,5,RT,2026,2
CGKUPGCGK,DOM,7,6,RT,2025,7
CGKUPGCGK,DOM,7,6,RT,2026,5
CGKUPGCGK,DOM,7,7,RT,2025,2
CGKUPGCGK,DOM,7,7,RT,2026,3
CGKUPGCGK,DOM,7,8,RT,2026,1
CGKUPGCGK,DOM,7,10,RT,2025,5
CGKUPGCGK,DOM,7,10,RT,2026,1
CGKUPGCGK,DOM,7,12,RT,2025,6
CGKUPGCGK,DOM,7,12,RT,2026,6
CGKUPGCGK,DOM,7,14,RT,2025,5
CGKUPGCGK,DOM,7,14,RT,2026,2
CGKUPGCGK,DOM,7,18,RT,2025,3
CGKUPGCGK,DOM,7,25,RT,2025,6
CGKUPGCGK,DOM,7,25,RT,2026,1
CGKUPGCGK,DOM,7,40,RT,2026,1
CGKUPGCGK,DOM,8,1,RT,2025,1
CGKUPGCGK,DOM,8,1,RT,2026,7
CGKUPGCGK,DOM,8,2,RT,2025,5
CGKUPGCGK,DOM,8,2,RT,2026,3
CGKUPGCGK,DOM,8,3,RT,2025,9
CGKUPGCGK,DOM,8,3,RT,2026,10
CGKUPGCGK,DOM,8,4,RT,2025,1
CGKUPGCGK,DOM,8,4,RT,2026,1
CGKUPGCGK,DOM,8,6,RT,2025,3
CGKUPGCGK,DOM,8,6,RT,2026,2
CGKUPGCGK,DOM,8,7,RT,2025,1
CGKUPGCGK,DOM,8,7,RT,2026,5
CGKUPGCGK,DOM,8,8,RT,2025,6
CGKUPGCGK,DOM,8,10,RT,2026,2
CGKUPGCGK,DOM,8,12,RT,2025,6
CGKUPGCGK,DOM,8,12,RT,2026,4
CGKUPGCGK,DOM,8,14,RT,2026,1
CGKUPGCGK,DOM,8,18,RT,2025,2
CGKUPGCGK,DOM,8,40,RT,2025,7
CGKUPGCGK,DOM,8,40,RT,2026,6
CGKUPGCGK,DOM,9,1,RT,2025,4
CGKUPGCGK,DOM,9,1,RT,2026,1
CGKUPGCGK,DOM,9,2,RT,2025,9
CGKUPGCGK,DOM,9,2,RT,2026,1
CGKUPGCGK,DOM,9,3,RT,2025,9
CGKUPGCGK,DOM,9,3,RT,2026,3
CGKUPGCGK,DOM,9,4,RT,2025,2
CGKUPGCGK,DOM,9,5,RT,2025,3
CGKUPGCGK,DOM,9,5,RT,2026,3
CGKUPGCGK,DOM,9,7,RT,2025,5
CGKUPGCGK,DOM,9,7,RT,2026,3
CGKUPGCGK,DOM,9,8,RT,2025,4
CGKUPGCGK,DOM,9,10,RT,2026,2
CGKUPGCGK,DOM,9,12,RT,2025,1
CGKUPGCGK,DOM,9,14,RT,2026,2
CGKUPGCGK,DOM,9,18,RT,2025,5
CGKUPGCGK,DOM,9,25,RT,2026,2
CGKUPGCGK,DOM,9,40,RT,2025,2
CGKUPGCGK,DOM,10,1,RT,2025,2
CGKUPGCGK,DOM,10,1,RT,2026,10
CGKUPGCGK,DOM,10,2,RT,2026,2
CGKUPGCGK,DOM,10,3,RT,2025,1
CGKUPGCGK,DOM,10,3,RT,2026,1
CGKUPGCGK,DOM,10,4,RT,2025,3
CGKUPGCGK,DOM,10,5,RT,2025,1
CGKUPGCGK,DOM,10,5,RT,2026,3
CGKUPGCGK,DOM,10,6,RT,2025,2
CGKUPGCGK,DOM,10,7,RT,2026,4
CGKUPGCGK,DOM,10,8,RT,2026,7
CGKUPGCGK,DOM,10,10,RT,2025,9
CGKUPGCGK,DOM,10,14,RT,2025,4
CGKUPGCGK,DOM,10,14,RT,2026,5
CGKUPGCGK,DOM,10,25,RT,2025,3
CGKUPGCGK,DOM,10,25,RT,2026,9
CGKUPGCGK,DOM,11,1,RT,2025,2
CGKUPGCGK,DOM,11,1,RT,2026,7
CGKUPGCGK,DOM,11,2,RT,2025,5
CGKUPGCGK,DOM,11,2,RT,2026,3
CGKUPGCGK,DOM,11,3,RT,2025,8
CGKUPGCGK,DOM,11,3,RT,2026,4
CGKUPGCGK,DOM,11,4,RT,2026,4
CGKUPGCGK,DOM,11,5,RT,2025,2
CGKUPGCGK,DOM,11,6,RT,2025,1
CGKUPGCGK,DOM,11,8,RT,2025,7
CGKUPGCGK,DOM,11,8,RT,2026,4
CGKUPGCGK,DOM,11,14,RT,2025,3
CGKUPGCGK,DOM,11,18,RT,2025,1
CGKUPGCGK,DOM,11,25,RT,2025,2
CGKUPGCGK,DOM,11,25,RT,2026,2
CGKUPGCGK,DOM,11,40,RT,2025,3
CGKUPGCGK,DOM,11,40,RT,2026,1
CGKUPGCGK,DOM,12,1,RT,2025,3
CGKUPGCGK,DOM,12,2,RT,2025,2
CGKUPGCGK,DOM,12,3,RT,2025,5
CGKUPGCGK,DOM,12,3,RT,2026,4
CGKUPGCGK,DOM,12,4,RT,2025,3
CGKUPGCGK,DOM,12,4,RT,2026,1
CGKUPGCGK,DOM,12,5,RT,2025,8
CGKUPGCGK,DOM,12,12,RT,2025,6
CGKUPGCGK,DOM,12,12,RT,2026,6
CGKUPGCGK,DOM,12,14,RT,2025,3
CGKUPGCGK,DOM,12,14,RT,2026,4
CGKUPGCGK,DOM,12,25,RT,2025,1
CGKUPGCGK,DOM,12,25,RT,2026,2
CGKUPGCGK,DOM,12,40,RT,2025,5
CGKUPGCGK,DOM,13,1,RT,2025,4
CGKUPGCGK,DOM,13,2,RT,2025,4
CGKUPGCGK,DOM,13,2,RT,2026,4
CGKUPGCGK,DOM,13,3,RT,2025,3
CGKUPGCGK,DOM,13,3,RT,2026,8
CGKUPGCGK,DOM,13,4,RT,2025,6
CGKUPGCGK,DOM,13,4,RT,2026,2
CGKUPGCGK,DOM,13,5,RT,2025,1
CGKUPGCGK,DOM,13,5,RT,2026,1
CGKUPGCGK,DOM,13,8,RT,2025,5
CGKUPGCGK,DOM,13,8,RT,2026,2
CGKUPGCGK,DOM,13,12,RT,2026,1
CGKUPGCGK,DOM,13,14,RT,2026,3
CGKUPGCGK,DOM,13,18,RT,2025,5
CGKUPGCGK,DOM,13,25,RT,2025,3
CGKUPGCGK,DOM,13,25,RT,2026,2
CGKUPGCGK,DOM,13,40,RT,2026,1
CGKUPGCGK,DOM,14,1,RT,2025,6
CGKUPGCGK,DOM,14,1,RT,2026,5
CGKUPGCGK,DOM,14,2,RT,2025,1
CGKUPGCGK,DOM,14,2,RT,2026,7
CGKUPGCGK,DOM,14,3,RT,2025,2
CGKUPGCGK,DOM,14,4,RT,2025,1
CGKUPGCGK,DOM,14,5,RT,2025,1
CGKUPGCGK,DOM,14,6,RT,2025,4
CGKUPGCGK,DOM,14,7,RT,2025,3
CGKUPGCGK,DOM,14,7,RT,2026,6
CGKUPGCGK,DOM,14,8,RT,2025,7
CGKUPGCGK,DOM,14,12,RT,2025,4
CGKUPGCGK,DOM,14,14,RT,2025,3
CGKUPGCGK,DOM,14,18,RT,2025,1
CGKUPGCGK,DOM,14,25,RT,2025,2
CGKUPGCGK,DOM,15,1,RT,2025,9
CGKUPGCGK,DOM,15,2,RT,2025,2
CGKUPGCGK,DOM,15,2,RT,2026,3
CGKUPGCGK,DOM,15,3,RT,2025,15
CGKUPGCGK,DOM,15,3,RT,2026,5
CGKUPGCGK,DOM,15,4,RT,2025,1
CGKUPGCGK,DOM,15,4,RT,2026,5
CGKUPGCGK,DOM,15,5,RT,2025,1
CGKUPGCGK,DOM,15,6,RT,2025,1
CGKUPGCGK,DOM,15,6,RT,2026,5
CGKUPGCGK,DOM,15,7,RT,2026,3
CGKUPGCGK,DOM,15,12,RT,2025,3
CGKUPGCGK,DOM,15,14,RT,2025,2
CGKUPGCGK,DOM,15,14,RT,2026,6
CGKUPGCGK,DOM,15,18,RT,2025,2
CGKUPGCGK,DOM,15,25,RT,2026,1
CGKUPGCGK,DOM,15,40,RT,2025,1
CGKUPGCGK,DOM,16,1,RT,2025,16
CGKUPGCGK,DOM,16,2,RT,2025,3
CGKUPGCGK,DOM,16,2,RT,2026,2
CGKUPGCGK,DOM,16,3,RT,2025,9
CGKUPGCGK,DOM,16,3,RT,2026,13
CGKUPGCGK,DOM,16,4,RT,2025,3
CGKUPGCGK,DOM,16,5,RT,2026,1
CGKUPGCGK,DOM,16,7,RT,2025,1
CGKUPGCGK,DOM,16,8,RT,2025,2
CGKUPGCGK,DOM,16,14,RT,2025,6
CGKUPGCGK,DOM,16,18,RT,2025,5
CGKUPGCGK,DOM,16,18,RT,2026,3
CGKUPGCGK,DOM,16,25,RT,2025,1
CGKUPGCGK,DOM,16,25,RT,2026,2
CGKUPGCGK,DOM,16,40,RT,2025,11
CGKUPGCGK,DOM,16,40,RT,2026,2
CGKUPGCGK,DOM,17,1,RT,2025,2
CGKUPGCGK,DOM,17,1,RT,2026,5
CGKUPGCGK,DOM,17,2,RT,2025,6
CGKUPGCGK,DOM,17,3,RT,2025,4
CGKUPGCGK,DOM,17,3,RT,2026,3
CGKUPGCGK,DOM,17,4,RT,2025,1
CGKUPGCGK,DOM,17,4,RT,2026,1
CGKUPGCGK,DOM,17,5,RT,2025,3
CGKUPGCGK,DOM,17,6,RT,2025,2
CGKUPGCGK,DOM,17,6,RT,2026,7
CGKUPGCGK,DOM,17,7,RT,2026,2
CGKUPGCGK,DOM,17,8,RT,2025,2
CGKUPGCGK,DOM,17,10,RT,2026,1
CGKUPGCGK,DOM,17,12,RT,2026,4
CGKUPGCGK,DOM,17,14,RT,2026,1
CGKUPGCGK,DOM,17,40,RT,2025,5
CGKUPGCGK,DOM,17,40,RT,2026,6
CGKUPGCGK,DOM,18,1,RT,2025,6
CGKUPGCGK,DOM,18,1,RT,2026,7
CGKUPGCGK,DOM,18,2,RT,2025,3
CGKUPGCGK,DOM,18,2,RT,2026,7
CGKUPGCGK,DOM,18,3,RT,2025,1
CGKUPGCGK,DOM,18,3,RT,2026,1
CGKUPGCGK,DOM,18,4,RT,2025,3
CGKUPGCGK,DOM,18,5,RT,2025,6
CGKUPGCGK,DOM,18,5,RT,2026,5
CGKUPGCGK,DOM,18,7,RT,2025,2
CGKUPGCGK,DOM,18,10,RT,2025,1
CGKUPGCGK,DOM,18,14,RT,2025,2
CGKUPGCGK,DOM,18,14,RT,2026,4
CGKUPGCGK,DOM,18,18,RT,2026,3
CGKUPGCGK,DOM,18,25,RT,2026,3
CGKUPGCGK,DOM,18,40,RT,2026,1
CGKUPGCGK,DOM,19,1,RT,2025,1
CGKUPGCGK,DOM,19,1,RT,2026,10
CGKUPGCGK,DOM,19,2,RT,2025,2
CGKUPGCGK,DOM,19,3,RT,2025,6
CGKUPGCGK,DOM,19,4,RT,2025,7
CGKUPGCGK,DOM,19,5,RT,2025,5
CGKUPGCGK,DOM,19,5,RT,2026,4
CGKUPGCGK,DOM,19,6,RT,2026,4
CGKUPGCGK,DOM,19,7,RT,2025,1
CGKUPGCGK,DOM,19,7,RT,2026,6
CGKUPGCGK,DOM,19,8,RT,2025,5
CGKUPGCGK,DOM,19,8,RT,2026,6
CGKUPGCGK,DOM,19,10,RT,2026,1
CGKUPGCGK,DOM,19,12,RT,2025,2
CGKUPGCGK,DOM,19,14,RT,2026,1
CGKUPGCGK,DOM,19,18,RT,2025,1
CGKUPGCGK,DOM,19,25,RT,2025,2
CGKUPGCGK,DOM,19,25,RT,2026,1
CGKUPGCGK,DOM,19,40,RT,2026,2
CGKUPGCGK,DOM,20,2,RT,2025,11
CGKUPGCGK,DOM,20,2,RT,2026,2
CGKUPGCGK,DOM,20,3,RT,2026,1
CGKUPGCGK,DOM,20,4,RT,2026,6
CGKUPGCGK,DOM,20,7,RT,2025,5
CGKUPGCGK,DOM,20,10,RT,2025,4
CGKUPGCGK,DOM,20,10,RT,2026,2
CGKUPGCGK,DOM,20,12,RT,2025,4
CGKUPGCGK,DOM,20,12,RT,2026,3
CGKUPGCGK,DOM,20,18,RT,2026,4
CGKUPGCGK,DOM,20,25,RT,2026,3
CGKUPGCGK,DOM,21,1,RT,2026,8
CGKUPGCGK,DOM,21,2,RT,2025,3
CGKUPGCGK,DOM,21,2,RT,2026,3
CGKUPGCGK,DOM,21,3,RT,2025,4
CGKUPGCGK,DOM,21,3,RT,2026,5
CGKUPGCGK,DOM,21,4,RT,2025,4
CGKUPGCGK,DOM,21,4,RT,2026,1
CGKUPGCGK,DOM,21,5,RT,2025,1
CGKUPGCGK,DOM,21,5,RT,2026,1
CGKUPGCGK,DOM,21,6,RT,2025,3
CGKUPGCGK,DOM,21,6,RT,2026,1
CGKUPGCGK,DOM,21,7,RT,2025,2
CGKUPGCGK,DOM,21,8,RT,2025,4
CGKUPGCGK,DOM,21,10,RT,2026,3
CGKUPGCGK,DOM,21,12,RT,2026,4
CGKUPGCGK,DOM,21,14,RT,2026,1
CGKUPGCGK,DOM,21,18,RT,2025,7
CGKUPGCGK,DOM,21,25,RT,2025,1
CGKUPGCGK,DOM,21,25,RT,2026,6
CGKUPGCGK,DOM,21,40,RT,2026,2
CGKUPGCGK,DOM,22,1,RT,2025,4
CGKUPGCGK,DOM,22,1,RT,2026,3
CGKUPGCGK,DOM,22,2,RT,2026,5
CGKUPGCGK,DOM,22,5,RT,2025,3
CGKUPGCGK,DOM,22,6,RT,2025,3
CGKUPGCGK,DOM,22,6,RT,2026,4
CGKUPGCGK,DOM,22,7,RT,2025,2
CGKUPGCGK,DOM,22,7,RT,2026,4
CGKUPGCGK,DOM,22,8,RT,2025,4
CGKUPGCGK,DOM,22,12,RT,2025,1
CGKUPGCGK,DOM,22,12,RT,2026,6
CGKUPGCGK,DOM,22,25,RT,2025,1
CGKUPGCGK,DOM,22,25,RT,2026,5
CGKUPGCGK,DOM,22,40,RT,2025,11
CGKUPGCGK,DOM,22,40,RT,2026,1
CGKUPGCGK,DOM,23,1,RT,2025,7
CGKUPGCGK,DOM,23,1,RT,2026,3
CGKUPGCGK,DOM,23,2,RT,2026,3
CGKUPGCGK,DOM,23,3,RT,2025,8
CGKUPGCGK,DOM,23,3,RT,2026,3
CGKUPGCGK,DOM,23,4,RT,2025,3
CGKUPGCGK,DOM,23,4,RT,2026,3
CGKUPGCGK,DOM,23,6,RT,2025,1
CGKUPGCGK,DOM,23,6,RT,2026,7
CGKUPGCGK,DOM,23,7,RT,2025,1
CGKUPGCGK,DOM,23,8,RT,2025,4
CGKUPGCGK,DOM,23,10,RT,2025,2
CGKUPGCGK,DOM,23,10,RT,2026,6
CGKUPGCGK,DOM,23,14,RT,2026,4
CGKUPGCGK,DOM,23,25,RT,2025,2
CGKUPGCGK,DOM,24,1,RT,2025,7
CGKUPGCGK,DOM,24,2,RT,2025,2
CGKUPGCGK,DOM,24,2,RT,2026,8
CGKUPGCGK,DOM,24,4,RT,2026,10
CGKUPGCGK,DOM,24,5,RT,2025,2
CGKUPGCGK,DOM,24,6,RT,2026,3
CGKUPGCGK,DOM,24,8,RT,2025,5
CGKUPGCGK,DOM,24,10,RT,2025,1
CGKUPGCGK,DOM,24,14,RT,2026,1
CGKUPGCGK,DOM,24,25,RT,2025,8
CGKUPGCGK,DOM,25,1,RT,2025,1
CGKUPGCGK,DOM,25,1,RT,2026,11
CGKUPGCGK,DOM,25,2,RT,2026,4
CGKUPGCGK,DOM,25,3,RT,2026,6
CGKUPGCGK,DOM,25,4,RT,2026,1
CGKUPGCGK,DOM,25,5,RT,2025,3
CGKUPGCGK,DOM,25,6,RT,2025,4
CGKUPGCGK,DOM,25,6,RT,2026,4
CGKUPGCGK,DOM,25,8,RT,2025,6
CGKUPGCGK,DOM,25,12,RT,2025,10
CGKUPGCGK,DOM,25,12,RT,2026,4
CGKUPGCGK,DOM,25,18,RT,2026,2
CGKUPGCGK,DOM,25,25,RT,2025,3
CGKUPGCGK,DOM,25,25,RT,2026,2
CGKUPGCGK,DOM,25,40,RT,2026,5
CGKUPGCGK,DOM,26,1,RT,2025,16
CGKUPGCGK,DOM,26,1,RT,2026,1
CGKUPGCGK,DOM,26,2,RT,2026,6
CGKUPGCGK,DOM,26,3,RT,2025,5
CGKUPGCGK,DOM,26,3,RT,2026,6
CGKUPGCGK,DOM,26,4,RT,2025,5
CGKUPGCGK,DOM,26,4,RT,2026,1
CGKUPGCGK,DOM,26,5,RT,2026,6
CGKUPGCGK,DOM,26,6,RT,2026,4
CGKUPGCGK,DOM,26,7,RT,2025,4
CGKUPGCGK,DOM,26,7,RT,2026,2
CGKUPGCGK,DOM,26,8,RT,2025,1
CGKUPGCGK,DOM,26,8,RT,2026,1
CGKUPGCGK,DOM,26,10,RT,2025,5
CGKUPGCGK,DOM,26,10,RT,2026,5
CGKUPGCGK,DOM,26,12,RT,2025,4
CGKUPGCGK,DOM,26,12,RT,2026,1
CGKUPGCGK,DOM,26,14,RT,2025,2
CGKUPGCGK,DOM,26,14,RT,2026,1
CGKUPGCGK,DOM,26,18,RT,2026,1
CGKUPGCGK,DOM,26,25,RT,2025,3
CGKUPGCGK,DOM,26,40,RT,2025,10
CGKUPGCGK,DOM,27,1,RT,2025,2
CGKUPGCGK,DOM,27,1,RT,2026,16
CGKUPGCGK,DOM,27,2,RT,2025,12
CGKUPGCGK,DOM,27,3,RT,2026,2
CGKUPGCGK,DOM,27,4,RT,2025,5
CGKUPGCGK,DOM,27,4,RT,2026,10
CGKUPGCGK,DOM,27,6,RT,2025,1
CGKUPGCGK,DOM,27,6,RT,2026,6
CGKUPGCGK,DOM,27,8,RT,2025,1
CGKUPGCGK,DOM,27,10,RT,2025,2
CGKUPGCGK,DOM,27,12,RT,2025,1
CGKUPGCGK,DOM,27,12,RT,2026,4
CGKUPGCGK,DOM,27,14,RT,2026,3
CGKUPGCGK,DOM,27,25,RT,2026,3
CGKUPGCGK,DOM,27,40,RT,2025,6
CGKUPGCGK,DOM,28,1,RT,2026,3
CGKUPGCGK,DOM,28,2,RT,2025,6
CGKUPGCGK,DOM,28,2,RT,2026,2
CGKUPGCGK,DOM,28,3,RT,2025,2
CGKUPGCGK,DOM,28,3,RT,2026,7
CGKUPGCGK,DOM,28,4,RT,2025,5
CGKUPGCGK,DOM,28,4,RT,2026,1
CGKUPGCGK,DOM,28,5,RT,2025,5
CGKUPGCGK,DOM,28,7,RT,2025,5
CGKUPGCGK,DOM,28,8,RT,2025,5
CGKUPGCGK,DOM,28,12,RT,2025,2
CGKUPGCGK,DOM,28,14,RT,2026,1
CGKUPGCGK,DOM,29,1,RT,2025,7
CGKUPGCGK,DOM,29,1,RT,2026,6
CGKUPGCGK,DOM,29,2,RT,2025,6
CGKUPGCGK,DOM,29,2,RT,2026,2
CGKUPGCGK,DOM,29,3,RT,2025,5
CGKUPGCGK,DOM,29,3,RT,2026,6
CGKUPGCGK,DOM,29,4,RT,2025,1
CGKUPGCGK,DOM,29,6,RT,2025,5
CGKUPGCGK,DOM,29,6,RT,2026,2
CGKUPGCGK,DOM,29,7,RT,2025,2
CGKUPGCGK,DOM,29,8,RT,2025,12
CGKUPGCGK,DOM,29,10,RT,2025,6
CGKUPGCGK,DOM,29,10,RT,2026,3
CGKUPGCGK,DOM,29,14,RT,2025,2
CGKUPGCGK,DOM,29,18,RT,2026,5
CGKUPGCGK,DOM,29,25,RT,2025,1
CGKUPGCGK,DOM,30,1,RT,2025,5
CGKUPGCGK,DOM,30,2,RT,2025,2
CGKUPGCGK,DOM,30,2,RT,2026,3
CGKUPGCGK,DOM,30,3,RT,2025,6
CGKUPGCGK,DOM,30,3,RT,2026,2
CGKUPGCGK,DOM,30,5,RT,2025,3
CGKUPGCGK,DOM,30,7,RT,2025,2
CGKUPGCGK,DOM,30,7,RT,2026,6
CGKUPGCGK,DOM,30,8,RT,2025,8
CGKUPGCGK,DOM,30,14,RT,2025,7
CGKUPGCGK,DOM,30,18,RT,2026,5
CGKUPGCGK,DOM,30,40,RT,2025,1
CGKUPGCGK,DOM,31,1,RT,2025,3
CGKUPGCGK,DOM,31,6,RT,2025,1
CGKUPGCGK,DOM,31,6,RT,2026,6
CGKUPGCGK,DOM,31,18,RT,2026,5
CGKUPGCGK,DOM,31,40,RT,2025,2
CGKUPGCGK,DOM,32,3,RT,2025,1
CGKUPGCGK,DOM,32,4,RT,2025,6
CGKUPGCGK,DOM,32,7,RT,2025,1
CGKUPGCGK,DOM,32,7,RT,2026,1
CGKUPGCGK,DOM,33,1,RT,2026,1
CGKUPGCGK,DOM,33,6,RT,2025,2
CGKUPGCGK,DOM,33,8,RT,2025,6
CGKUPGCGK,DOM,34,1,RT,2026,2
CGKUPGCGK,DOM,34,2,RT,2026,4
CGKUPGCGK,DOM,34,3,RT,2025,3
CGKUPGCGK,DOM,34,5,RT,2026,1
CGKUPGCGK,DOM,34,6,RT,2026,1
CGKUPGCGK,DOM,34,8,RT,2026,1
CGKUPGCGK,DOM,34,40,RT,2026,3
CGKUPGCGK,DOM,35,1,RT,2025,1
CGKUPGCGK,DOM,35,2,RT,2025,1
CGKUPGCGK,DOM,35,6,RT,2026,1
CGKUPGCGK,DOM,35,12,RT,2026,5
CGKUPGCGK,DOM,35,25,RT,2026,1
CGKUPGCGK,DOM,35,40,RT,2026,2
CGKUPGCGK,DOM,36,1,RT,2025,2
CGKUPGCGK,DOM,36,1,RT,2026,6
CGKUPGCGK,DOM,36,2,RT,2025,2
CGKUPGCGK,DOM,36,7,RT,2025,1
CGKUPGCGK,DOM,36,7,RT,2026,1
CGKUPGCGK,DOM,36,25,RT,2025,1
CGKUPGCGK,DOM,36,25,RT,2026,2
CGKUPGCGK,DOM,37,2,RT,2026,1
CGKUPGCGK,DOM,37,12,RT,2026,3
CGKUPGCGK,DOM,37,14,RT,2026,1
CGKUPGCGK,DOM,37,18,RT,2025,5
CGKUPGCGK,DOM,37,25,RT,2025,1
CGKUPGCGK,DOM,38,3,RT,2025,1
CGKUPGCGK,DOM,38,3,RT,2026,4
CGKUPGCGK,DOM,38,6,RT,2026,2
CGKUPGCGK,DOM,38,7,RT,2025,5
CGKUPGCGK,DOM,39,4,RT,2026,8
CGKUPGCGK,DOM,40,3,RT,2025,3
CGKUPGCGK,DOM,40,8,RT,2025,1
CGKUPGCGK,DOM,41,2,RT,2025,2
CGKUPGCGK,DOM,41,4,RT,2026,2
CGKUPGCGK,DOM,42,7,RT,2026,4
CGKUPGCGK,DOM,42,10,RT,2025,2
CGKUPGCGK,DOM,42,14,RT,2026,1
CGKUPGCGK,DOM,42,25,RT,2026,2
CGKUPGCGK,DOM,42,40,RT,2026,4
CGKUPGCGK,DOM,43,2,RT,2025,1
CGKUPGCGK,DOM,43,4,RT,2026,4
CGKUPGCGK,DOM,43,6,RT,2025,4
CGKUPGCGK,DOM,43,12,RT,2025,1
CGKUPGCGK,DOM,43,18,RT,2026,3
CGKUPGCGK,DOM,43,25,RT,2025,3
CGKUPGCGK,DOM,43,40,RT,2025,5
CGKUPGCGK,DOM,44,2,RT,2026,4
CGKUPGCGK,DOM,44,3,RT,2025,1
CGKUPGCGK,DOM,44,4,RT,2025,2
CGKUPGCGK,DOM,44,5,RT,2026,1
CGKUPGCGK,DOM,44,12,RT,2025,5
CGKUPGCGK,DOM,44,18,RT,2025,3
CGKUPGCGK,DOM,45,1,RT,2025,3
CGKUPGCGK,DOM,45,2,RT,2025,1
CGKUPGCGK,DOM,45,3,RT,2025,4
CGKUPGCGK,DOM,45,7,RT,2025,1
CGKUPGCGK,DOM,45,12,RT,2026,6
CGKUPGCGK,DOM,46,1,RT,2025,2
CGKUPGCGK,DOM,46,2,RT,2025,2
CGKUPGCGK,DOM,46,2,RT,2026,5
CGKUPGCGK,DOM,46,4,RT,2025,2
CGKUPGCGK,DOM,46,4,RT,2026,1
CGKUPGCGK,DOM,46,8,RT,2026,3
CGKUPGCGK,DOM,46,12,RT,2025,2
CGKUPGCGK,DOM,46,40,RT,2026,6
CGKUPGCGK,DOM,47,2,RT,2026,1
CGKUPGCGK,DOM,47,3,RT,2025,1
CGKUPGCGK,DOM,47,6,RT,2026,1
CGKUPGCGK,DOM,48,2,RT,2025,1
CGKUPGCGK,DOM,48,25,RT,2026,1
CGKUPGCGK,DOM,48,40,RT,2025,1
CGKUPGCGK,DOM,49,2,RT,2026,1
CGKUPGCGK,DOM,49,3,RT,2025,2
CGKUPGCGK,DOM,49,3,RT,2026,4
CGKUPGCGK,DOM,49,7,RT,2025,1
CGKUPGCGK,DOM,49,18,RT,2025,4
CGKUPGCGK,DOM,49,40,RT,2025,1
CGKUPGCGK,DOM,50,1,RT,2026,4
CGKUPGCGK,DOM,50,10,RT,2025,1
CGKUPGCGK,DOM,50,40,RT,2025,2
CGKUPGCGK,DOM,51,2,RT,2025,2
CGKUPGCGK,DOM,51,2,RT,2026,2
CGKUPGCGK,DOM,51,4,RT,2026,3
CGKUPGCGK,DOM,51,7,RT,2026,6
CGKUPGCGK,DOM,51,8,RT,2025,1
CGKUPGCGK,DOM,51,18,RT,2026,3
CGKUPGCGK,DOM,51,40,RT,2026,2
CGKUPGCGK,DOM,52,2,RT,2025,2
CGKUPGCGK,DOM,52,3,RT,2026,3
CGKUPGCGK,DOM,52,6,RT,2025,1
CGKUPGCGK,DOM,52,6,RT,2026,1
CGKUPGCGK,DOM,52,7,RT,2026,2
CGKUPGCGK,DOM,52,8,RT,2025,2
CGKUPGCGK,DOM,53,1,RT,2026,2
CGKUPGCGK,DOM,53,3,RT,2026,5
CGKUPGCGK,DOM,53,10,RT,2025,1
CGKUPGCGK,DOM,54,1,RT,2025,1
CGKUPGCGK,DOM,54,1,RT,2026,6
CGKUPGCGK,DOM,54,3,RT,2026,1
CGKUPGCGK,DOM,54,12,RT,2026,5
CGKUPGCGK,DOM,55,5,RT,2025,1
CGKUPGCGK,DOM,55,40,RT,2025,1
CGKUPGCGK,DOM,56,2,RT,2025,1
CGKUPGCGK,DOM,56,2,RT,2026,2
CGKUPGCGK,DOM,56,7,RT,2025,1
CGKUPGCGK,DOM,56,18,RT,2026,1
CGKUPGCGK,DOM,56,25,RT,2025,1
CGKUPGCGK,DOM,57,1,RT,2026,3
CGKUPGCGK,DOM,57,3,RT,2026,4
CGKUPGCGK,DOM,57,5,RT,2025,3
CGKUPGCGK,DOM,57,12,RT,2026,2
CGKUPGCGK,DOM,58,8,RT,2025,6
CGKUPGCGK,DOM,58,10,RT,2026,3
CGKUPGCGK,DOM,58,14,RT,2026,4
CGKUPGCGK,DOM,58,18,RT,2025,2
CGKUPGCGK,DOM,58,25,RT,2025,1
CGKUPGCGK,DOM,58,25,RT,2026,6
CGKUPGCGK,DOM,59,2,RT,2025,2
CGKUPGCGK,DOM,59,3,RT,2025,1
CGKUPGCGK,DOM,59,5,RT,2026,3
CGKUPGCGK,DOM,59,8,RT,2025,1
CGKUPGCGK,DOM,59,8,RT,2026,1
CGKUPGCGK,DOM,59,12,RT,2025,2
CGKUPGCGK,DOM,59,40,RT,2025,1
CGKUPGCGK,DOM,60,5,RT,2026,1
CGKUPGCGK,DOM,60,40,RT,2025,1
CGKUPGCGK,DOM,61,1,RT,2025,1
CGKUPGCGK,DOM,61,2,RT,2026,2
CGKUPGCGK,DOM,61,3,RT,2025,4
CGKUPGCGK,DOM,61,5,RT,2025,1
CGKUPGCGK,DOM,61,10,RT,2025,2
CGKUPGCGK,DOM,61,14,RT,2026,4
CGKUPGCGK,DOM,61,18,RT,2025,2
CGKUPGCGK,DOM,61,18,RT,2026,1
CGKUPGCGK,DOM,62,3,RT,2026,4
CGKUPGCGK,DOM,62,4,RT,2026,2
CGKUPGCGK,DOM,62,10,RT,2026,2
CGKUPGCGK,DOM,62,12,RT,2026,1
CGKUPGCGK,DOM,62,40,RT,2025,2
CGKUPGCGK,DOM,62,40,RT,2026,1
CGKUPGCGK,DOM,63,1,RT,2025,2
CGKUPGCGK,DOM,63,2,RT,2026,4
CGKUPGCGK,DOM,63,5,RT,2025,2
CGKUPGCGK,DOM,63,6,RT,2026,2
CGKUPGCGK,DOM,63,18,RT,2025,2
CGKUPGCGK,DOM,64,3,RT,2025,3
CGKUPGCGK,DOM,64,7,RT,2025,2
CGKUPGCGK,DOM,64,18,RT,2026,1
CGKUPGCGK,DOM,64,40,RT,2026,2
CGKUPGCGK,DOM,65,1,RT,2025,2
CGKUPGCGK,DOM,65,1,RT,2026,3
CGKUPGCGK,DOM,65,10,RT,2026,8
CGKUPGCGK,DOM,65,18,RT,2025,1
CGKUPGCGK,DOM,65,25,RT,2025,1
CGKUPGCGK,DOM,66,3,RT,2025,2
CGKUPGCGK,DOM,66,4,RT,2026,5
CGKUPGCGK,DOM,66,6,RT,2025,1
CGKUPGCGK,DOM,66,7,RT,2026,1
CGKUPGCGK,DOM,66,10,RT,2025,2
CGKUPGCGK,DOM,66,18,RT,2026,1
CGKUPGCGK,DOM,66,25,RT,2026,1
CGKUPGCGK,DOM,66,40,RT,2025,3
CGKUPGCGK,DOM,66,40,RT,2026,2
CGKUPGCGK,DOM,67,2,RT,2026,1
CGKUPGCGK,DOM,67,4,RT,2026,6
CGKUPGCGK,DOM,67,5,RT,2025,4
CGKUPGCGK,DOM,67,6,RT,2026,1
CGKUPGCGK,DOM,67,18,RT,2026,2
CGKUPGCGK,DOM,68,3,RT,2025,1
CGKUPGCGK,DOM,68,3,RT,2026,4
CGKUPGCGK,DOM,68,7,RT,2026,4
CGKUPGCGK,DOM,69,4,RT,2026,2
CGKUPGCGK,DOM,69,6,RT,2025,3
CGKUPGCGK,DOM,69,6,RT,2026,2
CGKUPGCGK,DOM,69,7,RT,2026,8
CGKUPGCGK,DOM,70,6,RT,2026,1
CGKUPGCGK,DOM,70,7,RT,2025,2
CGKUPGCGK,DOM,70,10,RT,2025,2
CGKUPGCGK,DOM,70,18,RT,2026,3
CGKUPGCGK,DOM,70,40,RT,2026,3
CGKUPGCGK,DOM,71,3,RT,2025,1
CGKUPGCGK,DOM,71,3,RT,2026,1
CGKUPGCGK,DOM,72,2,RT,2025,1
CGKUPGCGK,DOM,72,3,RT,2025,1
CGKUPGCGK,DOM,72,3,RT,2026,5
CGKUPGCGK,DOM,72,6,RT,2025,4
CGKUPGCGK,DOM,72,18,RT,2025,5
CGKUPGCGK,DOM,72,25,RT,2026,2
CGKUPGCGK,DOM,73,1,RT,2026,5
CGKUPGCGK,DOM,73,2,RT,2026,5
CGKUPGCGK,DOM,73,4,RT,2026,2
CGKUPGCGK,DOM,73,7,RT,2026,6
CGKUPGCGK,DOM,73,12,RT,2025,4
CGKUPGCGK,DOM,73,40,RT,2025,2
CGKUPGCGK,DOM,74,2,RT,2026,3
CGKUPGCGK,DOM,74,3,RT,2025,6
CGKUPGCGK,DOM,74,12,RT,2025,2
CGKUPGCGK,DOM,74,25,RT,2026,3
CGKUPGCGK,DOM,75,1,RT,2025,1
CGKUPGCGK,DOM,75,3,RT,2025,4
CGKUPGCGK,DOM,75,5,RT,2026,5
CGKUPGCGK,DOM,75,7,RT,2026,5
CGKUPGCGK,DOM,75,12,RT,2026,1
CGKUPGCGK,DOM,75,18,RT,2025,2
CGKUPGCGK,DOM,75,40,RT,2026,2
CGKUPGCGK,DOM,76,1,RT,2025,4
CGKUPGCGK,DOM,76,3,RT,2025,1
CGKUPGCGK,DOM,76,6,RT,2025,2
CGKUPGCGK,DOM,76,12,RT,2025,3
CGKUPGCGK,DOM,76,25,RT,2025,1
CGKUPGCGK,DOM,76,40,RT,2026,1
CGKUPGCGK,DOM,77,1,RT,2025,1
CGKUPGCGK,DOM,77,1,RT,2026,4
CGKUPGCGK,DOM,77,2,RT,2026,1
CGKUPGCGK,DOM,77,18,RT,2025,1
CGKUPGCGK,DOM,78,1,RT,2025,1
CGKUPGCGK,DOM,78,2,RT,2025,2
CGKUPGCGK,DOM,78,3,RT,2026,2
CGKUPGCGK,DOM,78,4,RT,2025,6
CGKUPGCGK,DOM,78,6,RT,2026,1
CGKUPGCGK,DOM,78,10,RT,2025,1
CGKUPGCGK,DOM,78,14,RT,2025,1
CGKUPGCGK,DOM,80,1,RT,2026,4
CGKUPGCGK,DOM,80,3,RT,2026,1
CGKUPGCGK,DOM,80,4,RT,2026,4
CGKUPGCGK,DOM,80,5,RT,2025,5
CGKUPGCGK,DOM,80,7,RT,2025,2
CGKUPGCGK,DOM,80,10,RT,2026,1
CGKUPGCGK,DOM,80,12,RT,2025,4
CGKUPGCGK,DOM,80,18,RT,2025,6
CGKUPGCGK,DOM,80,18,RT,2026,1
CGKUPGCGK,DOM,80,40,RT,2026,3
CGKUPGCGK,DOM,81,2,RT,2025,6
CGKUPGCGK,DOM,81,2,RT,2026,6
CGKUPGCGK,DOM,81,3,RT,2025,1
CGKUPGCGK,DOM,81,4,RT,2026,3
CGKUPGCGK,DOM,81,5,RT,2026,1
CGKUPGCGK,DOM,81,8,RT,2025,5
CGKUPGCGK,DOM,81,10,RT,2026,1
CGKUPGCGK,DOM,81,12,RT,2025,1
CGKUPGCGK,DOM,81,25,RT,2026,2
CGKUPGCGK,DOM,82,1,RT,2025,1
CGKUPGCGK,DOM,82,2,RT,2026,3
CGKUPGCGK,DOM,82,3,RT,2025,1
CGKUPGCGK,DOM,82,3,RT,2026,3
CGKUPGCGK,DOM,82,6,RT,2026,2
CGKUPGCGK,DOM,82,12,RT,2026,2
CGKUPGCGK,DOM,82,25,RT,2026,2
CGKUPGCGK,DOM,83,1,RT,2025,1
CGKUPGCGK,DOM,83,2,RT,2026,1
CGKUPGCGK,DOM,83,3,RT,2026,6
CGKUPGCGK,DOM,83,6,RT,2025,2
CGKUPGCGK,DOM,83,6,RT,2026,2
CGKUPGCGK,DOM,83,8,RT,2026,2
CGKUPGCGK,DOM,83,40,RT,2026,1
CGKUPGCGK,DOM,84,1,RT,2025,5
CGKUPGCGK,DOM,84,2,RT,2025,2
CGKUPGCGK,DOM,84,3,RT,2026,3
CGKUPGCGK,DOM,84,4,RT,2026,2
CGKUPGCGK,DOM,84,6,RT,2025,6
CGKUPGCGK,DOM,84,10,RT,2026,2
CGKUPGCGK,DOM,84,18,RT,2025,2
CGKUPGCGK,DOM,85,3,RT,2026,1
CGKUPGCGK,DOM,85,4,RT,2025,1
CGKUPGCGK,DOM,85,6,RT,2026,2
CGKUPGCGK,DOM,86,2,RT,2026,3
CGKUPGCGK,DOM,86,4,RT,2026,1
CGKUPGCGK,DOM,86,12,RT,2026,6
CGKUPGCGK,DOM,87,3,RT,2026,1
CGKUPGCGK,DOM,87,18,RT,2026,2
CGKUPGCGK,DOM,88,2,RT,2025,2
CGKUPGCGK,DOM,88,4,RT,2025,2
CGKUPGCGK,DOM,88,8,RT,2025,6
CGKUPGCGK,DOM,88,12,RT,2025,4
CGKUPGCGK,DOM,88,25,RT,2025,2
CGKUPGCGK,DOM,89,1,RT,2025,1
CGKUPGCGK,DOM,89,2,RT,2026,2
CGKUPGCGK,DOM,89,18,RT,2025,2
CGKUPGCGK,DOM,90,18,RT,2025,3
CGKUPGCGK,DOM,90,40,RT,2025,2
CGKUPGCGK,DOM,91,4,RT,2025,2
CGKUPGCGK,DOM,91,8,RT,2025,2
CGKUPGCGK,DOM,94,1,RT,2026,5
CGKUPGCGK,DOM,95,2,RT,2025,6
CGKUPGCGK,DOM,95,12,RT,2026,1
CGKUPGCGK,DOM,95,25,RT,2025,2
CGKUPGCGK,DOM,96,2,RT,2025,3
CGKUPGCGK,DOM,96,14,RT,2026,1
CGKUPGCGK,DOM,97,2,RT,2026,6
CGKUPGCGK,DOM,97,3,RT,2025,3
CGKUPGCGK,DOM,97,5,RT,2026,2
CGKUPGCGK,DOM,98,2,RT,2025,1
CGKUPGCGK,DOM,98,7,RT,2025,2
CGKUPGCGK,DOM,100,7,RT,2025,3
CGKUPGCGK,DOM,101,3,RT,2025,3
CGKUPGCGK,DOM,101,25,RT,2026,1
CGKUPGCGK,DOM,102,8,RT,2025,3
CGKUPGCGK,DOM,102,18,RT,2026,4
CGKUPGCGK,DOM,103,14,RT,2025,1
CGKUPGCGK,DOM,105,1,RT,2025,2
CGKUPGCGK,DOM,105,3,RT,2026,1
CGKUPGCGK,DOM,107,2,RT,2026,2
CGKUPGCGK,DOM,108,1,RT,2025,1
CGKUPGCGK,DOM,108,6,RT,2026,1
CGKUPGCGK,DOM,109,2,RT,2025,1
CGKUPGCGK,DOM,109,4,RT,2026,1
CGKUPGCGK,DOM,111,5,RT,2026,2
CGKUPGCGK,DOM,112,2,RT,2026,6
CGKUPGCGK,DOM,112,6,RT,2025,1
CGKUPGCGK,DOM,113,6,RT,2026,3
CGKUPGCGK,DOM,113,40,RT,2025,1
CGKUPGCGK,DOM,114,6,RT,2026,1
CGKUPGCGK,DOM,114,12,RT,2026,2
CGKUPGCGK,DOM,115,3,RT,2025,3
CGKUPGCGK,DOM,118,2,RT,2026,4
CGKUPGCGK,DOM,118,8,RT,2025,1
CGKUPGCGK,DOM,118,25,RT,2025,3
CGKUPGCGK,DOM,119,5,RT,2025,3
CGKUPGCGK,DOM,121,18,RT,2025,1
CGKUPGCGK,DOM,124,8,RT,2025,2
CGKUPGCGK,DOM,125,40,RT,2025,5
CGKUPGCGK,DOM,127,1,RT,2026,3
CGKUPGCGK,DOM,127,10,RT,2026,2
CGKUPGCGK,DOM,129,40,RT,2026,1
CGKUPGCGK,DOM,131,1,RT,2026,1
CGKUPGCGK,DOM,131,14,RT,2025,6
CGKUPGCGK,DOM,132,7,RT,2026,3
CGKUPGCGK,DOM,132,12,RT,2025,4
CGKUPGCGK,DOM,132,14,RT,2025,2
CGKUPGCGK,DOM,133,40,RT,2025,3
CGKUPGCGK,DOM,135,1,RT,2025,2
CGKUPGCGK,DOM,137,7,RT,2025,5
CGKUPGCGK,DOM,138,12,RT,2026,2
CGKUPGCGK,DOM,139,6,RT,2026,3
CGKUPGCGK,DOM,140,1,RT,2025,2
CGKUPGCGK,DOM,141,14,RT,2026,2
CGKUPGCGK,DOM,142,2,RT,2026,4
CGKUPGCGK,DOM,142,6,RT,2026,3
CGKUPGCGK,DOM,143,3,RT,2026,2
CGKUPGCGK,DOM,143,8,RT,2025,3
CGKUPGCGK,DOM,146,2,RT,2026,1
CGKUPGCGK,DOM,147,5,RT,2025,1
CGKUPGCGK,DOM,147,25,RT,2026,4
CGKUPGCGK,DOM,150,2,RT,2025,1
CGKUPGCGK,DOM,150,3,RT,2025,4
CGKUPGCGK,DOM,151,1,RT,2026,2
CGKUPGCGK,DOM,151,10,RT,2026,4
CGKUPGCGK,DOM,152,3,RT,2026,4
CGKUPGCGK,DOM,153,18,RT,2026,6
CGKUPGCGK,DOM,154,1,RT,2026,1
CGKUPGCGK,DOM,154,3,RT,2026,1
CGKUPGCGK,DOM,154,10,RT,2026,6
CGKUPGCGK,DOM,154,40,RT,2025,1
CGKUPGCGK,DOM,155,4,RT,2026,1
CGKUPGCGK,DOM,155,5,RT,2025,6
CGKUPGCGK,DOM,155,6,RT,2025,6
CGKUPGCGK,DOM,155,14,RT,2026,1
CGKUPGCGK,DOM,155,18,RT,2026,1
CGKUPGCGK,DOM,156,7,RT,2026,1
CGKUPGCGK,DOM,158,25,RT,2026,2
CGKUPGCGK,DOM,159,2,RT,2026,1
CGKUPGCGK,DOM,160,3,RT,2026,2
CGKUPGCGK,DOM,160,8,RT,2025,3
CGKUPGCGK,DOM,161,1,RT,2026,6
CGKUPGCGK,DOM,161,12,RT,2026,2
CGKUPGCGK,DOM,165,5,RT,2026,3
CGKUPGCGK,DOM,167,3,RT,2026,1
CGKUPGCGK,DOM,167,12,RT,2025,2
CGKUPGCGK,DOM,168,3,RT,2025,1
CGKUPGCGK,DOM,168,18,RT,2025,1
CGKUPGCGK,DOM,169,18,RT,2025,1
CGKUPGCGK,DOM,170,14,RT,2026,5
CGKUPGCGK,DOM,170,18,RT,2026,1
CGKUPGCGK,DOM,173,2,RT,2025,1
CGKUPGCGK,DOM,173,40,RT,2026,6
CGKUPGCGK,DOM,175,2,RT,2026,4
CGKUPGCGK,DOM,175,4,RT,2026,1
CGKUPGCGK,DOM,175,25,RT,2025,1
CGKUPGCGK,DOM,176,4,RT,2026,1
CGKUPGCGK,DOM,176,6,RT,2025,3
CGKUPGCGK,DOM,177,1,RT,2026,1
CGKUPGCGK,DOM,178,18,RT,2025,3
CGKUPGCGK,DOM,179,3,RT,2025,3
CGKUPGCGK,DOM,182,7,RT,2026,1
CGKUPGCGK,DOM,182,12,RT,2026,4
CGKUPGCGK,DOM,183,1,RT,2026,2
CGKUPGCGK,DOM,183,2,RT,2026,4
CGKUPGCGK,DOM,184,4,RT,2026,2
CGKUPGCGK,DOM,184,14,RT,2025,1
CGKUPGCGK,DOM,185,8,RT,2026,1
CGKUPGCGK,DOM,185,12,RT,2026,1
CGKUPGCGK,DOM,187,2,RT,2026,6
CGKUPGCGK,DOM,187,5,RT,2025,2
CGKUPGCGK,DOM,187,10,RT,2026,2
CGKUPGCGK,DOM,188,12,RT,2025,1
CGKUPGCGK,DOM,190,3,RT,2025,1
CGKUPGCGK,DOM,191,5,RT,2026,4
CGKUPGCGK,DOM,193,2,RT,2025,2
CGKUPGCGK,DOM,193,8,RT,2026,4
CGKUPGCGK,DOM,193,14,RT,2026,1
CGKUPGCGK,DOM,194,12,RT,2026,2
CGKUPGCGK,DOM,197,4,RT,2025,1
CGKUPGCGK,DOM,199,12,RT,2025,3
CGKUPGCGK,DOM,199,18,RT,2025,1
CGKUPGCGK,DOM,200,3,RT,2026,3
CGKUPGCGK,DOM,200,8,RT,2025,1
CGKUPGCGK,DOM,200,25,RT,2025,2
CGKUPGCGK,DOM,201,1,RT,2025,6
CGKUPGCGK,DOM,201,18,RT,2025,1
CGKUPGCGK,DOM,202,7,RT,2025,1
CGKUPGCGK,DOM,203,12,RT,2025,1
CGKUPGCGK,DOM,208,4,RT,2026,4
CGKUPGCGK,DOM,208,14,RT,2025,1
CGKUPGCGK,DOM,210,14,RT,2026,1
CGKUPGCGK,DOM,210,25,RT,2026,1
CGKUPGCGK,DOM,211,14,RT,2025,1
CGKUPGCGK,DOM,211,14,RT,2026,3
CGKUPGCGK,DOM,212,3,RT,2026,1
CGKUPGCGK,DOM,212,4,RT,2025,3
CGKUPGCGK,DOM,212,5,RT,2026,1
CGKUPGCGK,DOM,212,40,RT,2025,1
CGKUPGCGK,DOM,213,40,RT,2025,1
CGKUPGCGK,DOM,215,4,RT,2025,1
CGKUPGCGK,DOM,216,2,RT,2026,3
CGKUPGCGK,DOM,216,6,RT,2026,4
CGKUPGCGK,DOM,218,8,RT,2025,4
CGKUPGCGK,DOM,218,14,RT,2026,1
CGKUPGCGK,DOM,218,25,RT,2026,6
CGKUPGCGK,DOM,219,2,RT,2025,2
CGKUPGCGK,DOM,219,7,RT,2025,3
CGKUPGCGK,DOM,219,14,RT,2026,1
CGKYIA,DOM,0,0,OW,2025,15
CGKYIA,DOM,0,0,OW,2026,30
CGKYIA,DOM,1,0,OW,2025,49
CGKYIA,DOM,1,0,OW,2026,25
CGKYIA,DOM,2,0,OW,2025,32
CGKYIA,DOM,2,0,OW,2026,47
CGKYIA,DOM,3,0,OW,2025,15
CGKYIA,DOM,3,0,OW,2026,31
CGKYIA,DOM,4,0,OW,2025,49
CGKYIA,DOM,4,0,OW,2026,21
CGKYIA,DOM,5,0,OW,2025,60
CGKYIA,DOM,5,0,OW,2026,12
CGKYIA,DOM,6,0,OW,2025,35
CGKYIA,DOM,6,0,OW,2026,38
CGKYIA,DOM,7,0,OW,2025,34
CGKYIA,DOM,7,0,OW,2026,30
CGKYIA,DOM,8,0,OW,2025,28
CGKYIA,DOM,8,0,OW,2026,18
CGKYIA,DOM,9,0,OW,2025,18
CGKYIA,DOM,9,0,OW,2026,5
CGKYIA,DOM,10,0,OW,2025,7
CGKYIA,DOM,10,0,OW,2026,13
CGKYIA,DOM,11,0,OW,2025,14
CGKYIA,DOM,11,0,OW,2026,12
CGKYIA,DOM,12,0,OW,2025,15
CGKYIA,DOM,12,0,OW,2026,7
CGKYIA,DOM,13,0,OW,2025,21
CGKYIA,DOM,13,0,OW,2026,5
CGKYIA,DOM,14,0,OW,2025,34
CGKYIA,DOM,14,0,OW,2026,14
CGKYIA,DOM,15,0,OW,2025,13
CGKYIA,DOM,15,0,OW,2026,20
CGKYIA,DOM,16,0,OW,2025,16
CGKYIA,DOM,16,0,OW,2026,13
CGKYIA,DOM,17,0,OW,2025,4
CGKYIA,DOM,17,0,OW,2026,9
CGKYIA,DOM,18,0,OW,2025,27
CGKYIA,DOM,18,0,OW,2026,25
CGKYIA,DOM,19,0,OW,2025,22
CGKYIA,DOM,19,0,OW,2026,14
CGKYIA,DOM,20,0,OW,2025,33
CGKYIA,DOM,20,0,OW,2026,15
CGKYIA,DOM,21,0,OW,2025,30
CGKYIA,DOM,21,0,OW,2026,18
CGKYIA,DOM,22,0,OW,2025,23
CGKYIA,DOM,22,0,OW,2026,11
CGKYIA,DOM,23,0,OW,2025,14
CGKYIA,DOM,23,0,OW,2026,8
CGKYIA,DOM,24,0,OW,2025,30
CGKYIA,DOM,24,0,OW,2026,20
CGKYIA,DOM,25,0,OW,2025,27
CGKYIA,DOM,25,0,OW,2026,3
CGKYIA,DOM,26,0,OW,2025,12
CGKYIA,DOM,26,0,OW,2026,19
CGKYIA,DOM,27,0,OW,2025,9
CGKYIA,DOM,27,0,OW,2026,14
CGKYIA,DOM,28,0,OW,2025,8
CGKYIA,DOM,28,0,OW,2026,6
CGKYIA,DOM,29,0,OW,2025,20
CGKYIA,DOM,29,0,OW,2026,13
CGKYIA,DOM,30,0,OW,2025,17
CGKYIA,DOM,30,0,OW,2026,14
CGKYIA,DOM,31,0,OW,2026,5
CGKYIA,DOM,32,0,OW,2025,8
CGKYIA,DOM,32,0,OW,2026,2
CGKYIA,DOM,34,0,OW,2025,15
CGKYIA,DOM,34,0,OW,2026,4
CGKYIA,DOM,35,0,OW,2025,2
CGKYIA,DOM,35,0,OW,2026,1
CGKYIA,DOM,36,0,OW,2025,3
CGKYIA,DOM,36,0,OW,2026,2
CGKYIA,DOM,37,0,OW,2026,7
CGKYIA,DOM,38,0,OW,2025,1
CGKYIA,DOM,38,0,OW,2026,2
CGKYIA,DOM,39,0,OW,2025,7
CGKYIA,DOM,40,0,OW,2025,2
CGKYIA,DOM,40,0,OW,2026,6
CGKYIA,DOM,41,0,OW,2025,21
CGKYIA,DOM,41,0,OW,2026,12
CGKYIA,DOM,42,0,OW,2026,4
CGKYIA,DOM,43,0,OW,2025,5
CGKYIA,DOM,44,0,OW,2025,12
CGKYIA,DOM,44,0,OW,2026,2
CGKYIA,DOM,45,0,OW,2026,6
CGKYIA,DOM,47,0,OW,2025,8
CGKYIA,DOM,47,0,OW,2026,2
CGKYIA,DOM,48,0,OW,2025,2
CGKYIA,DOM,49,0,OW,2025,4
CGKYIA,DOM,50,0,OW,2025,8
CGKYIA,DOM,50,0,OW,2026,15
CGKYIA,DOM,51,0,OW,2025,16
CGKYIA,DOM,52,0,OW,2025,6
CGKYIA,DOM,53,0,OW,2025,4
CGKYIA,DOM,53,0,OW,2026,9
CGKYIA,DOM,54,0,OW,2025,4
CGKYIA,DOM,54,0,OW,2026,3
CGKYIA,DOM,55,0,OW,2025,1
CGKYIA,DOM,56,0,OW,2026,10
CGKYIA,DOM,57,0,OW,2025,7
CGKYIA,DOM,58,0,OW,2025,8
CGKYIA,DOM,58,0,OW,2026,1
CGKYIA,DOM,59,0,OW,2026,1
CGKYIA,DOM,60,0,OW,2025,9
CGKYIA,DOM,60,0,OW,2026,1
CGKYIA,DOM,61,0,OW,2025,4
CGKYIA,DOM,61,0,OW,2026,8
CGKYIA,DOM,62,0,OW,2025,12
CGKYIA,DOM,62,0,OW,2026,3
CGKYIA,DOM,63,0,OW,2026,13
CGKYIA,DOM,65,0,OW,2026,1
CGKYIA,DOM,66,0,OW,2025,8
CGKYIA,DOM,66,0,OW,2026,1
CGKYIA,DOM,67,0,OW,2025,15
CGKYIA,DOM,67,0,OW,2026,1
CGKYIA,DOM,69,0,OW,2025,3
CGKYIA,DOM,69,0,OW,2026,6
CGKYIA,DOM,71,0,OW,2025,1
CGKYIA,DOM,71,0,OW,2026,4
CGKYIA,DOM,72,0,OW,2026,4
CGKYIA,DOM,73,0,OW,2025,3
CGKYIA,DOM,73,0,OW,2026,7
CGKYIA,DOM,74,0,OW,2025,6
CGKYIA,DOM,74,0,OW,2026,4
CGKYIA,DOM,75,0,OW,2026,1
CGKYIA,DOM,76,0,OW,2025,10
CGKYIA,DOM,76,0,OW,2026,3
CGKYIA,DOM,77,0,OW,2026,3
CGKYIA,DOM,78,0,OW,2025,3
CGKYIA,DOM,79,0,OW,2025,7
CGKYIA,DOM,79,0,OW,2026,4
CGKYIA,DOM,80,0,OW,2025,1
CGKYIA,DOM,81,0,OW,2026,6
CGKYIA,DOM,82,0,OW,2025,7
CGKYIA,DOM,83,0,OW,2026,2
CGKYIA,DOM,84,0,OW,2025,4
CGKYIA,DOM,84,0,OW,2026,1
CGKYIA,DOM,85,0,OW,2025,4
CGKYIA,DOM,85,0,OW,2026,9
CGKYIA,DOM,86,0,OW,2025,9
CGKYIA,DOM,87,0,OW,2025,11
CGKYIA,DOM,87,0,OW,2026,1
CGKYIA,DOM,89,0,OW,2025,3
CGKYIA,DOM,89,0,OW,2026,6
CGKYIA,DOM,90,0,OW,2025,6
CGKYIA,DOM,93,0,OW,2025,1
CGKYIA,DOM,95,0,OW,2025,4
CGKYIA,DOM,96,0,OW,2025,4
CGKYIA,DOM,97,0,OW,2025,3
CGKYIA,DOM,98,0,OW,2025,1
CGKYIA,DOM,100,0,OW,2025,6
CGKYIA,DOM,101,0,OW,2025,1
CGKYIA,DOM,101,0,OW,2026,2
CGKYIA,DOM,103,0,OW,2025,2
CGKYIA,DOM,103,0,OW,2026,2
CGKYIA,DOM,107,0,OW,2026,2
CGKYIA,DOM,113,0,OW,2025,4
CGKYIA,DOM,113,0,OW,2026,1
CGKYIA,DOM,115,0,OW,2025,2
CGKYIA,DOM,117,0,OW,2026,6
CGKYIA,DOM,118,0,OW,2026,4
CGKYIA,DOM,119,0,OW,2025,1
CGKYIA,DOM,121,0,OW,2025,1
CGKYIA,DOM,122,0,OW,2026,2
CGKYIA,DOM,123,0,OW,2025,2
CGKYIA,DOM,123,0,OW,2026,1
CGKYIA,DOM,124,0,OW,2026,2
CGKYIA,DOM,125,0,OW,2026,1
CGKYIA,DOM,129,0,OW,2026,1
CGKYIA,DOM,131,0,OW,2025,4
CGKYIA,DOM,131,0,OW,2026,1
CGKYIA,DOM,132,0,OW,2026,2
CGKYIA,DOM,133,0,OW,2025,2
CGKYIA,DOM,135,0,OW,2025,3
CGKYIA,DOM,140,0,OW,2025,2
CGKYIA,DOM,141,0,OW,2025,2
CGKYIA,DOM,142,0,OW,2025,1
CGKYIA,DOM,146,0,OW,2026,1
CGKYIA,DOM,147,0,OW,2025,4
CGKYIA,DOM,147,0,OW,2026,4
CGKYIA,DOM,148,0,OW,2025,2
CGKYIA,DOM,149,0,OW,2025,4
CGKYIA,DOM,150,0,OW,2026,1
CGKYIA,DOM,152,0,OW,2025,2
CGKYIA,DOM,156,0,OW,2025,1
CGKYIA,DOM,156,0,OW,2026,1
CGKYIA,DOM,157,0,OW,2025,4
CGKYIA,DOM,158,0,OW,2025,2
CGKYIA,DOM,161,0,OW,2025,2
CGKYIA,DOM,162,0,OW,2025,1
CGKYIA,DOM,165,0,OW,2025,1
CGKYIA,DOM,167,0,OW,2026,4
CGKYIA,DOM,171,0,OW,2026,1
CGKYIA,DOM,175,0,OW,2025,1
CGKYIA,DOM,178,0,OW,2025,1
CGKYIA,DOM,181,0,OW,2025,1
CGKYIA,DOM,185,0,OW,2025,4
CGKYIA,DOM,186,0,OW,2025,4
CGKYIA,DOM,186,0,OW,2026,6
CGKYIA,DOM,190,0,OW,2026,1
CGKYIA,DOM,192,0,OW,2026,2
CGKYIA,DOM,193,0,OW,2025,3
CGKYIA,DOM,193,0,OW,2026,2
CGKYIA,DOM,197,0,OW,2025,3
CGKYIA,DOM,204,0,OW,2025,7
CGKYIA,DOM,204,0,OW,2026,2
CGKYIA,DOM,205,0,OW,2025,3
CGKYIA,DOM,206,0,OW,2025,7
CGKYIA,DOM,213,0,OW,2026,4
CGKYIA,DOM,214,0,OW,2025,1
CGKYIA,DOM,216,0,OW,2025,1
CGKYIA,DOM,217,0,OW,2025,1
CGKYIA,DOM,217,0,OW,2026,6
CGKYIA,DOM,218,0,OW,2025,1
CGKYIA,DOM,219,0,OW,2026,4
CGKYIACGK,DOM,0,1,RT,2025,1
CGKYIACGK,DOM,0,2,RT,2025,9
CGKYIACGK,DOM,0,2,RT,2026,6
CGKYIACGK,DOM,0,3,RT,2025,5
CGKYIACGK,DOM,0,3,RT,2026,4
CGKYIACGK,DOM,0,4,RT,2025,3
CGKYIACGK,DOM,0,4,RT,2026,1
CGKYIACGK,DOM,0,5,RT,2026,4
CGKYIACGK,DOM,0,6,RT,2026,6
CGKYIACGK,DOM,0,8,RT,2025,4
CGKYIACGK,DOM,0,8,RT,2026,1
CGKYIACGK,DOM,0,10,RT,2025,1
CGKYIACGK,DOM,0,14,RT,2025,1
CGKYIACGK,DOM,0,18,RT,2025,2
CGKYIACGK,DOM,0,25,RT,2026,3
CGKYIACGK,DOM,0,40,RT,2025,6
CGKYIACGK,DOM,1,1,RT,2025,8
CGKYIACGK,DOM,1,1,RT,2026,10
CGKYIACGK,DOM,1,2,RT,2025,4
CGKYIACGK,DOM,1,2,RT,2026,3
CGKYIACGK,DOM,1,4,RT,2025,1
CGKYIACGK,DOM,1,5,RT,2026,4
CGKYIACGK,DOM,1,7,RT,2025,16
CGKYIACGK,DOM,1,7,RT,2026,1
CGKYIACGK,DOM,1,8,RT,2025,13
CGKYIACGK,DOM,1,8,RT,2026,4
CGKYIACGK,DOM,1,10,RT,2026,1
CGKYIACGK,DOM,1,14,RT,2025,10
CGKYIACGK,DOM,1,18,RT,2025,1
CGKYIACGK,DOM,1,18,RT,2026,6
CGKYIACGK,DOM,1,40,RT,2025,1
CGKYIACGK,DOM,2,1,RT,2025,1
CGKYIACGK,DOM,2,2,RT,2025,3
CGKYIACGK,DOM,2,2,RT,2026,2
CGKYIACGK,DOM,2,3,RT,2025,4
CGKYIACGK,DOM,2,3,RT,2026,2
CGKYIACGK,DOM,2,4,RT,2026,2
CGKYIACGK,DOM,2,5,RT,2025,1
CGKYIACGK,DOM,2,5,RT,2026,4
CGKYIACGK,DOM,2,6,RT,2026,1
CGKYIACGK,DOM,2,7,RT,2025,10
CGKYIACGK,DOM,2,7,RT,2026,4
CGKYIACGK,DOM,2,8,RT,2025,11
CGKYIACGK,DOM,2,8,RT,2026,2
CGKYIACGK,DOM,2,14,RT,2025,2
CGKYIACGK,DOM,2,14,RT,2026,6
CGKYIACGK,DOM,2,18,RT,2025,1
CGKYIACGK,DOM,2,25,RT,2026,3
CGKYIACGK,DOM,2,40,RT,2025,1
CGKYIACGK,DOM,3,1,RT,2025,4
CGKYIACGK,DOM,3,1,RT,2026,5
CGKYIACGK,DOM,3,2,RT,2025,4
CGKYIACGK,DOM,3,2,RT,2026,8
CGKYIACGK,DOM,3,3,RT,2025,2
CGKYIACGK,DOM,3,3,RT,2026,3
CGKYIACGK,DOM,3,4,RT,2025,1
CGKYIACGK,DOM,3,4,RT,2026,5
CGKYIACGK,DOM,3,5,RT,2025,1
CGKYIACGK,DOM,3,5,RT,2026,3
CGKYIACGK,DOM,3,6,RT,2025,8
CGKYIACGK,DOM,3,6,RT,2026,8
CGKYIACGK,DOM,3,7,RT,2025,1
CGKYIACGK,DOM,3,7,RT,2026,1
CGKYIACGK,DOM,3,8,RT,2026,4
CGKYIACGK,DOM,3,10,RT,2025,2
CGKYIACGK,DOM,3,10,RT,2026,1
CGKYIACGK,DOM,3,12,RT,2026,3
CGKYIACGK,DOM,3,14,RT,2025,4
CGKYIACGK,DOM,3,18,RT,2025,12
CGKYIACGK,DOM,3,18,RT,2026,3
CGKYIACGK,DOM,3,25,RT,2026,1
CGKYIACGK,DOM,3,40,RT,2026,4
CGKYIACGK,DOM,4,1,RT,2025,12
CGKYIACGK,DOM,4,1,RT,2026,9
CGKYIACGK,DOM,4,2,RT,2026,1
CGKYIACGK,DOM,4,3,RT,2025,8
CGKYIACGK,DOM,4,3,RT,2026,13
CGKYIACGK,DOM,4,4,RT,2026,11
CGKYIACGK,DOM,4,5,RT,2025,10
CGKYIACGK,DOM,4,5,RT,2026,1
CGKYIACGK,DOM,4,6,RT,2025,2
CGKYIACGK,DOM,4,7,RT,2025,8
CGKYIACGK,DOM,4,7,RT,2026,1
CGKYIACGK,DOM,4,8,RT,2025,3
CGKYIACGK,DOM,4,10,RT,2025,4
CGKYIACGK,DOM,4,10,RT,2026,1
CGKYIACGK,DOM,4,12,RT,2025,3
CGKYIACGK,DOM,4,14,RT,2025,5
CGKYIACGK,DOM,4,18,RT,2025,10
CGKYIACGK,DOM,4,18,RT,2026,3
CGKYIACGK,DOM,5,1,RT,2025,5
CGKYIACGK,DOM,5,1,RT,2026,1
CGKYIACGK,DOM,5,2,RT,2025,4
CGKYIACGK,DOM,5,2,RT,2026,4
CGKYIACGK,DOM,5,3,RT,2025,6
CGKYIACGK,DOM,5,3,RT,2026,8
CGKYIACGK,DOM,5,4,RT,2025,4
CGKYIACGK,DOM,5,4,RT,2026,2
CGKYIACGK,DOM,5,5,RT,2025,5
CGKYIACGK,DOM,5,5,RT,2026,1
CGKYIACGK,DOM,5,6,RT,2025,1
CGKYIACGK,DOM,5,6,RT,2026,2
CGKYIACGK,DOM,5,7,RT,2025,4
CGKYIACGK,DOM,5,7,RT,2026,3
CGKYIACGK,DOM,5,8,RT,2025,11
CGKYIACGK,DOM,5,10,RT,2025,2
CGKYIACGK,DOM,5,10,RT,2026,6
CGKYIACGK,DOM,5,12,RT,2025,6
CGKYIACGK,DOM,5,12,RT,2026,7
CGKYIACGK,DOM,5,14,RT,2025,3
CGKYIACGK,DOM,5,14,RT,2026,1
CGKYIACGK,DOM,5,18,RT,2026,4
CGKYIACGK,DOM,5,25,RT,2025,2
CGKYIACGK,DOM,5,25,RT,2026,10
CGKYIACGK,DOM,5,40,RT,2026,1
CGKYIACGK,DOM,6,2,RT,2025,5
CGKYIACGK,DOM,6,2,RT,2026,2
CGKYIACGK,DOM,6,3,RT,2025,7
CGKYIACGK,DOM,6,5,RT,2025,2
CGKYIACGK,DOM,6,5,RT,2026,1
CGKYIACGK,DOM,6,6,RT,2025,2
CGKYIACGK,DOM,6,7,RT,2026,3
CGKYIACGK,DOM,6,8,RT,2025,2
CGKYIACGK,DOM,6,8,RT,2026,3
CGKYIACGK,DOM,6,10,RT,2025,7
CGKYIACGK,DOM,6,12,RT,2026,1
CGKYIACGK,DOM,6,14,RT,2026,5
CGKYIACGK,DOM,6,18,RT,2025,1
CGKYIACGK,DOM,6,25,RT,2025,6
CGKYIACGK,DOM,6,40,RT,2025,12
CGKYIACGK,DOM,6,40,RT,2026,1
CGKYIACGK,DOM,7,1,RT,2025,10
CGKYIACGK,DOM,7,1,RT,2026,5
CGKYIACGK,DOM,7,2,RT,2025,12
CGKYIACGK,DOM,7,2,RT,2026,5
CGKYIACGK,DOM,7,3,RT,2025,14
CGKYIACGK,DOM,7,3,RT,2026,9
CGKYIACGK,DOM,7,4,RT,2025,4
CGKYIACGK,DOM,7,5,RT,2025,2
CGKYIACGK,DOM,7,6,RT,2025,6
CGKYIACGK,DOM,7,6,RT,2026,1
CGKYIACGK,DOM,7,7,RT,2025,1
CGKYIACGK,DOM,7,7,RT,2026,1
CGKYIACGK,DOM,7,8,RT,2026,6
CGKYIACGK,DOM,7,12,RT,2025,1
CGKYIACGK,DOM,7,14,RT,2025,2
CGKYIACGK,DOM,7,14,RT,2026,5
CGKYIACGK,DOM,7,18,RT,2025,1
CGKYIACGK,DOM,7,18,RT,2026,2
CGKYIACGK,DOM,7,25,RT,2025,6
CGKYIACGK,DOM,7,25,RT,2026,5
CGKYIACGK,DOM,7,40,RT,2025,1
CGKYIACGK,DOM,7,40,RT,2026,1
CGKYIACGK,DOM,8,1,RT,2025,1
CGKYIACGK,DOM,8,1,RT,2026,1
CGKYIACGK,DOM,8,2,RT,2025,1
CGKYIACGK,DOM,8,2,RT,2026,1
CGKYIACGK,DOM,8,5,RT,2026,2
CGKYIACGK,DOM,8,7,RT,2025,3
CGKYIACGK,DOM,8,7,RT,2026,3
CGKYIACGK,DOM,9,2,RT,2025,2
CGKYIACGK,DOM,9,2,RT,2026,4
CGKYIACGK,DOM,9,3,RT,2025,5
CGKYIACGK,DOM,9,3,RT,2026,6
CGKYIACGK,DOM,9,4,RT,2026,2
CGKYIACGK,DOM,9,5,RT,2025,3
CGKYIACGK,DOM,9,5,RT,2026,1
CGKYIACGK,DOM,9,6,RT,2025,2
CGKYIACGK,DOM,9,7,RT,2025,3
CGKYIACGK,DOM,9,8,RT,2025,7
CGKYIACGK,DOM,9,14,RT,2025,3
CGKYIACGK,DOM,9,18,RT,2025,4
CGKYIACGK,DOM,9,25,RT,2026,1
CGKYIACGK,DOM,9,40,RT,2026,2
CGKYIACGK,DOM,10,1,RT,2026,9
CGKYIACGK,DOM,10,2,RT,2026,5
CGKYIACGK,DOM,10,3,RT,2025,3
CGKYIACGK,DOM,10,4,RT,2025,3
CGKYIACGK,DOM,10,4,RT,2026,1
CGKYIACGK,DOM,10,7,RT,2026,1
CGKYIACGK,DOM,10,14,RT,2026,8
CGKYIACGK,DOM,10,40,RT,2025,5
CGKYIACGK,DOM,11,1,RT,2026,5
CGKYIACGK,DOM,11,2,RT,2025,6
CGKYIACGK,DOM,11,2,RT,2026,5
CGKYIACGK,DOM,11,3,RT,2025,6
CGKYIACGK,DOM,11,3,RT,2026,2
CGKYIACGK,DOM,11,4,RT,2026,1
CGKYIACGK,DOM,11,5,RT,2025,2
CGKYIACGK,DOM,11,6,RT,2025,1
CGKYIACGK,DOM,11,6,RT,2026,3
CGKYIACGK,DOM,11,7,RT,2025,3
CGKYIACGK,DOM,11,7,RT,2026,1
CGKYIACGK,DOM,11,10,RT,2025,2
CGKYIACGK,DOM,11,12,RT,2025,2
CGKYIACGK,DOM,11,12,RT,2026,2
CGKYIACGK,DOM,11,14,RT,2025,7
CGKYIACGK,DOM,11,25,RT,2025,10
CGKYIACGK,DOM,12,1,RT,2025,6
CGKYIACGK,DOM,12,2,RT,2025,2
CGKYIACGK,DOM,12,4,RT,2026,1
CGKYIACGK,DOM,12,5,RT,2025,3
CGKYIACGK,DOM,12,5,RT,2026,1
CGKYIACGK,DOM,12,7,RT,2025,2
CGKYIACGK,DOM,13,1,RT,2026,1
CGKYIACGK,DOM,13,2,RT,2025,1
CGKYIACGK,DOM,13,5,RT,2025,1
CGKYIACGK,DOM,13,5,RT,2026,6
CGKYIACGK,DOM,13,7,RT,2025,1
CGKYIACGK,DOM,13,7,RT,2026,1
CGKYIACGK,DOM,13,8,RT,2025,6
CGKYIACGK,DOM,13,8,RT,2026,3
CGKYIACGK,DOM,13,10,RT,2025,1
CGKYIACGK,DOM,13,12,RT,2026,5
CGKYIACGK,DOM,13,14,RT,2025,3
CGKYIACGK,DOM,13,25,RT,2026,2
CGKYIACGK,DOM,13,40,RT,2026,5
CGKYIACGK,DOM,14,1,RT,2025,4
CGKYIACGK,DOM,14,1,RT,2026,7
CGKYIACGK,DOM,14,8,RT,2026,4
CGKYIACGK,DOM,14,10,RT,2025,6
CGKYIACGK,DOM,14,10,RT,2026,2
CGKYIACGK,DOM,14,12,RT,2025,1
CGKYIACGK,DOM,14,14,RT,2026,1
CGKYIACGK,DOM,14,25,RT,2025,11
CGKYIACGK,DOM,14,40,RT,2025,5
CGKYIACGK,DOM,15,1,RT,2026,1
CGKYIACGK,DOM,15,2,RT,2025,1
CGKYIACGK,DOM,15,2,RT,2026,4
CGKYIACGK,DOM,15,3,RT,2025,1
CGKYIACGK,DOM,15,6,RT,2026,1
CGKYIACGK,DOM,15,8,RT,2025,2
CGKYIACGK,DOM,15,8,RT,2026,1
CGKYIACGK,DOM,15,12,RT,2026,3
CGKYIACGK,DOM,15,18,RT,2025,1
CGKYIACGK,DOM,15,25,RT,2025,2
CGKYIACGK,DOM,15,40,RT,2026,3
CGKYIACGK,DOM,16,1,RT,2025,2
CGKYIACGK,DOM,16,1,RT,2026,3
CGKYIACGK,DOM,16,2,RT,2025,8
CGKYIACGK,DOM,16,3,RT,2025,14
CGKYIACGK,DOM,16,3,RT,2026,2
CGKYIACGK,DOM,16,4,RT,2026,7
CGKYIACGK,DOM,16,5,RT,2025,4
CGKYIACGK,DOM,16,7,RT,2026,1
CGKYIACGK,DOM,16,8,RT,2025,1
CGKYIACGK,DOM,16,8,RT,2026,6
CGKYIACGK,DOM,16,10,RT,2026,6
CGKYIACGK,DOM,16,14,RT,2025,3
CGKYIACGK,DOM,16,14,RT,2026,2
CGKYIACGK,DOM,16,18,RT,2025,2
CGKYIACGK,DOM,16,18,RT,2026,6
CGKYIACGK,DOM,17,1,RT,2025,6
CGKYIACGK,DOM,17,2,RT,2025,4
CGKYIACGK,DOM,17,3,RT,2025,1
CGKYIACGK,DOM,17,4,RT,2026,6
CGKYIACGK,DOM,17,5,RT,2025,1
CGKYIACGK,DOM,17,6,RT,2025,1
CGKYIACGK,DOM,17,6,RT,2026,2
CGKYIACGK,DOM,17,8,RT,2025,4
CGKYIACGK,DOM,17,10,RT,2025,5
CGKYIACGK,DOM,17,12,RT,2026,2
CGKYIACGK,DOM,17,14,RT,2026,1
CGKYIACGK,DOM,17,18,RT,2025,4
CGKYIACGK,DOM,17,40,RT,2025,10
CGKYIACGK,DOM,18,1,RT,2025,4
CGKYIACGK,DOM,18,1,RT,2026,4
CGKYIACGK,DOM,18,2,RT,2025,4
CGKYIACGK,DOM,18,2,RT,2026,5
CGKYIACGK,DOM,18,4,RT,2026,1
CGKYIACGK,DOM,18,5,RT,2025,8
CGKYIACGK,DOM,18,7,RT,2025,3
CGKYIACGK,DOM,18,7,RT,2026,2
CGKYIACGK,DOM,18,8,RT,2025,4
CGKYIACGK,DOM,18,14,RT,2025,2
CGKYIACGK,DOM,18,14,RT,2026,2
CGKYIACGK,DOM,19,1,RT,2025,3
CGKYIACGK,DOM,19,2,RT,2026,6
CGKYIACGK,DOM,19,3,RT,2025,1
CGKYIACGK,DOM,19,4,RT,2026,2
CGKYIACGK,DOM,19,5,RT,2026,11
CGKYIACGK,DOM,19,6,RT,2025,7
CGKYIACGK,DOM,19,12,RT,2025,3
CGKYIACGK,DOM,19,12,RT,2026,2
CGKYIACGK,DOM,19,14,RT,2025,1
CGKYIACGK,DOM,19,18,RT,2025,2
CGKYIACGK,DOM,19,40,RT,2025,1
CGKYIACGK,DOM,20,1,RT,2026,5
CGKYIACGK,DOM,20,2,RT,2025,8
CGKYIACGK,DOM,20,2,RT,2026,6
CGKYIACGK,DOM,20,3,RT,2025,4
CGKYIACGK,DOM,20,4,RT,2025,3
CGKYIACGK,DOM,20,5,RT,2026,1
CGKYIACGK,DOM,20,7,RT,2025,1
CGKYIACGK,DOM,20,8,RT,2026,12
CGKYIACGK,DOM,20,10,RT,2025,2
CGKYIACGK,DOM,20,10,RT,2026,5
CGKYIACGK,DOM,20,14,RT,2026,6
CGKYIACGK,DOM,20,25,RT,2025,9
CGKYIACGK,DOM,20,40,RT,2025,1
CGKYIACGK,DOM,21,1,RT,2025,1
CGKYIACGK,DOM,21,2,RT,2026,10
CGKYIACGK,DOM,21,4,RT,2026,1
CGKYIACGK,DOM,21,14,RT,2025,7
CGKYIACGK,DOM,21,14,RT,2026,2
CGKYIACGK,DOM,21,25,RT,2026,1
CGKYIACGK,DOM,22,1,RT,2025,4
CGKYIACGK,DOM,22,1,RT,2026,3
CGKYIACGK,DOM,22,2,RT,2026,2
CGKYIACGK,DOM,22,4,RT,2025,6
CGKYIACGK,DOM,22,5,RT,2025,1
CGKYIACGK,DOM,22,6,RT,2026,2
CGKYIACGK,DOM,22,7,RT,2025,1
CGKYIACGK,DOM,22,7,RT,2026,3
CGKYIACGK,DOM,22,8,RT,2025,3
CGKYIACGK,DOM,22,10,RT,2026,1
CGKYIACGK,DOM,22,12,RT,2026,1
CGKYIACGK,DOM,22,14,RT,2025,6
CGKYIACGK,DOM,22,14,RT,2026,4
CGKYIACGK,DOM,22,18,RT,2025,1
CGKYIACGK,DOM,22,40,RT,2025,6
CGKYIACGK,DOM,23,1,RT,2025,4
CGKYIACGK,DOM,23,1,RT,2026,2
CGKYIACGK,DOM,23,2,RT,2025,5
CGKYIACGK,DOM,23,3,RT,2025,7
CGKYIACGK,DOM,23,3,RT,2026,1
CGKYIACGK,DOM,23,4,RT,2025,1
CGKYIACGK,DOM,23,5,RT,2026,1
CGKYIACGK,DOM,23,7,RT,2026,6
CGKYIACGK,DOM,23,12,RT,2026,1
CGKYIACGK,DOM,23,14,RT,2025,8
CGKYIACGK,DOM,23,14,RT,2026,2
CGKYIACGK,DOM,23,18,RT,2025,2
CGKYIACGK,DOM,23,18,RT,2026,2
CGKYIACGK,DOM,23,25,RT,2025,2
CGKYIACGK,DOM,24,1,RT,2026,3
CGKYIACGK,DOM,24,2,RT,2025,2
CGKYIACGK,DOM,24,2,RT,2026,2
CGKYIACGK,DOM,24,3,RT,2025,2
CGKYIACGK,DOM,24,4,RT,2025,3
CGKYIACGK,DOM,24,5,RT,2026,11
CGKYIACGK,DOM,24,6,RT,2025,1
CGKYIACGK,DOM,24,6,RT,2026,3
CGKYIACGK,DOM,24,7,RT,2026,2
CGKYIACGK,DOM,24,8,RT,2025,2
CGKYIACGK,DOM,24,12,RT,2026,3
CGKYIACGK,DOM,24,14,RT,2026,4
CGKYIACGK,DOM,24,18,RT,2026,2
CGKYIACGK,DOM,24,25,RT,2025,7
CGKYIACGK,DOM,24,25,RT,2026,1
CGKYIACGK,DOM,24,40,RT,2025,2
CGKYIACGK,DOM,25,1,RT,2025,2
CGKYIACGK,DOM,25,1,RT,2026,3
CGKYIACGK,DOM,25,2,RT,2025,7
CGKYIACGK,DOM,25,4,RT,2025,2
CGKYIACGK,DOM,25,4,RT,2026,1
CGKYIACGK,DOM,25,6,RT,2025,3
CGKYIACGK,DOM,25,6,RT,2026,5
CGKYIACGK,DOM,25,7,RT,2025,2
CGKYIACGK,DOM,25,10,RT,2026,1
CGKYIACGK,DOM,25,25,RT,2025,1
CGKYIACGK,DOM,25,40,RT,2025,10
CGKYIACGK,DOM,26,1,RT,2025,5
CGKYIACGK,DOM,26,1,RT,2026,1
CGKYIACGK,DOM,26,2,RT,2026,3
CGKYIACGK,DOM,26,3,RT,2025,3
CGKYIACGK,DOM,26,3,RT,2026,3
CGKYIACGK,DOM,26,5,RT,2026,6
CGKYIACGK,DOM,26,6,RT,2026,4
CGKYIACGK,DOM,26,7,RT,2025,1
CGKYIACGK,DOM,26,7,RT,2026,5
CGKYIACGK,DOM,26,8,RT,2025,3
CGKYIACGK,DOM,26,8,RT,2026,1
CGKYIACGK,DOM,26,10,RT,2025,1
CGKYIACGK,DOM,26,10,RT,2026,6
CGKYIACGK,DOM,26,14,RT,2026,2
CGKYIACGK,DOM,26,18,RT,2025,6
CGKYIACGK,DOM,26,25,RT,2026,7
CGKYIACGK,DOM,27,1,RT,2025,6
CGKYIACGK,DOM,27,1,RT,2026,3
CGKYIACGK,DOM,27,2,RT,2025,1
CGKYIACGK,DOM,27,2,RT,2026,2
CGKYIACGK,DOM,27,4,RT,2026,9
CGKYIACGK,DOM,27,6,RT,2025,1
CGKYIACGK,DOM,27,6,RT,2026,1
CGKYIACGK,DOM,27,10,RT,2025,1
CGKYIACGK,DOM,27,10,RT,2026,4
CGKYIACGK,DOM,27,12,RT,2025,1
CGKYIACGK,DOM,27,18,RT,2025,1
CGKYIACGK,DOM,27,25,RT,2025,1
CGKYIACGK,DOM,27,25,RT,2026,1
CGKYIACGK,DOM,27,40,RT,2025,6
CGKYIACGK,DOM,28,1,RT,2025,1
CGKYIACGK,DOM,28,2,RT,2025,7
CGKYIACGK,DOM,28,2,RT,2026,2
CGKYIACGK,DOM,28,4,RT,2025,4
CGKYIACGK,DOM,28,4,RT,2026,2
CGKYIACGK,DOM,28,5,RT,2025,1
CGKYIACGK,DOM,28,5,RT,2026,2
CGKYIACGK,DOM,28,6,RT,2025,1
CGKYIACGK,DOM,28,6,RT,2026,3
CGKYIACGK,DOM,28,7,RT,2026,1
CGKYIACGK,DOM,28,8,RT,2025,1
CGKYIACGK,DOM,28,10,RT,2025,1
CGKYIACGK,DOM,28,10,RT,2026,7
CGKYIACGK,DOM,28,12,RT,2025,4
CGKYIACGK,DOM,28,14,RT,2025,4
CGKYIACGK,DOM,28,18,RT,2025,2
CGKYIACGK,DOM,28,18,RT,2026,1
CGKYIACGK,DOM,28,40,RT,2025,2
CGKYIACGK,DOM,29,1,RT,2025,3
CGKYIACGK,DOM,29,1,RT,2026,2
CGKYIACGK,DOM,29,2,RT,2026,1
CGKYIACGK,DOM,29,3,RT,2026,7
CGKYIACGK,DOM,29,4,RT,2025,2
CGKYIACGK,DOM,29,4,RT,2026,2
CGKYIACGK,DOM,29,6,RT,2025,6
CGKYIACGK,DOM,29,6,RT,2026,5
CGKYIACGK,DOM,29,7,RT,2025,1
CGKYIACGK,DOM,29,10,RT,2025,2
CGKYIACGK,DOM,29,14,RT,2025,3
CGKYIACGK,DOM,29,14,RT,2026,2
CGKYIACGK,DOM,29,18,RT,2026,3
CGKYIACGK,DOM,29,40,RT,2025,2
CGKYIACGK,DOM,30,1,RT,2025,7
CGKYIACGK,DOM,30,1,RT,2026,7
CGKYIACGK,DOM,30,2,RT,2025,6
CGKYIACGK,DOM,30,2,RT,2026,7
CGKYIACGK,DOM,30,3,RT,2025,1
CGKYIACGK,DOM,30,3,RT,2026,1
CGKYIACGK,DOM,30,5,RT,2025,6
CGKYIACGK,DOM,30,5,RT,2026,2
CGKYIACGK,DOM,30,6,RT,2025,3
CGKYIACGK,DOM,30,7,RT,2025,2
CGKYIACGK,DOM,30,8,RT,2025,7
CGKYIACGK,DOM,30,10,RT,2025,1
CGKYIACGK,DOM,30,12,RT,2025,6
CGKYIACGK,DOM,30,14,RT,2025,6
CGKYIACGK,DOM,30,18,RT,2026,1
CGKYIACGK,DOM,30,25,RT,2025,3
CGKYIACGK,DOM,30,40,RT,2025,4
CGKYIACGK,DOM,31,1,RT,2025,2
CGKYIACGK,DOM,31,1,RT,2026,2
CGKYIACGK,DOM,31,18,RT,2025,8
CGKYIACGK,DOM,32,3,RT,2026,3
CGKYIACGK,DOM,32,25,RT,2026,3
CGKYIACGK,DOM,33,3,RT,2025,3
CGKYIACGK,DOM,33,7,RT,2025,6
CGKYIACGK,DOM,33,8,RT,2025,2
CGKYIACGK,DOM,33,18,RT,2026,2
CGKYIACGK,DOM,33,25,RT,2026,1
CGKYIACGK,DOM,34,6,RT,2026,2
CGKYIACGK,DOM,34,14,RT,2026,1
CGKYIACGK,DOM,35,1,RT,2026,4
CGKYIACGK,DOM,36,2,RT,2025,3
CGKYIACGK,DOM,36,2,RT,2026,3
CGKYIACGK,DOM,36,5,RT,2026,1
CGKYIACGK,DOM,36,6,RT,2026,1
CGKYIACGK,DOM,36,10,RT,2026,1
CGKYIACGK,DOM,37,1,RT,2026,6
CGKYIACGK,DOM,37,3,RT,2025,3
CGKYIACGK,DOM,37,14,RT,2025,2
CGKYIACGK,DOM,37,18,RT,2025,2
CGKYIACGK,DOM,37,40,RT,2025,1
CGKYIACGK,DOM,38,3,RT,2025,1
CGKYIACGK,DOM,38,4,RT,2025,1
CGKYIACGK,DOM,38,7,RT,2026,1
CGKYIACGK,DOM,38,8,RT,2025,5
CGKYIACGK,DOM,38,12,RT,2025,2
CGKYIACGK,DOM,39,2,RT,2025,1
CGKYIACGK,DOM,39,3,RT,2025,2
CGKYIACGK,DOM,39,6,RT,2025,6
CGKYIACGK,DOM,39,14,RT,2026,2
CGKYIACGK,DOM,39,25,RT,2026,6
CGKYIACGK,DOM,40,1,RT,2025,6
CGKYIACGK,DOM,40,2,RT,2025,3
CGKYIACGK,DOM,40,3,RT,2025,6
CGKYIACGK,DOM,40,3,RT,2026,4
CGKYIACGK,DOM,40,8,RT,2026,2
CGKYIACGK,DOM,41,3,RT,2025,5
CGKYIACGK,DOM,41,3,RT,2026,2
CGKYIACGK,DOM,41,4,RT,2025,1
CGKYIACGK,DOM,41,14,RT,2025,6
CGKYIACGK,DOM,42,1,RT,2026,6
CGKYIACGK,DOM,42,3,RT,2026,3
CGKYIACGK,DOM,42,6,RT,2025,1
CGKYIACGK,DOM,43,1,RT,2025,6
CGKYIACGK,DOM,43,1,RT,2026,4
CGKYIACGK,DOM,43,5,RT,2025,5
CGKYIACGK,DOM,43,10,RT,2025,3
CGKYIACGK,DOM,43,12,RT,2025,1
CGKYIACGK,DOM,44,1,RT,2025,2
CGKYIACGK,DOM,44,3,RT,2026,1
CGKYIACGK,DOM,44,4,RT,2025,1
CGKYIACGK,DOM,45,1,RT,2026,6
CGKYIACGK,DOM,45,7,RT,2026,1
CGKYIACGK,DOM,45,8,RT,2026,2
CGKYIACGK,DOM,46,2,RT,2025,2
CGKYIACGK,DOM,46,2,RT,2026,2
CGKYIACGK,DOM,46,14,RT,2026,3
CGKYIACGK,DOM,47,6,RT,2026,5
CGKYIACGK,DOM,47,18,RT,2026,2
CGKYIACGK,DOM,48,3,RT,2026,3
CGKYIACGK,DOM,48,6,RT,2025,4
CGKYIACGK,DOM,49,3,RT,2026,2
CGKYIACGK,DOM,49,8,RT,2025,3
CGKYIACGK,DOM,50,4,RT,2026,2
CGKYIACGK,DOM,50,7,RT,2026,1
CGKYIACGK,DOM,50,10,RT,2026,1
CGKYIACGK,DOM,51,2,RT,2025,6
CGKYIACGK,DOM,51,4,RT,2026,3
CGKYIACGK,DOM,51,5,RT,2026,1
CGKYIACGK,DOM,51,12,RT,2025,1
CGKYIACGK,DOM,51,14,RT,2025,4
CGKYIACGK,DOM,52,3,RT,2026,1
CGKYIACGK,DOM,53,18,RT,2026,2
CGKYIACGK,DOM,53,25,RT,2026,1
CGKYIACGK,DOM,55,6,RT,2025,1
CGKYIACGK,DOM,55,7,RT,2026,1
CGKYIACGK,DOM,55,40,RT,2025,1
CGKYIACGK,DOM,56,2,RT,2025,1
CGKYIACGK,DOM,56,8,RT,2025,1
CGKYIACGK,DOM,57,1,RT,2026,2
CGKYIACGK,DOM,57,3,RT,2025,1
CGKYIACGK,DOM,57,4,RT,2026,3
CGKYIACGK,DOM,57,14,RT,2025,3
CGKYIACGK,DOM,58,1,RT,2025,2
CGKYIACGK,DOM,58,2,RT,2025,2
CGKYIACGK,DOM,58,2,RT,2026,1
CGKYIACGK,DOM,58,7,RT,2025,2
CGKYIACGK,DOM,58,7,RT,2026,1
CGKYIACGK,DOM,59,5,RT,2026,4
CGKYIACGK,DOM,59,6,RT,2025,2
CGKYIACGK,DOM,59,8,RT,2025,3
CGKYIACGK,DOM,59,12,RT,2025,1
CGKYIACGK,DOM,60,4,RT,2026,1
CGKYIACGK,DOM,60,14,RT,2026,3
CGKYIACGK,DOM,61,2,RT,2025,1
CGKYIACGK,DOM,61,25,RT,2025,1
CGKYIACGK,DOM,62,1,RT,2025,1
CGKYIACGK,DOM,62,10,RT,2026,1
CGKYIACGK,DOM,62,18,RT,2025,9
CGKYIACGK,DOM,62,25,RT,2026,2
CGKYIACGK,DOM,63,1,RT,2025,1
CGKYIACGK,DOM,63,12,RT,2026,3
CGKYIACGK,DOM,63,25,RT,2026,2
CGKYIACGK,DOM,64,2,RT,2025,4
CGKYIACGK,DOM,64,3,RT,2025,7
CGKYIACGK,DOM,64,3,RT,2026,4
CGKYIACGK,DOM,64,6,RT,2025,2
CGKYIACGK,DOM,65,14,RT,2026,2
CGKYIACGK,DOM,66,3,RT,2025,2
CGKYIACGK,DOM,66,4,RT,2026,3
CGKYIACGK,DOM,66,10,RT,2026,3
CGKYIACGK,DOM,66,12,RT,2025,1
CGKYIACGK,DOM,67,3,RT,2025,2
CGKYIACGK,DOM,67,6,RT,2025,2
CGKYIACGK,DOM,67,18,RT,2025,1
CGKYIACGK,DOM,68,2,RT,2025,2
CGKYIACGK,DOM,68,4,RT,2025,3
CGKYIACGK,DOM,68,6,RT,2025,3
CGKYIACGK,DOM,68,7,RT,2026,5
CGKYIACGK,DOM,69,2,RT,2026,6
CGKYIACGK,DOM,69,3,RT,2025,1
CGKYIACGK,DOM,69,18,RT,2025,2
CGKYIACGK,DOM,70,2,RT,2026,3
CGKYIACGK,DOM,70,5,RT,2025,1
CGKYIACGK,DOM,70,10,RT,2025,2
CGKYIACGK,DOM,70,12,RT,2026,4
CGKYIACGK,DOM,71,2,RT,2025,4
CGKYIACGK,DOM,71,3,RT,2025,3
CGKYIACGK,DOM,71,12,RT,2025,3
CGKYIACGK,DOM,72,18,RT,2025,1
CGKYIACGK,DOM,73,1,RT,2025,4
CGKYIACGK,DOM,73,2,RT,2026,2
CGKYIACGK,DOM,73,8,RT,2025,3
CGKYIACGK,DOM,73,14,RT,2025,3
CGKYIACGK,DOM,73,14,RT,2026,4
CGKYIACGK,DOM,74,2,RT,2026,3
CGKYIACGK,DOM,74,4,RT,2025,6
CGKYIACGK,DOM,74,6,RT,2026,2
CGKYIACGK,DOM,74,8,RT,2026,2
CGKYIACGK,DOM,74,18,RT,2026,4
CGKYIACGK,DOM,75,2,RT,2026,7
CGKYIACGK,DOM,75,4,RT,2025,2
CGKYIACGK,DOM,76,4,RT,2025,1
CGKYIACGK,DOM,76,6,RT,2025,3
CGKYIACGK,DOM,76,12,RT,2025,1
CGKYIACGK,DOM,76,14,RT,2025,4
CGKYIACGK,DOM,77,1,RT,2026,4
CGKYIACGK,DOM,77,5,RT,2025,1
CGKYIACGK,DOM,77,25,RT,2026,3
CGKYIACGK,DOM,78,3,RT,2025,4
CGKYIACGK,DOM,78,12,RT,2025,1
CGKYIACGK,DOM,79,3,RT,2026,1
CGKYIACGK,DOM,79,6,RT,2025,1
CGKYIACGK,DOM,79,10,RT,2025,6
CGKYIACGK,DOM,79,14,RT,2025,1
CGKYIACGK,DOM,80,3,RT,2025,1
CGKYIACGK,DOM,80,7,RT,2025,3
CGKYIACGK,DOM,80,12,RT,2026,2
CGKYIACGK,DOM,81,1,RT,2025,5
CGKYIACGK,DOM,81,3,RT,2025,2
CGKYIACGK,DOM,81,3,RT,2026,6
CGKYIACGK,DOM,81,8,RT,2025,3
CGKYIACGK,DOM,81,10,RT,2025,1
CGKYIACGK,DOM,82,3,RT,2025,2
CGKYIACGK,DOM,82,4,RT,2026,5
CGKYIACGK,DOM,82,7,RT,2026,5
CGKYIACGK,DOM,82,18,RT,2025,3
CGKYIACGK,DOM,83,7,RT,2026,2
CGKYIACGK,DOM,83,8,RT,2025,6
CGKYIACGK,DOM,83,14,RT,2025,2
CGKYIACGK,DOM,84,7,RT,2025,5
CGKYIACGK,DOM,84,8,RT,2026,6
CGKYIACGK,DOM,84,25,RT,2025,8
CGKYIACGK,DOM,85,1,RT,2025,1
CGKYIACGK,DOM,85,5,RT,2026,6
CGKYIACGK,DOM,85,25,RT,2025,1
CGKYIACGK,DOM,86,1,RT,2025,6
CGKYIACGK,DOM,86,3,RT,2025,1
CGKYIACGK,DOM,86,10,RT,2025,2
CGKYIACGK,DOM,86,14,RT,2025,1
CGKYIACGK,DOM,87,2,RT,2026,2
CGKYIACGK,DOM,87,10,RT,2025,1
CGKYIACGK,DOM,88,2,RT,2025,1
CGKYIACGK,DOM,88,2,RT,2026,2
CGKYIACGK,DOM,88,25,RT,2025,1
CGKYIACGK,DOM,88,40,RT,2025,5
CGKYIACGK,DOM,89,1,RT,2025,1
CGKYIACGK,DOM,89,3,RT,2026,2
CGKYIACGK,DOM,89,6,RT,2026,2
CGKYIACGK,DOM,89,8,RT,2025,3
CGKYIACGK,DOM,89,18,RT,2025,5
CGKYIACGK,DOM,89,25,RT,2025,1
CGKYIACGK,DOM,89,25,RT,2026,2
CGKYIACGK,DOM,90,1,RT,2025,3
CGKYIACGK,DOM,90,2,RT,2025,1
CGKYIACGK,DOM,90,5,RT,2026,1
CGKYIACGK,DOM,90,6,RT,2026,1
CGKYIACGK,DOM,90,25,RT,2025,4
CGKYIACGK,DOM,90,40,RT,2025,6
CGKYIACGK,DOM,92,12,RT,2026,1
CGKYIACGK,DOM,94,1,RT,2026,3
CGKYIACGK,DOM,94,10,RT,2025,1
CGKYIACGK,DOM,95,2,RT,2025,3
CGKYIACGK,DOM,96,8,RT,2025,2
CGKYIACGK,DOM,97,12,RT,2025,1
CGKYIACGK,DOM,98,18,RT,2025,1
CGKYIACGK,DOM,99,1,RT,2026,1
CGKYIACGK,DOM,104,3,RT,2026,1
CGKYIACGK,DOM,105,3,RT,2026,3
CGKYIACGK,DOM,106,1,RT,2026,1
CGKYIACGK,DOM,107,7,RT,2025,6
CGKYIACGK,DOM,108,3,RT,2025,1
CGKYIACGK,DOM,108,6,RT,2025,1
CGKYIACGK,DOM,109,12,RT,2025,1
CGKYIACGK,DOM,112,2,RT,2025,5
CGKYIACGK,DOM,113,14,RT,2025,2
CGKYIACGK,DOM,116,5,RT,2026,2
CGKYIACGK,DOM,118,5,RT,2025,1
CGKYIACGK,DOM,119,1,RT,2025,1
CGKYIACGK,DOM,121,1,RT,2026,4
CGKYIACGK,DOM,123,1,RT,2026,2
CGKYIACGK,DOM,126,3,RT,2026,2
CGKYIACGK,DOM,127,1,RT,2025,2
CGKYIACGK,DOM,129,1,RT,2026,1
CGKYIACGK,DOM,130,3,RT,2026,2
CGKYIACGK,DOM,134,2,RT,2025,1
CGKYIACGK,DOM,135,3,RT,2026,1
CGKYIACGK,DOM,135,6,RT,2025,1
CGKYIACGK,DOM,136,2,RT,2026,2
CGKYIACGK,DOM,137,6,RT,2025,1
CGKYIACGK,DOM,137,8,RT,2025,1
CGKYIACGK,DOM,138,12,RT,2025,2
CGKYIACGK,DOM,139,5,RT,2025,1
CGKYIACGK,DOM,140,14,RT,2025,1
CGKYIACGK,DOM,140,18,RT,2026,1
CGKYIACGK,DOM,141,14,RT,2025,1
CGKYIACGK,DOM,143,6,RT,2026,3
CGKYIACGK,DOM,143,25,RT,2025,6
CGKYIACGK,DOM,145,25,RT,2025,3
CGKYIACGK,DOM,152,1,RT,2025,4
CGKYIACGK,DOM,157,2,RT,2026,2
CGKYIACGK,DOM,158,5,RT,2026,1
CGKYIACGK,DOM,159,12,RT,2025,1
CGKYIACGK,DOM,163,5,RT,2025,2
CGKYIACGK,DOM,163,8,RT,2025,2
CGKYIACGK,DOM,163,25,RT,2026,4
CGKYIACGK,DOM,169,18,RT,2026,2
CGKYIACGK,DOM,170,12,RT,2026,1
CGKYIACGK,DOM,171,5,RT,2025,1
CGKYIACGK,DOM,174,14,RT,2025,1
CGKYIACGK,DOM,177,2,RT,2026,2
CGKYIACGK,DOM,180,4,RT,2026,1
CGKYIACGK,DOM,182,2,RT,2025,5
CGKYIACGK,DOM,185,3,RT,2026,2
CGKYIACGK,DOM,186,12,RT,2025,2
CGKYIACGK,DOM,187,5,RT,2026,3
CGKYIACGK,DOM,187,6,RT,2025,1
CGKYIACGK,DOM,188,10,RT,2025,2
CGKYIACGK,DOM,195,2,RT,2025,2
CGKYIACGK,DOM,198,6,RT,2026,3
CGKYIACGK,DOM,198,14,RT,2025,1
CGKYIACGK,DOM,198,25,RT,2025,1
CGKYIACGK,DOM,201,2,RT,2025,6
CGKYIACGK,DOM,201,3,RT,2026,6
CGKYIACGK,DOM,201,12,RT,2025,1
CGKYIACGK,DOM,202,3,RT,2025,1
CGKYIACGK,DOM,205,3,RT,2026,1
CGKYIACGK,DOM,207,40,RT,2025,3
CGKYIACGK,DOM,208,2,RT,2026,2
CGKYIACGK,DOM,209,7,RT,2026,1
CGKYIACGK,DOM,209,18,RT,2025,2
CGKYIACGK,DOM,216,6,RT,2025,2
CGKYIACGK,DOM,218,14,RT,2025,1
CGKYIACGK,DOM,219,40,RT,2025,5
